case_id,declared_salary,declared_emi,slip_salary,bank_salary_average,bank_emi_total,employer_match_score,slip_extraction_confidence,missing_document_count,missing_field_count,low_confidence_count,extraction_failure_count,consistency_category
SYN_0001,58321.8,8106.65,58321.8,58321.8,8106.65,1,0.95,0,0,0,0,CONSISTENT
SYN_0002,79783.53,25255.0,79783.53,79783.53,25255.0,1,0.95,0,0,0,0,CONSISTENT
SYN_0003,66286.83,9668.01,66286.83,66286.83,17443.43,1,0.95,0,0,0,0,EMI_MISMATCH
SYN_0004,67122.45,13960.55,67122.45,39425.63,13960.55,1,0.95,0,0,0,0,SALARY_MISMATCH
SYN_0005,68579.31,13139.14,68579.31,68579.31,25701.08,1,0.95,0,0,0,0,EMI_MISMATCH
SYN_0006,63863.9,9574.38,63863.9,63863.9,9574.38,0,0.95,0,0,0,0,EMPLOYMENT_MISMATCH
SYN_0007,66834.26,16834.63,66834.26,36836.19,16834.63,1,0.95,0,0,0,0,SALARY_MISMATCH
SYN_0008,76663.84,25852.69,76663.84,76663.84,25852.69,1,0.95,0,0,0,0,CONSISTENT
SYN_0009,65996.19,8211.12,65996.19,65996.19,8211.12,1,0.31,1,3,2,1,DATA_QUALITY_ISSUE
SYN_0010,89211.6,9688.12,89211.6,68942.38,9688.12,1,0.95,0,0,0,0,SALARY_MISMATCH
SYN_0011,56023.21,12886.29,56023.21,56023.21,12886.29,1,0.95,0,0,0,0,CONSISTENT
SYN_0012,91379.88,13360.98,91379.88,72270.1,13360.98,1,0.95,0,0,0,0,SALARY_MISMATCH
SYN_0013,86077.0,10511.99,86077.0,86077.0,10511.99,0,0.95,0,0,0,0,EMPLOYMENT_MISMATCH
SYN_0014,77570.52,8634.13,77570.52,77570.52,8634.13,1,0.95,0,0,0,0,CONSISTENT
SYN_0015,52822.17,16226.15,52822.17,52822.17,16226.15,1,0.95,0,0,0,0,CONSISTENT
SYN_0016,64202.34,10929.4,64202.34,64202.34,10929.4,1,0.95,0,0,0,0,CONSISTENT
SYN_0017,79861.26,9474.55,79861.26,63574.84,9474.55,1,0.95,0,0,0,0,SALARY_MISMATCH
SYN_0018,69223.77,10361.34,69223.77,69223.77,10361.34,0,0.95,0,0,0,0,EMPLOYMENT_MISMATCH
SYN_0019,83731.84,23633.46,83731.84,83731.84,23633.46,1,0.95,0,0,0,0,CONSISTENT
SYN_0020,88316.23,10466.46,88316.23,88316.23,10466.46,0,0.95,0,0,0,0,EMPLOYMENT_MISMATCH
SYN_0021,52377.7,6070.03,52377.7,52377.7,6070.03,1,0.95,0,0,0,0,CONSISTENT
SYN_0022,91494.7,16587.61,91494.7,91494.7,16587.61,1,0.95,0,0,0,0,CONSISTENT
SYN_0023,87521.93,19084.48,87521.93,87521.93,19084.48,0,0.95,0,0,0,0,EMPLOYMENT_MISMATCH
SYN_0024,79448.42,22111.38,79448.42,79448.42,22111.38,1,0.95,0,0,0,0,CONSISTENT
SYN_0025,97431.51,21770.96,97431.51,97431.51,21770.96,0,0.95,0,0,0,0,EMPLOYMENT_MISMATCH
SYN_0026,80072.72,16565.87,80072.72,40646.97,16565.87,1,0.95,0,0,0,0,SALARY_MISMATCH
SYN_0027,76305.71,13627.36,76305.71,76305.71,13627.36,1,0.95,0,0,0,0,CONSISTENT
SYN_0028,70514.89,23050.73,70514.89,40531.09,23050.73,1,0.95,0,0,0,0,SALARY_MISMATCH
SYN_0029,63161.13,7531.65,63161.13,37070.87,7531.65,1,0.95,0,0,0,0,SALARY_MISMATCH
SYN_0030,86155.67,28640.25,86155.67,86155.67,28640.25,1,0.95,0,0,0,0,CONSISTENT
SYN_0031,88731.03,26700.77,88731.03,53238.62,53401.54,1,0.95,0,0,0,0,MULTIPLE_MISMATCH
SYN_0032,79931.27,25828.97,79931.27,79931.27,25828.97,1,0.95,0,0,0,0,CONSISTENT
SYN_0033,64469.2,10120.62,64469.2,40495.19,10120.62,1,0.95,0,0,0,0,SALARY_MISMATCH
SYN_0034,70085.07,22089.6,70085.07,42051.04,44179.2,1,0.95,0,0,0,0,MULTIPLE_MISMATCH
SYN_0035,35172.36,5470.25,35172.36,35172.36,5470.25,1,0.95,0,0,0,0,CONSISTENT
SYN_0036,80182.77,14786.01,80182.77,80182.77,14786.01,1,0.95,0,0,0,0,CONSISTENT
SYN_0037,78224.08,21570.66,78224.08,78224.08,21570.66,1,0.21,1,2,2,1,DATA_QUALITY_ISSUE
SYN_0038,44665.28,12241.68,44665.28,44665.28,12241.68,1,0.95,0,0,0,0,CONSISTENT
SYN_0039,68373.51,12735.78,68373.51,68373.51,12735.78,0,0.95,0,0,0,0,EMPLOYMENT_MISMATCH
SYN_0040,73737.52,19922.13,73737.52,73737.52,40460.54,1,0.95,0,0,0,0,EMI_MISMATCH
SYN_0041,107380.93,12908.62,107380.93,65598.62,12908.62,1,0.95,0,0,0,0,SALARY_MISMATCH
SYN_0042,93476.68,28116.38,93476.68,93476.68,28116.38,1,0.95,0,0,0,0,CONSISTENT
SYN_0043,74318.96,22600.99,74318.96,54959.13,22600.99,1,0.95,0,0,0,0,SALARY_MISMATCH
SYN_0044,78254.05,17767.56,78254.05,78254.05,17767.56,1,0.95,0,0,0,0,CONSISTENT
SYN_0045,68753.15,10660.88,68753.15,68753.15,23572.8,1,0.95,0,0,0,0,EMI_MISMATCH
SYN_0046,87862.55,16444.93,87862.55,52717.53,32889.86,1,0.95,0,0,0,0,MULTIPLE_MISMATCH
SYN_0047,72848.07,16714.1,72848.07,72848.07,16714.1,1,0.95,0,0,0,0,CONSISTENT
SYN_0048,84255.06,22658.08,84255.06,50553.04,45316.16,1,0.95,0,0,0,0,MULTIPLE_MISMATCH
SYN_0049,78084.75,21391.01,78084.75,78084.75,21391.01,0,0.95,0,0,0,0,EMPLOYMENT_MISMATCH
SYN_0050,53347.75,7668.14,53347.75,53347.75,7668.14,1,0.95,0,0,0,0,CONSISTENT
SYN_0051,49342.06,17223.51,49342.06,49342.06,17223.51,1,0.39,1,1,2,1,DATA_QUALITY_ISSUE
SYN_0052,76784.68,14186.54,76784.68,76784.68,26233.89,1,0.95,0,0,0,0,EMI_MISMATCH
SYN_0053,84264.61,10198.97,84264.61,84264.61,10198.97,0,0.95,0,0,0,0,EMPLOYMENT_MISMATCH
SYN_0054,93256.06,30274.51,93256.06,93256.06,30274.51,1,0.95,0,0,0,0,CONSISTENT
SYN_0055,77622.5,21188.91,77622.5,77622.5,45597.71,1,0.95,0,0,0,0,EMI_MISMATCH
SYN_0056,56747.18,15778.26,56747.18,56747.18,15778.26,1,0.95,0,0,0,0,CONSISTENT
SYN_0057,92378.93,24240.99,92378.93,92378.93,24240.99,1,0.95,0,0,0,0,CONSISTENT
SYN_0058,62689.77,16575.38,62689.77,37613.86,33150.76,1,0.95,0,0,0,0,MULTIPLE_MISMATCH
SYN_0059,71319.18,11860.42,71319.18,71319.18,20684.45,1,0.95,0,0,0,0,EMI_MISMATCH
SYN_0060,63693.96,12628.88,63693.96,63693.96,12628.88,1,0.37,1,3,2,1,DATA_QUALITY_ISSUE
SYN_0061,95466.5,30171.41,95466.5,95466.5,30171.41,1,0.95,0,0,0,0,CONSISTENT
SYN_0062,92580.43,20811.93,92580.43,92580.43,20811.93,1,0.95,0,0,0,0,CONSISTENT
SYN_0063,74826.25,12712.24,74826.25,74826.25,30299.55,1,0.95,0,0,0,0,EMI_MISMATCH
SYN_0064,77858.98,26337.2,77858.98,77858.98,26337.2,0,0.95,0,0,0,0,EMPLOYMENT_MISMATCH
SYN_0065,106783.29,36849.09,106783.29,106783.29,36849.09,1,0.95,0,0,0,0,CONSISTENT
SYN_0066,98198.05,17324.52,98198.05,98198.05,17324.52,1,0.95,0,0,0,0,CONSISTENT
SYN_0067,73331.94,14165.66,73331.94,73331.94,14165.66,1,0.95,0,0,0,0,CONSISTENT
SYN_0068,48763.96,15168.19,48763.96,48763.96,15168.19,1,0.95,0,0,0,0,CONSISTENT
SYN_0069,57784.2,9450.08,57784.2,57784.2,9450.08,1,0.19,2,1,2,1,DATA_QUALITY_ISSUE
SYN_0070,95844.04,26416.63,95844.04,95844.04,49121.49,1,0.95,0,0,0,0,EMI_MISMATCH
SYN_0071,82725.53,26204.81,82725.53,82725.53,26204.81,1,0.95,0,0,0,0,CONSISTENT
SYN_0072,82706.79,18843.55,82706.79,82706.79,18843.55,1,0.25,1,1,2,1,DATA_QUALITY_ISSUE
SYN_0073,78484.44,14480.28,78484.44,78484.44,14480.28,0,0.95,0,0,0,0,EMPLOYMENT_MISMATCH
SYN_0074,77642.71,9588.52,77642.71,77642.71,9588.52,1,0.95,0,0,0,0,CONSISTENT
SYN_0075,74405.46,17534.48,74405.46,74405.46,31326.07,1,0.95,0,0,0,0,EMI_MISMATCH
SYN_0076,66980.06,7208.73,66980.06,66980.06,11082.33,1,0.95,0,0,0,0,EMI_MISMATCH
SYN_0077,61603.2,14203.28,61603.2,36961.92,28406.56,1,0.95,0,0,0,0,MULTIPLE_MISMATCH
SYN_0078,69977.74,10773.44,69977.74,69977.74,10773.44,0,0.95,0,0,0,0,EMPLOYMENT_MISMATCH
SYN_0079,110835.54,28746.03,110835.54,110835.54,63991.29,1,0.95,0,0,0,0,EMI_MISMATCH
SYN_0080,102651.21,23514.83,102651.21,102651.21,23514.83,1,0.2,1,3,1,1,DATA_QUALITY_ISSUE
SYN_0081,63422.71,9089.97,63422.71,34687.85,9089.97,1,0.95,0,0,0,0,SALARY_MISMATCH
SYN_0082,99919.53,23711.57,99919.53,99919.53,23711.57,1,0.95,0,0,0,0,CONSISTENT
SYN_0083,56086.74,18997.49,56086.74,56086.74,18997.49,0,0.95,0,0,0,0,EMPLOYMENT_MISMATCH
SYN_0084,88767.93,21179.01,88767.93,88767.93,21179.01,0,0.95,0,0,0,0,EMPLOYMENT_MISMATCH
SYN_0085,52209.45,9867.23,52209.45,52209.45,22278.69,1,0.95,0,0,0,0,EMI_MISMATCH
SYN_0086,67736.49,8739.24,67736.49,67736.49,8739.24,1,0.95,0,0,0,0,CONSISTENT
SYN_0087,71439.12,8891.21,71439.12,71439.12,8891.21,1,0.95,0,0,0,0,CONSISTENT
SYN_0088,103080.09,22509.39,103080.09,56896.14,22509.39,1,0.95,0,0,0,0,SALARY_MISMATCH
SYN_0089,99486.17,25744.38,99486.17,51095.22,25744.38,1,0.95,0,0,0,0,SALARY_MISMATCH
SYN_0090,53547.88,13733.16,53547.88,53547.88,13733.16,1,0.95,0,0,0,0,CONSISTENT
SYN_0091,81074.63,11409.93,81074.63,42253.72,11409.93,1,0.95,0,0,0,0,SALARY_MISMATCH
SYN_0092,88646.07,9452.14,88646.07,88646.07,19715.04,1,0.95,0,0,0,0,EMI_MISMATCH
SYN_0093,46539.35,12138.49,46539.35,46539.35,12138.49,1,0.24,1,3,1,1,DATA_QUALITY_ISSUE
SYN_0094,94208.11,28743.53,94208.11,94208.11,61841.27,1,0.95,0,0,0,0,EMI_MISMATCH
SYN_0095,61753.82,11999.68,61753.82,61753.82,11999.68,1,0.95,0,0,0,0,CONSISTENT
SYN_0096,64509.33,16421.72,64509.33,64509.33,16421.72,1,0.95,0,0,0,0,CONSISTENT
SYN_0097,57667.26,15593.42,57667.26,57667.26,15593.42,1,0.95,0,0,0,0,CONSISTENT
SYN_0098,98551.66,16278.14,98551.66,98551.66,16278.14,1,0.95,0,0,0,0,CONSISTENT
SYN_0099,59355.58,19834.38,59355.58,30375.57,19834.38,1,0.95,0,0,0,0,SALARY_MISMATCH
SYN_0100,94897.08,32444.85,94897.08,63048.82,32444.85,1,0.95,0,0,0,0,SALARY_MISMATCH
SYN_0101,103056.36,29155.87,103056.36,55475.95,29155.87,1,0.95,0,0,0,0,SALARY_MISMATCH
SYN_0102,100320.26,24592.11,100320.26,100320.26,24592.11,1,0.95,0,0,0,0,CONSISTENT
SYN_0103,51989.02,14035.02,51989.02,31193.41,28070.04,1,0.95,0,0,0,0,MULTIPLE_MISMATCH
SYN_0104,80446.04,12835.89,80446.04,80446.04,12835.89,0,0.95,0,0,0,0,EMPLOYMENT_MISMATCH
SYN_0105,70110.4,13840.11,70110.4,70110.4,13840.11,1,0.95,0,0,0,0,CONSISTENT
SYN_0106,123809.78,15475.75,123809.78,123809.78,15475.75,1,0.95,0,0,0,0,CONSISTENT
SYN_0107,80880.63,21772.46,80880.63,80880.63,21772.46,1,0.95,0,0,0,0,CONSISTENT
SYN_0108,73132.12,16327.21,73132.12,38393.29,16327.21,1,0.95,0,0,0,0,SALARY_MISMATCH
SYN_0109,91853.13,14070.24,91853.13,91853.13,14070.24,1,0.95,0,0,0,0,CONSISTENT
SYN_0110,107148.08,31643.4,107148.08,107148.08,31643.4,1,0.13,1,2,2,1,DATA_QUALITY_ISSUE
SYN_0111,43649.73,14051.98,43649.73,43649.73,14051.98,1,0.95,0,0,0,0,CONSISTENT
SYN_0112,101556.47,13127.88,101556.47,101556.47,13127.88,1,0.95,0,0,0,0,CONSISTENT
SYN_0113,84207.62,10549.59,84207.62,84207.62,10549.59,1,0.95,0,0,0,0,CONSISTENT
SYN_0114,95368.21,26249.36,95368.21,95368.21,26249.36,1,0.95,0,0,0,0,CONSISTENT
SYN_0115,83386.64,10034.51,83386.64,83386.64,10034.51,1,0.95,0,0,0,0,CONSISTENT
SYN_0116,88088.12,30536.62,88088.12,88088.12,30536.62,1,0.95,0,0,0,0,CONSISTENT
SYN_0117,92315.32,31092.92,92315.32,92315.32,31092.92,1,0.95,0,0,0,0,CONSISTENT
SYN_0118,67839.27,19561.08,67839.27,67839.27,19561.08,1,0.21,1,3,1,1,DATA_QUALITY_ISSUE
SYN_0119,59709.88,10900.82,59709.88,59709.88,10900.82,1,0.95,0,0,0,0,CONSISTENT
SYN_0120,87479.37,14295.93,87479.37,54373.73,14295.93,1,0.95,0,0,0,0,SALARY_MISMATCH
SYN_0121,87779.17,26833.88,87779.17,87779.17,60220.91,1,0.95,0,0,0,0,EMI_MISMATCH
SYN_0122,86525.09,13790.08,86525.09,86525.09,26204.23,1,0.95,0,0,0,0,EMI_MISMATCH
SYN_0123,75861.19,15861.36,75861.19,56185.28,15861.36,1,0.95,0,0,0,0,SALARY_MISMATCH
SYN_0124,62338.38,14898.95,62338.38,62338.38,14898.95,1,0.2,2,2,1,1,DATA_QUALITY_ISSUE
SYN_0125,76465.14,26175.98,76465.14,76465.14,26175.98,1,0.26,1,1,2,1,DATA_QUALITY_ISSUE
SYN_0126,63404.85,22125.62,63404.85,63404.85,22125.62,1,0.95,0,0,0,0,CONSISTENT
SYN_0127,96551.32,31747.39,96551.32,96551.32,78057.38,1,0.95,0,0,0,0,EMI_MISMATCH
SYN_0128,64474.5,12806.6,64474.5,64474.5,12806.6,1,0.95,0,0,0,0,CONSISTENT
SYN_0129,60191.56,15752.86,60191.56,60191.56,15752.86,1,0.95,0,0,0,0,CONSISTENT
SYN_0130,67632.55,10641.89,67632.55,67632.55,10641.89,1,0.95,0,0,0,0,CONSISTENT
SYN_0131,55115.85,11756.77,55115.85,55115.85,11756.77,1,0.95,0,0,0,0,CONSISTENT
SYN_0132,63431.92,10779.68,63431.92,63431.92,10779.68,1,0.95,0,0,0,0,CONSISTENT
SYN_0133,52281.38,6968.91,52281.38,27335.85,6968.91,1,0.95,0,0,0,0,SALARY_MISMATCH
SYN_0134,85194.9,17393.37,85194.9,85194.9,17393.37,1,0.27,1,2,2,1,DATA_QUALITY_ISSUE
SYN_0135,73895.83,22363.71,73895.83,73895.83,22363.71,1,0.4,1,3,1,1,DATA_QUALITY_ISSUE
SYN_0136,70766.68,14029.31,70766.68,70766.68,14029.31,0,0.95,0,0,0,0,EMPLOYMENT_MISMATCH
SYN_0137,64587.81,7053.34,64587.81,38752.69,14106.68,1,0.95,0,0,0,0,MULTIPLE_MISMATCH
SYN_0138,76647.9,7926.77,76647.9,76647.9,7926.77,1,0.95,0,0,0,0,CONSISTENT
SYN_0139,80136.85,23037.56,80136.85,80136.85,23037.56,1,0.95,0,0,0,0,CONSISTENT
SYN_0140,103672.94,25533.34,103672.94,103672.94,25533.34,1,0.32,2,2,1,1,DATA_QUALITY_ISSUE
SYN_0141,58985.69,19967.41,58985.69,58985.69,19967.41,1,0.95,0,0,0,0,CONSISTENT
SYN_0142,72864.31,11451.41,72864.31,72864.31,24869.03,1,0.95,0,0,0,0,EMI_MISMATCH
SYN_0143,62581.6,16765.19,62581.6,62581.6,33870.84,1,0.95,0,0,0,0,EMI_MISMATCH
SYN_0144,70442.03,16204.55,70442.03,70442.03,16204.55,0,0.95,0,0,0,0,EMPLOYMENT_MISMATCH
SYN_0145,105911.22,33802.99,105911.22,63546.73,67605.98,1,0.95,0,0,0,0,MULTIPLE_MISMATCH
SYN_0146,101330.11,13527.96,101330.11,51540.02,13527.96,1,0.95,0,0,0,0,SALARY_MISMATCH
SYN_0147,97335.68,14915.82,97335.68,97335.68,14915.82,0,0.95,0,0,0,0,EMPLOYMENT_MISMATCH
SYN_0148,88167.38,9137.33,88167.38,88167.38,9137.33,1,0.95,0,0,0,0,CONSISTENT
SYN_0149,49036.9,10266.79,49036.9,49036.9,10266.79,1,0.95,0,0,0,0,CONSISTENT
SYN_0150,96665.08,18082.54,96665.08,96665.08,18082.54,1,0.25,2,3,2,1,DATA_QUALITY_ISSUE
SYN_0151,103588.61,30985.21,103588.61,103588.61,30985.21,1,0.95,0,0,0,0,CONSISTENT
SYN_0152,78414.03,24349.35,78414.03,57295.2,24349.35,1,0.95,0,0,0,0,SALARY_MISMATCH
SYN_0153,76920.62,14372.88,76920.62,76920.62,14372.88,1,0.95,0,0,0,0,CONSISTENT
SYN_0154,67779.92,16600.15,67779.92,67779.92,16600.15,1,0.95,0,0,0,0,CONSISTENT
SYN_0155,42376.76,10432.8,42376.76,42376.76,10432.8,1,0.95,0,0,0,0,CONSISTENT
SYN_0156,105482.14,28946.08,105482.14,58439.23,28946.08,1,0.95,0,0,0,0,SALARY_MISMATCH
SYN_0157,89956.73,20582.91,89956.73,89956.73,50903.81,1,0.95,0,0,0,0,EMI_MISMATCH
SYN_0158,71470.22,11146.66,71470.22,71470.22,25880.21,1,0.95,0,0,0,0,EMI_MISMATCH
SYN_0159,71462.1,16949.3,71462.1,71462.1,16949.3,1,0.95,0,0,0,0,CONSISTENT
SYN_0160,73848.54,13957.22,73848.54,56735.26,13957.22,1,0.95,0,0,0,0,SALARY_MISMATCH
SYN_0161,56722.66,6981.01,56722.66,56722.66,6981.01,1,0.95,0,0,0,0,CONSISTENT
SYN_0162,57595.12,15662.77,57595.12,37638.24,15662.77,1,0.95,0,0,0,0,SALARY_MISMATCH
SYN_0163,77671.93,18186.7,77671.93,77671.93,18186.7,1,0.95,0,0,0,0,CONSISTENT
SYN_0164,75534.53,12012.19,75534.53,75534.53,12012.19,1,0.33,2,2,1,1,DATA_QUALITY_ISSUE
SYN_0165,88002.74,25292.34,88002.74,88002.74,25292.34,1,0.95,0,0,0,0,CONSISTENT
SYN_0166,82065.55,25998.67,82065.55,82065.55,25998.67,1,0.95,0,0,0,0,CONSISTENT
SYN_0167,61931.3,17610.25,61931.3,61931.3,17610.25,1,0.95,0,0,0,0,CONSISTENT
SYN_0168,71598.76,17254.68,71598.76,71598.76,17254.68,1,0.95,0,0,0,0,CONSISTENT
SYN_0169,76128.99,12051.53,76128.99,45677.39,24103.06,1,0.95,0,0,0,0,MULTIPLE_MISMATCH
SYN_0170,61874.87,13519.19,61874.87,61874.87,13519.19,1,0.95,0,0,0,0,CONSISTENT
SYN_0171,70528.42,17353.51,70528.42,70528.42,17353.51,1,0.95,0,0,0,0,CONSISTENT
SYN_0172,107592.63,25761.5,107592.63,107592.63,25761.5,0,0.95,0,0,0,0,EMPLOYMENT_MISMATCH
SYN_0173,44886.48,8275.35,44886.48,44886.48,19857.92,1,0.95,0,0,0,0,EMI_MISMATCH
SYN_0174,91011.84,14660.94,91011.84,91011.84,29296.19,1,0.95,0,0,0,0,EMI_MISMATCH
SYN_0175,65743.64,14591.96,65743.64,65743.64,14591.96,1,0.95,0,0,0,0,CONSISTENT
SYN_0176,56117.37,6844.74,56117.37,33670.42,13689.48,1,0.95,0,0,0,0,MULTIPLE_MISMATCH
SYN_0177,77609.49,25560.6,77609.49,46565.69,51121.2,1,0.95,0,0,0,0,MULTIPLE_MISMATCH
SYN_0178,88618.08,30463.95,88618.08,88618.08,30463.95,1,0.95,0,0,0,0,CONSISTENT
SYN_0179,87237.77,24392.93,87237.77,57621.51,24392.93,1,0.95,0,0,0,0,SALARY_MISMATCH
SYN_0180,83501.34,25855.83,83501.34,46887.95,25855.83,1,0.95,0,0,0,0,SALARY_MISMATCH
SYN_0181,61354.61,17428.5,61354.61,61354.61,17428.5,1,0.26,1,2,2,1,DATA_QUALITY_ISSUE
SYN_0182,84579.35,20748.12,84579.35,84579.35,20748.12,1,0.95,0,0,0,0,CONSISTENT
SYN_0183,116756.66,13188.35,116756.66,116756.66,13188.35,1,0.95,0,0,0,0,CONSISTENT
SYN_0184,50834.92,6791.73,50834.92,50834.92,6791.73,1,0.95,0,0,0,0,CONSISTENT
SYN_0185,65970.47,17836.81,65970.47,65970.47,17836.81,1,0.95,0,0,0,0,CONSISTENT
SYN_0186,86403.77,21506.74,86403.77,86403.77,21506.74,0,0.95,0,0,0,0,EMPLOYMENT_MISMATCH
SYN_0187,48446.35,16102.71,48446.35,36295.32,16102.71,1,0.95,0,0,0,0,SALARY_MISMATCH
SYN_0188,59510.56,7800.31,59510.56,59510.56,7800.31,1,0.32,1,2,2,1,DATA_QUALITY_ISSUE
SYN_0189,77752.68,8710.14,77752.68,77752.68,8710.14,1,0.95,0,0,0,0,CONSISTENT
SYN_0190,80297.36,24650.1,80297.36,80297.36,24650.1,0,0.95,0,0,0,0,EMPLOYMENT_MISMATCH
SYN_0191,82741.87,12130.06,82741.87,82741.87,12130.06,0,0.95,0,0,0,0,EMPLOYMENT_MISMATCH
SYN_0192,82132.4,21226.27,82132.4,82132.4,21226.27,1,0.95,0,0,0,0,CONSISTENT
SYN_0193,87303.69,23637.08,87303.69,87303.69,23637.08,1,0.24,2,2,2,1,DATA_QUALITY_ISSUE
SYN_0194,49390.84,8660.41,49390.84,35772.94,8660.41,1,0.95,0,0,0,0,SALARY_MISMATCH
SYN_0195,79903.91,15658.99,79903.91,52981.55,15658.99,1,0.95,0,0,0,0,SALARY_MISMATCH
SYN_0196,71713.49,18362.92,71713.49,71713.49,18362.92,1,0.14,2,3,1,1,DATA_QUALITY_ISSUE
SYN_0197,61771.82,19745.81,61771.82,61771.82,19745.81,0,0.95,0,0,0,0,EMPLOYMENT_MISMATCH
SYN_0198,82689.07,23596.59,82689.07,55562.53,23596.59,1,0.95,0,0,0,0,SALARY_MISMATCH
SYN_0199,87422.3,25758.37,87422.3,87422.3,25758.37,1,0.14,2,2,2,1,DATA_QUALITY_ISSUE
SYN_0200,90148.42,28774.6,90148.42,90148.42,28774.6,0,0.95,0,0,0,0,EMPLOYMENT_MISMATCH
SYN_0201,94304.62,12964.94,94304.62,94304.62,12964.94,1,0.95,0,0,0,0,CONSISTENT
SYN_0202,68330.44,19171.0,68330.44,68330.44,19171.0,1,0.95,0,0,0,0,CONSISTENT
SYN_0203,95788.55,22575.55,95788.55,95788.55,22575.55,0,0.95,0,0,0,0,EMPLOYMENT_MISMATCH
SYN_0204,90129.04,16802.22,90129.04,90129.04,16802.22,1,0.95,0,0,0,0,CONSISTENT
SYN_0205,77558.91,15528.29,77558.91,77558.91,15528.29,1,0.95,0,0,0,0,CONSISTENT
SYN_0206,87533.48,29483.1,87533.48,47793.75,29483.1,1,0.95,0,0,0,0,SALARY_MISMATCH
SYN_0207,111686.28,11674.29,111686.28,111686.28,27692.86,1,0.95,0,0,0,0,EMI_MISMATCH
SYN_0208,76938.32,18563.93,76938.32,76938.32,18563.93,1,0.31,2,1,2,1,DATA_QUALITY_ISSUE
SYN_0209,65960.28,7732.55,65960.28,65960.28,12196.71,1,0.95,0,0,0,0,EMI_MISMATCH
SYN_0210,94527.74,29313.99,94527.74,94527.74,29313.99,1,0.95,0,0,0,0,CONSISTENT
SYN_0211,70060.89,9905.22,70060.89,70060.89,9905.22,1,0.16,1,1,1,1,DATA_QUALITY_ISSUE
SYN_0212,67945.78,15607.79,67945.78,40767.47,31215.58,1,0.95,0,0,0,0,MULTIPLE_MISMATCH
SYN_0213,66178.7,12163.6,66178.7,66178.7,28010.99,1,0.95,0,0,0,0,EMI_MISMATCH
SYN_0214,72998.99,13386.17,72998.99,72998.99,13386.17,1,0.95,0,0,0,0,CONSISTENT
SYN_0215,87347.56,16297.88,87347.56,87347.56,16297.88,1,0.95,0,0,0,0,CONSISTENT
SYN_0216,76099.77,21640.9,76099.77,76099.77,21640.9,1,0.95,0,0,0,0,CONSISTENT
SYN_0217,71106.13,9614.56,71106.13,39315.72,9614.56,1,0.95,0,0,0,0,SALARY_MISMATCH
SYN_0218,52452.86,10738.75,52452.86,40622.32,10738.75,1,0.95,0,0,0,0,SALARY_MISMATCH
SYN_0219,102734.34,10609.75,102734.34,102734.34,10609.75,1,0.95,0,0,0,0,CONSISTENT
SYN_0220,91898.48,13280.16,91898.48,91898.48,32683.41,1,0.95,0,0,0,0,EMI_MISMATCH
SYN_0221,63013.34,22005.43,63013.34,63013.34,22005.43,1,0.95,0,0,0,0,CONSISTENT
SYN_0222,72531.97,18049.31,72531.97,37725.54,18049.31,1,0.95,0,0,0,0,SALARY_MISMATCH
SYN_0223,77971.27,11795.88,77971.27,77971.27,11795.88,0,0.95,0,0,0,0,EMPLOYMENT_MISMATCH
SYN_0224,72834.59,7948.98,72834.59,72834.59,7948.98,1,0.95,0,0,0,0,CONSISTENT
SYN_0225,64307.31,18898.75,64307.31,40898.59,18898.75,1,0.95,0,0,0,0,SALARY_MISMATCH
SYN_0226,76596.45,16099.86,76596.45,47507.33,16099.86,1,0.95,0,0,0,0,SALARY_MISMATCH
SYN_0227,69859.69,22036.99,69859.69,69859.69,53905.02,1,0.95,0,0,0,0,EMI_MISMATCH
SYN_0228,69428.39,11642.18,69428.39,69428.39,11642.18,1,0.95,0,0,0,0,CONSISTENT
SYN_0229,69571.64,9673.11,69571.64,69571.64,21435.34,1,0.95,0,0,0,0,EMI_MISMATCH
SYN_0230,73956.15,7896.59,73956.15,73956.15,13597.71,1,0.95,0,0,0,0,EMI_MISMATCH
SYN_0231,76481.19,11061.95,76481.19,76481.19,11061.95,1,0.95,0,0,0,0,CONSISTENT
SYN_0232,73044.82,11653.99,73044.82,73044.82,18639.87,1,0.95,0,0,0,0,EMI_MISMATCH
SYN_0233,85664.4,26346.51,85664.4,85664.4,26346.51,1,0.95,0,0,0,0,CONSISTENT
SYN_0234,81663.95,21806.01,81663.95,81663.95,21806.01,1,0.95,0,0,0,0,CONSISTENT
SYN_0235,83896.52,8662.36,83896.52,83896.52,8662.36,1,0.95,0,0,0,0,CONSISTENT
SYN_0236,70356.8,10692.23,70356.8,70356.8,10692.23,1,0.95,0,0,0,0,CONSISTENT
SYN_0237,79892.0,16406.31,79892.0,79892.0,16406.31,1,0.95,0,0,0,0,CONSISTENT
SYN_0238,56233.3,17115.22,56233.3,33739.98,34230.44,1,0.95,0,0,0,0,MULTIPLE_MISMATCH
SYN_0239,64434.84,15952.37,64434.84,64434.84,15952.37,1,0.95,0,0,0,0,CONSISTENT
SYN_0240,53873.08,13793.51,53873.08,53873.08,13793.51,1,0.95,0,0,0,0,CONSISTENT
SYN_0241,43771.06,7599.38,43771.06,34339.97,7599.38,1,0.95,0,0,0,0,SALARY_MISMATCH
SYN_0242,100446.85,13563.17,100446.85,100446.85,13563.17,0,0.95,0,0,0,0,EMPLOYMENT_MISMATCH
SYN_0243,89577.34,26869.96,89577.34,53746.4,53739.92,1,0.95,0,0,0,0,MULTIPLE_MISMATCH
SYN_0244,74535.63,7872.25,74535.63,43275.63,7872.25,1,0.95,0,0,0,0,SALARY_MISMATCH
SYN_0245,54777.22,7386.11,54777.22,41109.16,7386.11,1,0.95,0,0,0,0,SALARY_MISMATCH
SYN_0246,86148.96,19936.81,86148.96,86148.96,19936.81,1,0.15,1,1,1,1,DATA_QUALITY_ISSUE
SYN_0247,95201.19,21374.83,95201.19,57120.71,42749.66,1,0.95,0,0,0,0,MULTIPLE_MISMATCH
SYN_0248,76901.9,15481.28,76901.9,76901.9,15481.28,1,0.95,0,0,0,0,CONSISTENT
SYN_0249,66579.5,8988.54,66579.5,38556.53,8988.54,1,0.95,0,0,0,0,SALARY_MISMATCH
SYN_0250,79713.06,22562.47,79713.06,79713.06,22562.47,1,0.95,0,0,0,0,CONSISTENT
SYN_0251,73517.06,17888.44,73517.06,73517.06,17888.44,1,0.95,0,0,0,0,CONSISTENT
SYN_0252,109469.38,22013.79,109469.38,65681.63,44027.58,1,0.95,0,0,0,0,MULTIPLE_MISMATCH
SYN_0253,47178.21,16024.4,47178.21,47178.21,16024.4,0,0.95,0,0,0,0,EMPLOYMENT_MISMATCH
SYN_0254,60156.25,7374.21,60156.25,60156.25,7374.21,1,0.95,0,0,0,0,CONSISTENT
SYN_0255,87366.23,24496.02,87366.23,87366.23,24496.02,0,0.95,0,0,0,0,EMPLOYMENT_MISMATCH
SYN_0256,73130.79,24668.97,73130.79,73130.79,46788.39,1,0.95,0,0,0,0,EMI_MISMATCH
SYN_0257,74252.87,12435.71,74252.87,74252.87,12435.71,1,0.26,1,3,2,1,DATA_QUALITY_ISSUE
SYN_0258,58213.28,13045.1,58213.28,58213.28,13045.1,1,0.95,0,0,0,0,CONSISTENT
SYN_0259,92239.1,11682.04,92239.1,92239.1,18400.82,1,0.95,0,0,0,0,EMI_MISMATCH
SYN_0260,64452.35,14429.13,64452.35,64452.35,14429.13,0,0.95,0,0,0,0,EMPLOYMENT_MISMATCH
SYN_0261,51630.72,15735.78,51630.72,51630.72,36183.1,1,0.95,0,0,0,0,EMI_MISMATCH
SYN_0262,68994.28,11593.54,68994.28,68994.28,24233.17,1,0.95,0,0,0,0,EMI_MISMATCH
SYN_0263,55209.78,13000.54,55209.78,55209.78,13000.54,1,0.95,0,0,0,0,CONSISTENT
SYN_0264,71606.32,20268.61,71606.32,42963.79,40537.22,1,0.95,0,0,0,0,MULTIPLE_MISMATCH
SYN_0265,94294.03,29447.92,94294.03,56576.42,58895.84,1,0.95,0,0,0,0,MULTIPLE_MISMATCH
SYN_0266,90933.15,20219.55,90933.15,90933.15,20219.55,1,0.95,0,0,0,0,CONSISTENT
SYN_0267,87277.27,9468.41,87277.27,87277.27,9468.41,1,0.95,0,0,0,0,CONSISTENT
SYN_0268,77007.71,13425.31,77007.71,77007.71,32548.27,1,0.95,0,0,0,0,EMI_MISMATCH
SYN_0269,74406.67,23476.1,74406.67,74406.67,23476.1,1,0.35,2,3,2,1,DATA_QUALITY_ISSUE
SYN_0270,85222.51,22374.47,85222.51,85222.51,41721.61,1,0.95,0,0,0,0,EMI_MISMATCH
SYN_0271,90283.3,20996.85,90283.3,90283.3,40755.56,1,0.95,0,0,0,0,EMI_MISMATCH
SYN_0272,74248.21,18050.26,74248.21,55032.26,18050.26,1,0.95,0,0,0,0,SALARY_MISMATCH
SYN_0273,93452.42,21497.98,93452.42,58692.34,21497.98,1,0.95,0,0,0,0,SALARY_MISMATCH
SYN_0274,87540.92,17891.31,87540.92,52524.55,35782.62,1,0.95,0,0,0,0,MULTIPLE_MISMATCH
SYN_0275,68435.01,22798.95,68435.01,35655.25,22798.95,1,0.95,0,0,0,0,SALARY_MISMATCH
SYN_0276,57204.97,6473.94,57204.97,57204.97,6473.94,1,0.95,0,0,0,0,CONSISTENT
SYN_0277,74635.84,18299.91,74635.84,74635.84,18299.91,1,0.95,0,0,0,0,CONSISTENT
SYN_0278,66671.64,13305.78,66671.64,66671.64,13305.78,1,0.95,0,0,0,0,CONSISTENT
SYN_0279,79304.61,22448.59,79304.61,79304.61,22448.59,1,0.95,0,0,0,0,CONSISTENT
SYN_0280,43721.74,9480.08,43721.74,43721.74,9480.08,1,0.95,0,0,0,0,CONSISTENT
SYN_0281,81818.45,20231.83,81818.45,81818.45,20231.83,1,0.95,0,0,0,0,CONSISTENT
SYN_0282,86160.57,28224.89,86160.57,86160.57,28224.89,1,0.95,0,0,0,0,CONSISTENT
SYN_0283,71323.96,9351.24,71323.96,71323.96,9351.24,1,0.95,0,0,0,0,CONSISTENT
SYN_0284,61752.64,18494.75,61752.64,61752.64,18494.75,1,0.18,2,2,1,1,DATA_QUALITY_ISSUE
SYN_0285,74258.04,18813.49,74258.04,44554.82,37626.98,1,0.95,0,0,0,0,MULTIPLE_MISMATCH
SYN_0286,85122.29,29604.86,85122.29,85122.29,29604.86,1,0.95,0,0,0,0,CONSISTENT
SYN_0287,77496.78,19524.09,77496.78,77496.78,19524.09,1,0.95,0,0,0,0,CONSISTENT
SYN_0288,82386.77,12989.71,82386.77,45556.46,12989.71,1,0.95,0,0,0,0,SALARY_MISMATCH
SYN_0289,83330.65,15627.11,83330.65,83330.65,15627.11,1,0.95,0,0,0,0,CONSISTENT
SYN_0290,65656.94,22472.77,65656.94,65656.94,22472.77,1,0.95,0,0,0,0,CONSISTENT
SYN_0291,69399.01,20095.15,69399.01,41639.41,40190.3,1,0.95,0,0,0,0,MULTIPLE_MISMATCH
SYN_0292,57396.45,7947.91,57396.45,57396.45,18406.03,1,0.95,0,0,0,0,EMI_MISMATCH
SYN_0293,78043.85,19373.21,78043.85,78043.85,19373.21,1,0.95,0,0,0,0,CONSISTENT
SYN_0294,52263.84,6421.75,52263.84,52263.84,15267.46,1,0.95,0,0,0,0,EMI_MISMATCH
SYN_0295,83152.49,19766.54,83152.49,83152.49,19766.54,1,0.95,0,0,0,0,CONSISTENT
SYN_0296,91254.14,18443.68,91254.14,91254.14,18443.68,1,0.95,0,0,0,0,CONSISTENT
SYN_0297,88261.51,19767.84,88261.51,88261.51,19767.84,1,0.95,0,0,0,0,CONSISTENT
SYN_0298,60739.74,9417.44,60739.74,60739.74,9417.44,1,0.95,0,0,0,0,CONSISTENT
SYN_0299,22787.87,5653.71,22787.87,22787.87,13143.07,1,0.95,0,0,0,0,EMI_MISMATCH
SYN_0300,61946.65,16694.87,61946.65,61946.65,16694.87,1,0.95,0,0,0,0,CONSISTENT
SYN_0301,83758.92,25073.78,83758.92,83758.92,54120.55,1,0.95,0,0,0,0,EMI_MISMATCH
SYN_0302,69610.62,22054.28,69610.62,41766.37,44108.56,1,0.95,0,0,0,0,MULTIPLE_MISMATCH
SYN_0303,82536.25,22287.69,82536.25,82536.25,22287.69,0,0.95,0,0,0,0,EMPLOYMENT_MISMATCH
SYN_0304,87861.69,25319.91,87861.69,87861.69,41995.73,1,0.95,0,0,0,0,EMI_MISMATCH
SYN_0305,72493.23,13322.79,72493.23,43495.94,26645.58,1,0.95,0,0,0,0,MULTIPLE_MISMATCH
SYN_0306,77200.71,10822.77,77200.71,77200.71,10822.77,0,0.95,0,0,0,0,EMPLOYMENT_MISMATCH
SYN_0307,75431.17,7663.54,75431.17,45258.7,15327.08,1,0.95,0,0,0,0,MULTIPLE_MISMATCH
SYN_0308,94176.78,23942.73,94176.78,94176.78,23942.73,1,0.95,0,0,0,0,CONSISTENT
SYN_0309,54602.16,14114.74,54602.16,54602.16,14114.74,1,0.26,1,2,1,1,DATA_QUALITY_ISSUE
SYN_0310,86193.8,20282.84,86193.8,86193.8,20282.84,0,0.95,0,0,0,0,EMPLOYMENT_MISMATCH
SYN_0311,93134.73,31014.52,93134.73,93134.73,31014.52,1,0.13,2,2,2,1,DATA_QUALITY_ISSUE
SYN_0312,53377.59,14787.89,53377.59,53377.59,14787.89,1,0.95,0,0,0,0,CONSISTENT
SYN_0313,47850.62,12212.86,47850.62,47850.62,12212.86,1,0.95,0,0,0,0,CONSISTENT
SYN_0314,89475.22,28442.76,89475.22,89475.22,28442.76,1,0.95,0,0,0,0,CONSISTENT
SYN_0315,80506.53,8545.5,80506.53,80506.53,8545.5,1,0.11,2,3,1,1,DATA_QUALITY_ISSUE
SYN_0316,67112.92,10947.94,67112.92,40267.75,21895.88,1,0.95,0,0,0,0,MULTIPLE_MISMATCH
SYN_0317,73305.12,24636.08,73305.12,73305.12,24636.08,1,0.95,0,0,0,0,CONSISTENT
SYN_0318,56625.97,17755.21,56625.97,56625.97,17755.21,1,0.95,0,0,0,0,CONSISTENT
SYN_0319,66860.93,20726.01,66860.93,48931.96,20726.01,1,0.95,0,0,0,0,SALARY_MISMATCH
SYN_0320,88156.53,11710.17,88156.53,88156.53,11710.17,1,0.95,0,0,0,0,CONSISTENT
SYN_0321,81462.6,25606.96,81462.6,48877.56,51213.92,1,0.95,0,0,0,0,MULTIPLE_MISMATCH
SYN_0322,78649.61,22810.24,78649.61,78649.61,22810.24,1,0.23,1,1,2,1,DATA_QUALITY_ISSUE
SYN_0323,64336.92,6934.46,64336.92,38602.15,13868.92,1,0.95,0,0,0,0,MULTIPLE_MISMATCH
SYN_0324,64963.18,12481.48,64963.18,64963.18,29510.69,1,0.95,0,0,0,0,EMI_MISMATCH
SYN_0325,80140.88,23459.68,80140.88,60380.94,23459.68,1,0.95,0,0,0,0,SALARY_MISMATCH
SYN_0326,81851.3,20999.37,81851.3,81851.3,20999.37,0,0.95,0,0,0,0,EMPLOYMENT_MISMATCH
SYN_0327,93738.03,20658.04,93738.03,93738.03,20658.04,1,0.95,0,0,0,0,CONSISTENT
SYN_0328,82371.07,10815.03,82371.07,82371.07,10815.03,1,0.95,0,0,0,0,CONSISTENT
SYN_0329,54625.93,12176.05,54625.93,54625.93,19045.89,1,0.95,0,0,0,0,EMI_MISMATCH
SYN_0330,70258.53,11750.62,70258.53,70258.53,26997.74,1,0.95,0,0,0,0,EMI_MISMATCH
SYN_0331,70846.52,8367.8,70846.52,70846.52,8367.8,1,0.95,0,0,0,0,CONSISTENT
SYN_0332,74619.16,16415.07,74619.16,74619.16,16415.07,1,0.95,0,0,0,0,CONSISTENT
SYN_0333,90352.82,28463.9,90352.82,90352.82,64893.45,1,0.95,0,0,0,0,EMI_MISMATCH
SYN_0334,58595.57,12898.45,58595.57,58595.57,12898.45,1,0.95,0,0,0,0,CONSISTENT
SYN_0335,74945.96,19076.66,74945.96,74945.96,19076.66,1,0.95,0,0,0,0,CONSISTENT
SYN_0336,57624.53,13824.83,57624.53,57624.53,13824.83,0,0.95,0,0,0,0,EMPLOYMENT_MISMATCH
SYN_0337,78125.74,9528.73,78125.74,78125.74,9528.73,1,0.95,0,0,0,0,CONSISTENT
SYN_0338,44373.98,4805.74,44373.98,44373.98,4805.74,1,0.95,0,0,0,0,CONSISTENT
SYN_0339,59975.7,14507.23,59975.7,59975.7,14507.23,1,0.95,0,0,0,0,CONSISTENT
SYN_0340,70783.5,21245.43,70783.5,70783.5,36120.42,1,0.95,0,0,0,0,EMI_MISMATCH
SYN_0341,79132.66,21889.59,79132.66,79132.66,21889.59,1,0.95,0,0,0,0,CONSISTENT
SYN_0342,63021.82,21052.63,63021.82,63021.82,21052.63,1,0.95,0,0,0,0,CONSISTENT
SYN_0343,102179.7,32466.81,102179.7,102179.7,32466.81,1,0.95,0,0,0,0,CONSISTENT
SYN_0344,80368.89,24145.39,80368.89,80368.89,24145.39,0,0.95,0,0,0,0,EMPLOYMENT_MISMATCH
SYN_0345,76718.0,23347.16,76718.0,76718.0,23347.16,1,0.95,0,0,0,0,CONSISTENT
SYN_0346,89252.18,23285.4,89252.18,58720.87,23285.4,1,0.95,0,0,0,0,SALARY_MISMATCH
SYN_0347,65228.73,20739.21,65228.73,65228.73,20739.21,0,0.95,0,0,0,0,EMPLOYMENT_MISMATCH
SYN_0348,67741.71,23300.87,67741.71,67741.71,23300.87,1,0.95,0,0,0,0,CONSISTENT
SYN_0349,82842.53,21926.51,82842.53,82842.53,21926.51,1,0.95,0,0,0,0,CONSISTENT
SYN_0350,66394.5,15857.72,66394.5,47522.56,15857.72,1,0.95,0,0,0,0,SALARY_MISMATCH
SYN_0351,58082.59,15685.61,58082.59,58082.59,15685.61,1,0.95,0,0,0,0,CONSISTENT
SYN_0352,83464.16,8986.01,83464.16,83464.16,8986.01,1,0.95,0,0,0,0,CONSISTENT
SYN_0353,91365.69,25746.14,91365.69,91365.69,25746.14,1,0.95,0,0,0,0,CONSISTENT
SYN_0354,73339.0,15135.21,73339.0,73339.0,15135.21,0,0.95,0,0,0,0,EMPLOYMENT_MISMATCH
SYN_0355,51572.9,14508.2,51572.9,51572.9,14508.2,1,0.95,0,0,0,0,CONSISTENT
SYN_0356,105026.06,33435.66,105026.06,80892.18,33435.66,1,0.95,0,0,0,0,SALARY_MISMATCH
SYN_0357,84784.84,27817.13,84784.84,47750.71,27817.13,1,0.95,0,0,0,0,SALARY_MISMATCH
SYN_0358,51354.12,13243.72,51354.12,51354.12,29574.72,1,0.95,0,0,0,0,EMI_MISMATCH
SYN_0359,82410.45,11942.99,82410.45,82410.45,11942.99,1,0.95,0,0,0,0,CONSISTENT
SYN_0360,78910.11,27054.23,78910.11,78910.11,27054.23,1,0.95,0,0,0,0,CONSISTENT
SYN_0361,74616.69,12073.56,74616.69,74616.69,12073.56,1,0.95,0,0,0,0,CONSISTENT
SYN_0362,92590.94,19566.9,92590.94,55554.56,39133.8,1,0.95,0,0,0,0,MULTIPLE_MISMATCH
SYN_0363,92231.49,12993.66,92231.49,56936.75,12993.66,1,0.95,0,0,0,0,SALARY_MISMATCH
SYN_0364,48904.29,8046.39,48904.29,48904.29,8046.39,1,0.3,1,1,2,1,DATA_QUALITY_ISSUE
SYN_0365,53905.73,8553.14,53905.73,53905.73,20388.2,1,0.95,0,0,0,0,EMI_MISMATCH
SYN_0366,66710.58,12189.51,66710.58,42336.75,12189.51,1,0.95,0,0,0,0,SALARY_MISMATCH
SYN_0367,72547.99,17917.26,72547.99,72547.99,43871.9,1,0.95,0,0,0,0,EMI_MISMATCH
SYN_0368,57822.34,10975.41,57822.34,57822.34,10975.41,1,0.95,0,0,0,0,CONSISTENT
SYN_0369,50449.13,11773.72,50449.13,50449.13,11773.72,1,0.95,0,0,0,0,CONSISTENT
SYN_0370,93085.37,25723.81,93085.37,93085.37,25723.81,0,0.95,0,0,0,0,EMPLOYMENT_MISMATCH
SYN_0371,77608.62,18236.2,77608.62,39600.29,18236.2,1,0.95,0,0,0,0,SALARY_MISMATCH
SYN_0372,91341.55,11942.24,91341.55,91341.55,11942.24,1,0.17,2,1,1,1,DATA_QUALITY_ISSUE
SYN_0373,85989.6,15395.49,85989.6,85989.6,15395.49,1,0.95,0,0,0,0,CONSISTENT
SYN_0374,73789.25,8145.83,73789.25,40178.47,8145.83,1,0.95,0,0,0,0,SALARY_MISMATCH
SYN_0375,77090.14,24436.0,77090.14,77090.14,24436.0,1,0.24,1,3,2,1,DATA_QUALITY_ISSUE
SYN_0376,81788.02,19061.62,81788.02,81788.02,19061.62,1,0.95,0,0,0,0,CONSISTENT
SYN_0377,75957.84,10679.33,75957.84,75957.84,10679.33,1,0.95,0,0,0,0,CONSISTENT
SYN_0378,76808.85,21714.43,76808.85,76808.85,21714.43,1,0.95,0,0,0,0,CONSISTENT
SYN_0379,87077.89,30012.08,87077.89,87077.89,30012.08,1,0.95,0,0,0,0,CONSISTENT
SYN_0380,56715.41,5919.9,56715.41,56715.41,5919.9,1,0.95,0,0,0,0,CONSISTENT
SYN_0381,77756.57,22715.01,77756.57,77756.57,22715.01,1,0.95,0,0,0,0,CONSISTENT
SYN_0382,77501.54,23163.47,77501.54,77501.54,23163.47,1,0.95,0,0,0,0,CONSISTENT
SYN_0383,84270.43,25846.56,84270.43,84270.43,25846.56,1,0.3,1,2,2,1,DATA_QUALITY_ISSUE
SYN_0384,77115.55,26979.14,77115.55,77115.55,41769.43,1,0.95,0,0,0,0,EMI_MISMATCH
SYN_0385,90077.14,26626.48,90077.14,90077.14,26626.48,1,0.27,1,3,2,1,DATA_QUALITY_ISSUE
SYN_0386,71214.3,20744.56,71214.3,71214.3,50319.56,1,0.95,0,0,0,0,EMI_MISMATCH
SYN_0387,86848.5,16841.49,86848.5,51159.05,16841.49,1,0.95,0,0,0,0,SALARY_MISMATCH
SYN_0388,69128.62,12588.0,69128.62,69128.62,26815.07,1,0.95,0,0,0,0,EMI_MISMATCH
SYN_0389,44706.67,10601.07,44706.67,44706.67,22224.99,1,0.95,0,0,0,0,EMI_MISMATCH
SYN_0390,91071.01,19225.53,91071.01,45936.23,19225.53,1,0.95,0,0,0,0,SALARY_MISMATCH
SYN_0391,81766.43,23698.86,81766.43,81766.43,47408.27,1,0.95,0,0,0,0,EMI_MISMATCH
SYN_0392,59264.9,20023.81,59264.9,44694.64,20023.81,1,0.95,0,0,0,0,SALARY_MISMATCH
SYN_0393,76344.12,12330.9,76344.12,76344.12,12330.9,1,0.24,1,3,2,1,DATA_QUALITY_ISSUE
SYN_0394,57279.09,15973.58,57279.09,57279.09,15973.58,0,0.95,0,0,0,0,EMPLOYMENT_MISMATCH
SYN_0395,70941.0,22997.55,70941.0,36987.51,22997.55,1,0.95,0,0,0,0,SALARY_MISMATCH
SYN_0396,93927.31,24766.12,93927.31,93927.31,24766.12,1,0.21,2,1,1,1,DATA_QUALITY_ISSUE
SYN_0397,74494.7,12231.59,74494.7,74494.7,12231.59,1,0.95,0,0,0,0,CONSISTENT
SYN_0398,60744.78,10741.04,60744.78,60744.78,10741.04,1,0.95,0,0,0,0,CONSISTENT
SYN_0399,46318.45,11699.27,46318.45,27791.07,23398.54,1,0.95,0,0,0,0,MULTIPLE_MISMATCH
SYN_0400,80952.58,13612.66,80952.58,80952.58,13612.66,0,0.95,0,0,0,0,EMPLOYMENT_MISMATCH
SYN_0401,72985.98,19726.61,72985.98,40465.73,19726.61,1,0.95,0,0,0,0,SALARY_MISMATCH
SYN_0402,72611.64,20132.42,72611.64,38633.97,20132.42,1,0.95,0,0,0,0,SALARY_MISMATCH
SYN_0403,95961.22,22796.22,95961.22,95961.22,35183.97,1,0.95,0,0,0,0,EMI_MISMATCH
SYN_0404,73872.84,24958.0,73872.84,73872.84,52452.03,1,0.95,0,0,0,0,EMI_MISMATCH
SYN_0405,70740.87,10824.15,70740.87,42444.52,21648.3,1,0.95,0,0,0,0,MULTIPLE_MISMATCH
SYN_0406,81017.88,16426.95,81017.88,81017.88,38436.78,1,0.95,0,0,0,0,EMI_MISMATCH
SYN_0407,56342.05,16628.31,56342.05,56342.05,16628.31,1,0.18,1,3,2,1,DATA_QUALITY_ISSUE
SYN_0408,64606.42,18843.37,64606.42,38763.85,37686.74,1,0.95,0,0,0,0,MULTIPLE_MISMATCH
SYN_0409,57868.1,9189.97,57868.1,57868.1,9189.97,1,0.95,0,0,0,0,CONSISTENT
SYN_0410,71245.22,15547.35,71245.22,42747.13,31094.7,1,0.95,0,0,0,0,MULTIPLE_MISMATCH
SYN_0411,66787.64,10523.16,66787.64,37525.03,10523.16,1,0.95,0,0,0,0,SALARY_MISMATCH
SYN_0412,60933.3,10006.53,60933.3,60933.3,21334.08,1,0.95,0,0,0,0,EMI_MISMATCH
SYN_0413,68477.61,17068.85,68477.61,68477.61,17068.85,1,0.95,0,0,0,0,CONSISTENT
SYN_0414,64636.79,13617.63,64636.79,64636.79,26497.06,1,0.95,0,0,0,0,EMI_MISMATCH
SYN_0415,80849.41,14901.09,80849.41,80849.41,14901.09,0,0.95,0,0,0,0,EMPLOYMENT_MISMATCH
SYN_0416,93061.02,27281.37,93061.02,93061.02,27281.37,1,0.18,1,1,2,1,DATA_QUALITY_ISSUE
SYN_0417,58488.31,11039.61,58488.31,58488.31,11039.61,1,0.95,0,0,0,0,CONSISTENT
SYN_0418,64330.52,14780.9,64330.52,64330.52,14780.9,1,0.95,0,0,0,0,CONSISTENT
SYN_0419,65672.73,15433.29,65672.73,65672.73,15433.29,1,0.95,0,0,0,0,CONSISTENT
SYN_0420,85520.6,22467.92,85520.6,51312.36,44935.84,1,0.95,0,0,0,0,MULTIPLE_MISMATCH
SYN_0421,57410.95,15350.07,57410.95,45827.82,15350.07,1,0.95,0,0,0,0,SALARY_MISMATCH
SYN_0422,56497.98,13528.21,56497.98,56497.98,30176.71,1,0.95,0,0,0,0,EMI_MISMATCH
SYN_0423,76446.51,25946.43,76446.51,42243.64,25946.43,1,0.95,0,0,0,0,SALARY_MISMATCH
SYN_0424,64786.69,9733.13,64786.69,64786.69,19814.98,1,0.95,0,0,0,0,EMI_MISMATCH
SYN_0425,98751.98,18456.04,98751.98,98751.98,18456.04,1,0.95,0,0,0,0,CONSISTENT
SYN_0426,70398.29,21039.41,70398.29,70398.29,51066.39,1,0.95,0,0,0,0,EMI_MISMATCH
SYN_0427,58615.31,20405.21,58615.31,58615.31,20405.21,1,0.95,0,0,0,0,CONSISTENT
SYN_0428,70253.87,16508.91,70253.87,70253.87,16508.91,1,0.35,1,2,2,1,DATA_QUALITY_ISSUE
SYN_0429,67087.96,20563.59,67087.96,67087.96,20563.59,1,0.95,0,0,0,0,CONSISTENT
SYN_0430,80425.15,22292.74,80425.15,80425.15,22292.74,0,0.95,0,0,0,0,EMPLOYMENT_MISMATCH
SYN_0431,58941.08,11200.82,58941.08,58941.08,11200.82,1,0.95,0,0,0,0,CONSISTENT
SYN_0432,61653.81,20607.14,61653.81,61653.81,20607.14,1,0.95,0,0,0,0,CONSISTENT
SYN_0433,62278.52,13190.63,62278.52,62278.52,27708.16,1,0.95,0,0,0,0,EMI_MISMATCH
SYN_0434,50984.71,16817.2,50984.71,33093.62,16817.2,1,0.95,0,0,0,0,SALARY_MISMATCH
SYN_0435,69227.37,23028.4,69227.37,69227.37,23028.4,1,0.13,2,1,1,1,DATA_QUALITY_ISSUE
SYN_0436,81959.58,19106.44,81959.58,81959.58,42443.47,1,0.95,0,0,0,0,EMI_MISMATCH
SYN_0437,83671.76,15113.8,83671.76,83671.76,15113.8,1,0.95,0,0,0,0,CONSISTENT
SYN_0438,67163.97,9298.7,67163.97,67163.97,9298.7,1,0.95,0,0,0,0,CONSISTENT
SYN_0439,76309.72,25425.08,76309.72,76309.72,25425.08,1,0.95,0,0,0,0,CONSISTENT
SYN_0440,83200.37,18290.65,83200.37,83200.37,33174.26,1,0.95,0,0,0,0,EMI_MISMATCH
SYN_0441,67256.16,22745.99,67256.16,67256.16,52888.99,1,0.95,0,0,0,0,EMI_MISMATCH
SYN_0442,88976.64,11606.16,88976.64,88976.64,22959.7,1,0.95,0,0,0,0,EMI_MISMATCH
SYN_0443,73379.43,21586.83,73379.43,39376.17,21586.83,1,0.95,0,0,0,0,SALARY_MISMATCH
SYN_0444,73968.14,24713.66,73968.14,73968.14,58722.26,1,0.95,0,0,0,0,EMI_MISMATCH
SYN_0445,75735.8,14480.65,75735.8,75735.8,14480.65,1,0.95,0,0,0,0,CONSISTENT
SYN_0446,71539.49,17248.91,71539.49,71539.49,17248.91,1,0.95,0,0,0,0,CONSISTENT
SYN_0447,73813.82,21299.97,73813.82,73813.82,21299.97,1,0.95,0,0,0,0,CONSISTENT
SYN_0448,52795.74,9204.34,52795.74,52795.74,17767.48,1,0.95,0,0,0,0,EMI_MISMATCH
SYN_0449,63453.47,17316.74,63453.47,63453.47,17316.74,1,0.95,0,0,0,0,CONSISTENT
SYN_0450,66593.17,17200.84,66593.17,66593.17,29738.44,1,0.95,0,0,0,0,EMI_MISMATCH
SYN_0451,66107.58,17447.83,66107.58,66107.58,17447.83,1,0.95,0,0,0,0,CONSISTENT
SYN_0452,67390.01,18941.94,67390.01,40434.01,37883.88,1,0.95,0,0,0,0,MULTIPLE_MISMATCH
SYN_0453,100717.91,18991.27,100717.91,100717.91,18991.27,0,0.95,0,0,0,0,EMPLOYMENT_MISMATCH
SYN_0454,59109.22,13028.19,59109.22,32691.31,13028.19,1,0.95,0,0,0,0,SALARY_MISMATCH
SYN_0455,71509.92,21280.24,71509.92,71509.92,21280.24,1,0.95,0,0,0,0,CONSISTENT
SYN_0456,59302.83,16026.22,59302.83,59302.83,27079.42,1,0.95,0,0,0,0,EMI_MISMATCH
SYN_0457,89028.57,22909.25,89028.57,89028.57,38919.52,1,0.95,0,0,0,0,EMI_MISMATCH
SYN_0458,67593.44,7479.78,67593.44,67593.44,7479.78,1,0.95,0,0,0,0,CONSISTENT
SYN_0459,87241.76,19614.87,87241.76,87241.76,19614.87,1,0.95,0,0,0,0,CONSISTENT
SYN_0460,55379.27,7604.1,55379.27,55379.27,7604.1,1,0.95,0,0,0,0,CONSISTENT
SYN_0461,69156.05,18183.04,69156.05,69156.05,18183.04,1,0.95,0,0,0,0,CONSISTENT
SYN_0462,83307.5,21120.14,83307.5,49984.5,42240.28,1,0.95,0,0,0,0,MULTIPLE_MISMATCH
SYN_0463,82418.94,10985.31,82418.94,49451.36,21970.62,1,0.95,0,0,0,0,MULTIPLE_MISMATCH
SYN_0464,73250.14,19387.34,73250.14,73250.14,19387.34,1,0.95,0,0,0,0,CONSISTENT
SYN_0465,79877.65,13041.19,79877.65,79877.65,13041.19,1,0.33,2,3,1,1,DATA_QUALITY_ISSUE
SYN_0466,72499.14,23473.73,72499.14,72499.14,50155.61,1,0.95,0,0,0,0,EMI_MISMATCH
SYN_0467,75480.06,10381.7,75480.06,75480.06,23228.37,1,0.95,0,0,0,0,EMI_MISMATCH
SYN_0468,63698.73,17202.28,63698.73,32645.72,17202.28,1,0.95,0,0,0,0,SALARY_MISMATCH
SYN_0469,69520.18,8190.46,69520.18,69520.18,8190.46,1,0.95,0,0,0,0,CONSISTENT
SYN_0470,77770.2,26373.85,77770.2,77770.2,26373.85,1,0.95,0,0,0,0,CONSISTENT
SYN_0471,54793.11,10269.64,54793.11,54793.11,10269.64,0,0.95,0,0,0,0,EMPLOYMENT_MISMATCH
SYN_0472,60425.79,16033.54,60425.79,60425.79,16033.54,0,0.95,0,0,0,0,EMPLOYMENT_MISMATCH
SYN_0473,92785.56,15426.68,92785.56,92785.56,15426.68,1,0.95,0,0,0,0,CONSISTENT
SYN_0474,85784.3,10340.69,85784.3,85784.3,10340.69,1,0.95,0,0,0,0,CONSISTENT
SYN_0475,89940.72,23039.74,89940.72,89940.72,23039.74,1,0.21,2,3,1,1,DATA_QUALITY_ISSUE
SYN_0476,63648.07,10513.28,63648.07,63648.07,10513.28,1,0.95,0,0,0,0,CONSISTENT
SYN_0477,74592.62,24164.55,74592.62,74592.62,24164.55,1,0.95,0,0,0,0,CONSISTENT
SYN_0478,83614.63,10979.3,83614.63,83614.63,10979.3,1,0.95,0,0,0,0,CONSISTENT
SYN_0479,74448.36,24573.49,74448.36,48855.28,24573.49,1,0.95,0,0,0,0,SALARY_MISMATCH
SYN_0480,59771.8,8317.82,59771.8,59771.8,12840.52,1,0.95,0,0,0,0,EMI_MISMATCH
SYN_0481,62564.44,12137.39,62564.44,62564.44,12137.39,1,0.95,0,0,0,0,CONSISTENT
SYN_0482,78025.51,15383.76,78025.51,78025.51,25593.71,1,0.95,0,0,0,0,EMI_MISMATCH
SYN_0483,78158.55,17508.45,78158.55,78158.55,17508.45,1,0.95,0,0,0,0,CONSISTENT
SYN_0484,82687.49,28783.83,82687.49,82687.49,28783.83,1,0.95,0,0,0,0,CONSISTENT
SYN_0485,86192.81,14188.02,86192.81,86192.81,29000.55,1,0.95,0,0,0,0,EMI_MISMATCH
SYN_0486,69597.1,10806.05,69597.1,69597.1,26781.68,1,0.95,0,0,0,0,EMI_MISMATCH
SYN_0487,55596.62,6308.25,55596.62,55596.62,6308.25,0,0.95,0,0,0,0,EMPLOYMENT_MISMATCH
SYN_0488,78512.06,22634.78,78512.06,78512.06,22634.78,1,0.95,0,0,0,0,CONSISTENT
SYN_0489,100948.37,12819.02,100948.37,100948.37,12819.02,1,0.95,0,0,0,0,CONSISTENT
SYN_0490,79502.88,9776.29,79502.88,79502.88,24099.82,1,0.95,0,0,0,0,EMI_MISMATCH
SYN_0491,68637.01,13957.62,68637.01,49930.37,13957.62,1,0.95,0,0,0,0,SALARY_MISMATCH
SYN_0492,60897.77,15406.23,60897.77,60897.77,15406.23,0,0.95,0,0,0,0,EMPLOYMENT_MISMATCH
SYN_0493,90029.28,18766.61,90029.28,90029.28,18766.61,1,0.95,0,0,0,0,CONSISTENT
SYN_0494,78075.4,18699.88,78075.4,78075.4,18699.88,1,0.95,0,0,0,0,CONSISTENT
SYN_0495,83086.98,14081.21,83086.98,49852.19,28162.42,1,0.95,0,0,0,0,MULTIPLE_MISMATCH
SYN_0496,80124.44,25636.14,80124.44,80124.44,25636.14,1,0.95,0,0,0,0,CONSISTENT
SYN_0497,91498.57,27795.4,91498.57,91498.57,58786.67,1,0.95,0,0,0,0,EMI_MISMATCH
SYN_0498,62128.42,12041.42,62128.42,62128.42,24548.79,1,0.95,0,0,0,0,EMI_MISMATCH
SYN_0499,78464.0,24180.26,78464.0,39491.68,24180.26,1,0.95,0,0,0,0,SALARY_MISMATCH
SYN_0500,78546.37,22752.46,78546.37,78546.37,22752.46,0,0.95,0,0,0,0,EMPLOYMENT_MISMATCH
SYN_0501,84513.62,18388.45,84513.62,84513.62,36814.6,1,0.95,0,0,0,0,EMI_MISMATCH
SYN_0502,82129.28,16125.59,82129.28,82129.28,16125.59,1,0.95,0,0,0,0,CONSISTENT
SYN_0503,64837.87,8717.82,64837.87,64837.87,18857.01,1,0.95,0,0,0,0,EMI_MISMATCH
SYN_0504,85076.21,12301.44,85076.21,85076.21,12301.44,1,0.95,0,0,0,0,CONSISTENT
SYN_0505,69090.28,13605.15,69090.28,69090.28,13605.15,1,0.95,0,0,0,0,CONSISTENT
SYN_0506,68822.61,21924.52,68822.61,44943.43,21924.52,1,0.95,0,0,0,0,SALARY_MISMATCH
SYN_0507,71703.9,19771.34,71703.9,71703.9,19771.34,0,0.95,0,0,0,0,EMPLOYMENT_MISMATCH
SYN_0508,70247.67,15570.36,70247.67,70247.67,15570.36,1,0.95,0,0,0,0,CONSISTENT
SYN_0509,70404.7,12709.95,70404.7,70404.7,27154.69,1,0.95,0,0,0,0,EMI_MISMATCH
SYN_0510,75983.91,20808.49,75983.91,75983.91,20808.49,1,0.95,0,0,0,0,CONSISTENT
SYN_0511,76223.45,14739.0,76223.45,76223.45,14739.0,0,0.95,0,0,0,0,EMPLOYMENT_MISMATCH
SYN_0512,94598.36,26854.24,94598.36,94598.36,26854.24,1,0.95,0,0,0,0,CONSISTENT
SYN_0513,66260.45,19900.78,66260.45,66260.45,19900.78,1,0.95,0,0,0,0,CONSISTENT
SYN_0514,72431.26,20527.31,72431.26,72431.26,20527.31,0,0.95,0,0,0,0,EMPLOYMENT_MISMATCH
SYN_0515,81835.35,18334.52,81835.35,81835.35,18334.52,1,0.95,0,0,0,0,CONSISTENT
SYN_0516,58774.46,15955.96,58774.46,58774.46,15955.96,1,0.95,0,0,0,0,CONSISTENT
SYN_0517,87751.41,29622.96,87751.41,87751.41,29622.96,1,0.16,2,1,2,1,DATA_QUALITY_ISSUE
SYN_0518,88135.74,9390.79,88135.74,88135.74,9390.79,1,0.95,0,0,0,0,CONSISTENT
SYN_0519,67083.35,15396.95,67083.35,67083.35,15396.95,1,0.95,0,0,0,0,CONSISTENT
SYN_0520,86571.58,29016.18,86571.58,86571.58,29016.18,1,0.95,0,0,0,0,CONSISTENT
SYN_0521,90494.46,28097.03,90494.46,90494.46,28097.03,1,0.95,0,0,0,0,CONSISTENT
SYN_0522,72075.82,21670.38,72075.82,72075.82,21670.38,1,0.95,0,0,0,0,CONSISTENT
SYN_0523,58328.8,7008.23,58328.8,41902.35,7008.23,1,0.95,0,0,0,0,SALARY_MISMATCH
SYN_0524,74225.34,15528.88,74225.34,53357.07,15528.88,1,0.95,0,0,0,0,SALARY_MISMATCH
SYN_0525,80321.68,10750.13,80321.68,80321.68,10750.13,0,0.95,0,0,0,0,EMPLOYMENT_MISMATCH
SYN_0526,58532.06,15466.44,58532.06,58532.06,15466.44,0,0.95,0,0,0,0,EMPLOYMENT_MISMATCH
SYN_0527,60354.37,9762.0,60354.37,60354.37,9762.0,1,0.37,2,2,2,1,DATA_QUALITY_ISSUE
SYN_0528,61613.16,12767.58,61613.16,61613.16,12767.58,1,0.95,0,0,0,0,CONSISTENT
SYN_0529,64232.65,20122.32,64232.65,38539.59,40244.64,1,0.95,0,0,0,0,MULTIPLE_MISMATCH
SYN_0530,67734.59,17267.23,67734.59,67734.59,17267.23,1,0.95,0,0,0,0,CONSISTENT
SYN_0531,55293.63,16199.07,55293.63,55293.63,25698.6,1,0.95,0,0,0,0,EMI_MISMATCH
SYN_0532,58570.48,16582.02,58570.48,58570.48,16582.02,1,0.95,0,0,0,0,CONSISTENT
SYN_0533,92396.87,27435.24,92396.87,63506.92,27435.24,1,0.95,0,0,0,0,SALARY_MISMATCH
SYN_0534,69346.29,23916.68,69346.29,37688.98,23916.68,1,0.95,0,0,0,0,SALARY_MISMATCH
SYN_0535,66640.78,11807.06,66640.78,66640.78,11807.06,0,0.95,0,0,0,0,EMPLOYMENT_MISMATCH
SYN_0536,59039.49,20182.0,59039.49,59039.49,20182.0,1,0.15,1,2,1,1,DATA_QUALITY_ISSUE
SYN_0537,84494.43,20304.49,84494.43,84494.43,20304.49,1,0.95,0,0,0,0,CONSISTENT
SYN_0538,68256.36,8784.06,68256.36,51741.18,8784.06,1,0.95,0,0,0,0,SALARY_MISMATCH
SYN_0539,77646.62,18315.64,77646.62,77646.62,18315.64,0,0.95,0,0,0,0,EMPLOYMENT_MISMATCH
SYN_0540,69494.58,14911.81,69494.58,69494.58,14911.81,1,0.95,0,0,0,0,CONSISTENT
SYN_0541,81548.4,17579.71,81548.4,50847.85,17579.71,1,0.95,0,0,0,0,SALARY_MISMATCH
SYN_0542,88559.02,20931.63,88559.02,88559.02,32700.92,1,0.95,0,0,0,0,EMI_MISMATCH
SYN_0543,72256.55,8164.21,72256.55,53172.4,8164.21,1,0.95,0,0,0,0,SALARY_MISMATCH
SYN_0544,95623.15,15744.85,95623.15,95623.15,15744.85,1,0.95,0,0,0,0,CONSISTENT
SYN_0545,92429.01,21244.48,92429.01,92429.01,21244.48,1,0.95,0,0,0,0,CONSISTENT
SYN_0546,63474.53,20277.42,63474.53,63474.53,20277.42,1,0.95,0,0,0,0,CONSISTENT
SYN_0547,69592.9,14810.05,69592.9,41755.74,29620.1,1,0.95,0,0,0,0,MULTIPLE_MISMATCH
SYN_0548,82671.23,24222.93,82671.23,82671.23,24222.93,1,0.11,1,2,1,1,DATA_QUALITY_ISSUE
SYN_0549,72292.8,9135.53,72292.8,72292.8,9135.53,1,0.3,1,3,2,1,DATA_QUALITY_ISSUE
SYN_0550,122896.61,25841.23,122896.61,122896.61,25841.23,1,0.95,0,0,0,0,CONSISTENT
SYN_0551,94059.47,15906.44,94059.47,94059.47,15906.44,1,0.95,0,0,0,0,CONSISTENT
SYN_0552,64390.42,16784.56,64390.42,64390.42,16784.56,1,0.95,0,0,0,0,CONSISTENT
SYN_0553,75730.03,16047.25,75730.03,75730.03,16047.25,1,0.95,0,0,0,0,CONSISTENT
SYN_0554,89352.85,12644.19,89352.85,89352.85,26723.16,1,0.95,0,0,0,0,EMI_MISMATCH
SYN_0555,113155.02,12259.88,113155.02,113155.02,12259.88,1,0.95,0,0,0,0,CONSISTENT
SYN_0556,77742.1,22013.36,77742.1,77742.1,22013.36,1,0.95,0,0,0,0,CONSISTENT
SYN_0557,90052.48,30792.45,90052.48,54031.49,61584.9,1,0.95,0,0,0,0,MULTIPLE_MISMATCH
SYN_0558,65581.25,8486.93,65581.25,39348.75,16973.86,1,0.95,0,0,0,0,MULTIPLE_MISMATCH
SYN_0559,59134.27,16634.26,59134.27,59134.27,16634.26,0,0.95,0,0,0,0,EMPLOYMENT_MISMATCH
SYN_0560,74384.77,25980.33,74384.77,74384.77,25980.33,1,0.95,0,0,0,0,CONSISTENT
SYN_0561,62071.19,16865.69,62071.19,62071.19,16865.69,1,0.13,2,1,2,1,DATA_QUALITY_ISSUE
SYN_0562,80453.19,9642.45,80453.19,48271.91,19284.9,1,0.95,0,0,0,0,MULTIPLE_MISMATCH
SYN_0563,80077.26,24404.82,80077.26,80077.26,24404.82,0,0.95,0,0,0,0,EMPLOYMENT_MISMATCH
SYN_0564,70568.98,19587.18,70568.98,41939.5,19587.18,1,0.95,0,0,0,0,SALARY_MISMATCH
SYN_0565,72519.01,13738.69,72519.01,47011.44,13738.69,1,0.95,0,0,0,0,SALARY_MISMATCH
SYN_0566,94589.55,17385.75,94589.55,56753.73,34771.5,1,0.95,0,0,0,0,MULTIPLE_MISMATCH
SYN_0567,87609.3,10965.12,87609.3,87609.3,10965.12,1,0.95,0,0,0,0,CONSISTENT
SYN_0568,83201.0,11273.15,83201.0,83201.0,11273.15,1,0.95,0,0,0,0,CONSISTENT
SYN_0569,99230.64,26076.51,99230.64,99230.64,26076.51,1,0.95,0,0,0,0,CONSISTENT
SYN_0570,70165.19,13197.63,70165.19,70165.19,30901.56,1,0.95,0,0,0,0,EMI_MISMATCH
SYN_0571,75569.26,9942.36,75569.26,53114.1,9942.36,1,0.95,0,0,0,0,SALARY_MISMATCH
SYN_0572,77033.17,20920.81,77033.17,77033.17,20920.81,1,0.95,0,0,0,0,CONSISTENT
SYN_0573,79249.32,12425.89,79249.32,79249.32,12425.89,1,0.95,0,0,0,0,CONSISTENT
SYN_0574,71116.43,12076.92,71116.43,42669.86,24153.84,1,0.95,0,0,0,0,MULTIPLE_MISMATCH
SYN_0575,76895.69,13558.84,76895.69,76895.69,23221.47,1,0.95,0,0,0,0,EMI_MISMATCH
SYN_0576,104083.93,18317.38,104083.93,104083.93,18317.38,1,0.95,0,0,0,0,CONSISTENT
SYN_0577,85854.16,22858.35,85854.16,85854.16,40237.25,1,0.95,0,0,0,0,EMI_MISMATCH
SYN_0578,85011.91,22756.25,85011.91,85011.91,22756.25,1,0.27,1,2,2,1,DATA_QUALITY_ISSUE
SYN_0579,66415.54,8780.94,66415.54,66415.54,8780.94,1,0.95,0,0,0,0,CONSISTENT
SYN_0580,55184.9,16587.95,55184.9,35523.68,16587.95,1,0.95,0,0,0,0,SALARY_MISMATCH
SYN_0581,68915.63,23538.88,68915.63,68915.63,23538.88,1,0.95,0,0,0,0,CONSISTENT
SYN_0582,73989.13,20489.22,73989.13,73989.13,20489.22,1,0.95,0,0,0,0,CONSISTENT
SYN_0583,83113.04,25753.84,83113.04,83113.04,25753.84,1,0.39,2,3,1,1,DATA_QUALITY_ISSUE
SYN_0584,88271.27,27130.06,88271.27,88271.27,27130.06,1,0.95,0,0,0,0,CONSISTENT
SYN_0585,80509.31,9993.91,80509.31,80509.31,9993.91,1,0.95,0,0,0,0,CONSISTENT
SYN_0586,102572.76,10575.36,102572.76,102572.76,10575.36,1,0.95,0,0,0,0,CONSISTENT
SYN_0587,86999.13,15164.77,86999.13,51327.38,15164.77,1,0.95,0,0,0,0,SALARY_MISMATCH
SYN_0588,50755.34,5686.41,50755.34,50755.34,5686.41,0,0.95,0,0,0,0,EMPLOYMENT_MISMATCH
SYN_0589,81424.69,20218.19,81424.69,81424.69,20218.19,1,0.37,1,3,1,1,DATA_QUALITY_ISSUE
SYN_0590,88487.04,27390.11,88487.04,51816.87,27390.11,1,0.95,0,0,0,0,SALARY_MISMATCH
SYN_0591,87785.27,21361.43,87785.27,61243.18,21361.43,1,0.95,0,0,0,0,SALARY_MISMATCH
SYN_0592,64732.23,10037.14,64732.23,64732.23,10037.14,1,0.95,0,0,0,0,CONSISTENT
SYN_0593,77723.8,8406.72,77723.8,59114.04,8406.72,1,0.95,0,0,0,0,SALARY_MISMATCH
SYN_0594,100637.42,34111.67,100637.42,100637.42,34111.67,1,0.95,0,0,0,0,CONSISTENT
SYN_0595,67231.31,22029.63,67231.31,67231.31,22029.63,1,0.95,0,0,0,0,CONSISTENT
SYN_0596,78615.73,10564.46,78615.73,47345.91,10564.46,1,0.95,0,0,0,0,SALARY_MISMATCH
SYN_0597,96482.55,25075.95,96482.55,96482.55,25075.95,1,0.95,0,0,0,0,CONSISTENT
SYN_0598,70927.13,9427.87,70927.13,70927.13,16349.67,1,0.95,0,0,0,0,EMI_MISMATCH
SYN_0599,71885.53,24869.52,71885.53,71885.53,24869.52,0,0.95,0,0,0,0,EMPLOYMENT_MISMATCH
SYN_0600,48750.33,9835.04,48750.33,48750.33,9835.04,1,0.95,0,0,0,0,CONSISTENT
SYN_0601,87098.46,13910.86,87098.46,52259.08,27821.72,1,0.95,0,0,0,0,MULTIPLE_MISMATCH
SYN_0602,78090.74,16603.37,78090.74,50125.77,16603.37,1,0.95,0,0,0,0,SALARY_MISMATCH
SYN_0603,37238.5,8139.3,37238.5,37238.5,17018.2,1,0.95,0,0,0,0,EMI_MISMATCH
SYN_0604,53250.9,16695.97,53250.9,27416.18,16695.97,1,0.95,0,0,0,0,SALARY_MISMATCH
SYN_0605,67725.49,14609.27,67725.49,40635.29,29218.54,1,0.95,0,0,0,0,MULTIPLE_MISMATCH
SYN_0606,86631.68,13395.64,86631.68,53628.39,13395.64,1,0.95,0,0,0,0,SALARY_MISMATCH
SYN_0607,87439.87,14964.51,87439.87,87439.87,14964.51,1,0.95,0,0,0,0,CONSISTENT
SYN_0608,66272.43,15434.84,66272.43,39763.46,30869.68,1,0.95,0,0,0,0,MULTIPLE_MISMATCH
SYN_0609,68462.54,18406.5,68462.54,41077.52,36813.0,1,0.95,0,0,0,0,MULTIPLE_MISMATCH
SYN_0610,76039.41,16169.72,76039.41,76039.41,16169.72,1,0.95,0,0,0,0,CONSISTENT
SYN_0611,69456.47,19619.03,69456.47,69456.47,19619.03,1,0.36,1,1,1,1,DATA_QUALITY_ISSUE
SYN_0612,58147.26,10312.02,58147.26,58147.26,23962.97,1,0.95,0,0,0,0,EMI_MISMATCH
SYN_0613,67754.08,11138.89,67754.08,67754.08,11138.89,1,0.12,1,2,2,1,DATA_QUALITY_ISSUE
SYN_0614,77201.9,15128.46,77201.9,77201.9,15128.46,1,0.95,0,0,0,0,CONSISTENT
SYN_0615,61677.78,12627.72,61677.78,44738.19,12627.72,1,0.95,0,0,0,0,SALARY_MISMATCH
SYN_0616,70396.78,8450.78,70396.78,70396.78,8450.78,1,0.95,0,0,0,0,CONSISTENT
SYN_0617,77529.82,20907.27,77529.82,77529.82,20907.27,1,0.95,0,0,0,0,CONSISTENT
SYN_0618,81629.11,20277.91,81629.11,81629.11,20277.91,1,0.95,0,0,0,0,CONSISTENT
SYN_0619,85623.22,21674.95,85623.22,85623.22,21674.95,1,0.95,0,0,0,0,CONSISTENT
SYN_0620,78498.24,22057.48,78498.24,47098.94,44114.96,1,0.95,0,0,0,0,MULTIPLE_MISMATCH
SYN_0621,57844.11,5953.7,57844.11,57844.11,5953.7,1,0.95,0,0,0,0,CONSISTENT
SYN_0622,76628.4,13314.96,76628.4,49486.63,13314.96,1,0.95,0,0,0,0,SALARY_MISMATCH
SYN_0623,45609.15,12875.16,45609.15,45609.15,27711.1,1,0.95,0,0,0,0,EMI_MISMATCH
SYN_0624,85989.74,23485.79,85989.74,51593.84,46971.58,1,0.95,0,0,0,0,MULTIPLE_MISMATCH
SYN_0625,57095.45,10081.82,57095.45,42061.96,10081.82,1,0.95,0,0,0,0,SALARY_MISMATCH
SYN_0626,88787.31,26600.24,88787.31,66299.86,26600.24,1,0.95,0,0,0,0,SALARY_MISMATCH
SYN_0627,72985.37,13116.69,72985.37,43791.22,26233.38,1,0.95,0,0,0,0,MULTIPLE_MISMATCH
SYN_0628,87162.12,16804.26,87162.12,87162.12,35307.0,1,0.95,0,0,0,0,EMI_MISMATCH
SYN_0629,60198.21,8530.99,60198.21,60198.21,8530.99,0,0.95,0,0,0,0,EMPLOYMENT_MISMATCH
SYN_0630,97230.34,13189.15,97230.34,74578.5,13189.15,1,0.95,0,0,0,0,SALARY_MISMATCH
SYN_0631,94654.63,17525.4,94654.63,94654.63,17525.4,1,0.95,0,0,0,0,CONSISTENT
SYN_0632,95935.26,19417.99,95935.26,95935.26,19417.99,1,0.95,0,0,0,0,CONSISTENT
SYN_0633,89472.77,17102.58,89472.77,89472.77,17102.58,1,0.95,0,0,0,0,CONSISTENT
SYN_0634,99233.74,34435.0,99233.74,99233.74,34435.0,1,0.95,0,0,0,0,CONSISTENT
SYN_0635,62855.95,13916.15,62855.95,31947.23,13916.15,1,0.95,0,0,0,0,SALARY_MISMATCH
SYN_0636,81360.92,27744.43,81360.92,50058.28,27744.43,1,0.95,0,0,0,0,SALARY_MISMATCH
SYN_0637,73674.56,10314.9,73674.56,73674.56,10314.9,1,0.95,0,0,0,0,CONSISTENT
SYN_0638,69449.83,20074.71,69449.83,69449.83,20074.71,1,0.95,0,0,0,0,CONSISTENT
SYN_0639,83413.79,10763.28,83413.79,65627.94,10763.28,1,0.95,0,0,0,0,SALARY_MISMATCH
SYN_0640,70567.8,22729.95,70567.8,70567.8,22729.95,1,0.95,0,0,0,0,CONSISTENT
SYN_0641,51905.0,9607.45,51905.0,51905.0,19612.72,1,0.95,0,0,0,0,EMI_MISMATCH
SYN_0642,52705.84,12566.54,52705.84,52705.84,12566.54,1,0.95,0,0,0,0,CONSISTENT
SYN_0643,84570.77,17769.19,84570.77,49955.95,17769.19,1,0.95,0,0,0,0,SALARY_MISMATCH
SYN_0644,82512.67,12266.0,82512.67,82512.67,12266.0,1,0.95,0,0,0,0,CONSISTENT
SYN_0645,56078.18,19156.55,56078.18,56078.18,19156.55,1,0.95,0,0,0,0,CONSISTENT
SYN_0646,62024.41,11587.35,62024.41,62024.41,24107.11,1,0.95,0,0,0,0,EMI_MISMATCH
SYN_0647,106111.24,23580.51,106111.24,106111.24,23580.51,1,0.95,0,0,0,0,CONSISTENT
SYN_0648,61209.23,21329.1,61209.23,46769.63,21329.1,1,0.95,0,0,0,0,SALARY_MISMATCH
SYN_0649,104410.37,15695.8,104410.37,104410.37,29745.7,1,0.95,0,0,0,0,EMI_MISMATCH
SYN_0650,91910.37,20117.94,91910.37,91910.37,20117.94,1,0.95,0,0,0,0,CONSISTENT
SYN_0651,78806.09,18389.14,78806.09,59970.71,18389.14,1,0.95,0,0,0,0,SALARY_MISMATCH
SYN_0652,82015.4,24410.03,82015.4,82015.4,24410.03,1,0.95,0,0,0,0,CONSISTENT
SYN_0653,65017.72,20758.38,65017.72,65017.72,20758.38,1,0.95,0,0,0,0,CONSISTENT
SYN_0654,88097.54,12086.89,88097.54,88097.54,12086.89,1,0.24,2,2,1,1,DATA_QUALITY_ISSUE
SYN_0655,123819.71,29800.67,123819.71,123819.71,29800.67,1,0.95,0,0,0,0,CONSISTENT
SYN_0656,56333.12,14164.33,56333.12,43693.12,14164.33,1,0.95,0,0,0,0,SALARY_MISMATCH
SYN_0657,83045.87,17771.39,83045.87,83045.87,17771.39,1,0.95,0,0,0,0,CONSISTENT
SYN_0658,79604.07,19943.15,79604.07,53925.55,19943.15,1,0.95,0,0,0,0,SALARY_MISMATCH
SYN_0659,77445.92,8896.05,77445.92,46467.55,17792.1,1,0.95,0,0,0,0,MULTIPLE_MISMATCH
SYN_0660,74884.06,19473.57,74884.06,74884.06,19473.57,1,0.95,0,0,0,0,CONSISTENT
SYN_0661,63265.96,10376.37,63265.96,63265.96,10376.37,1,0.95,0,0,0,0,CONSISTENT
SYN_0662,58804.64,20163.13,58804.64,58804.64,20163.13,1,0.95,0,0,0,0,CONSISTENT
SYN_0663,88281.88,29337.34,88281.88,88281.88,29337.34,1,0.95,0,0,0,0,CONSISTENT
SYN_0664,86837.01,27615.22,86837.01,86837.01,27615.22,1,0.95,0,0,0,0,CONSISTENT
SYN_0665,96389.05,29393.79,96389.05,57835.57,29393.79,1,0.95,0,0,0,0,SALARY_MISMATCH
SYN_0666,94623.36,21966.3,94623.36,94623.36,21966.3,0,0.95,0,0,0,0,EMPLOYMENT_MISMATCH
SYN_0667,93138.99,10921.23,93138.99,93138.99,10921.23,0,0.95,0,0,0,0,EMPLOYMENT_MISMATCH
SYN_0668,53406.54,17852.35,53406.54,53406.54,17852.35,1,0.95,0,0,0,0,CONSISTENT
SYN_0669,77708.75,21370.57,77708.75,46625.25,42741.14,1,0.95,0,0,0,0,MULTIPLE_MISMATCH
SYN_0670,77178.58,15418.35,77178.58,77178.58,15418.35,1,0.95,0,0,0,0,CONSISTENT
SYN_0671,89427.82,9490.49,89427.82,89427.82,9490.49,0,0.95,0,0,0,0,EMPLOYMENT_MISMATCH
SYN_0672,58088.65,13783.42,58088.65,58088.65,13783.42,1,0.95,0,0,0,0,CONSISTENT
SYN_0673,100876.76,10241.23,100876.76,100876.76,16395.61,1,0.95,0,0,0,0,EMI_MISMATCH
SYN_0674,85080.91,23009.04,85080.91,51048.55,46018.08,1,0.95,0,0,0,0,MULTIPLE_MISMATCH
SYN_0675,67898.13,14908.05,67898.13,67898.13,14908.05,1,0.95,0,0,0,0,CONSISTENT
SYN_0676,84424.6,23430.15,84424.6,84424.6,23430.15,1,0.95,0,0,0,0,CONSISTENT
SYN_0677,81397.44,16306.06,81397.44,81397.44,29228.86,1,0.95,0,0,0,0,EMI_MISMATCH
SYN_0678,69914.32,11643.67,69914.32,69914.32,11643.67,1,0.95,0,0,0,0,CONSISTENT
SYN_0679,92254.44,21886.91,92254.44,92254.44,21886.91,1,0.95,0,0,0,0,CONSISTENT
SYN_0680,79197.64,8586.39,79197.64,79197.64,8586.39,1,0.95,0,0,0,0,CONSISTENT
SYN_0681,97218.58,14287.31,97218.58,97218.58,14287.31,1,0.95,0,0,0,0,CONSISTENT
SYN_0682,67821.34,21481.28,67821.34,67821.34,21481.28,0,0.95,0,0,0,0,EMPLOYMENT_MISMATCH
SYN_0683,78288.48,20298.07,78288.48,51504.7,20298.07,1,0.95,0,0,0,0,SALARY_MISMATCH
SYN_0684,94339.05,14968.15,94339.05,55750.44,14968.15,1,0.95,0,0,0,0,SALARY_MISMATCH
SYN_0685,59892.24,19716.4,59892.24,59892.24,19716.4,1,0.95,0,0,0,0,CONSISTENT
SYN_0686,77515.89,15531.19,77515.89,77515.89,15531.19,0,0.95,0,0,0,0,EMPLOYMENT_MISMATCH
SYN_0687,60535.58,12144.14,60535.58,60535.58,12144.14,1,0.95,0,0,0,0,CONSISTENT
SYN_0688,89038.22,13111.76,89038.22,89038.22,13111.76,1,0.95,0,0,0,0,CONSISTENT
SYN_0689,85408.18,27666.42,85408.18,85408.18,27666.42,0,0.95,0,0,0,0,EMPLOYMENT_MISMATCH
SYN_0690,98941.2,21444.71,98941.2,98941.2,39466.22,1,0.95,0,0,0,0,EMI_MISMATCH
SYN_0691,72458.26,17480.27,72458.26,72458.26,17480.27,1,0.36,2,2,1,1,DATA_QUALITY_ISSUE
SYN_0692,77243.96,15881.06,77243.96,77243.96,15881.06,1,0.21,2,3,1,1,DATA_QUALITY_ISSUE
SYN_0693,76175.23,25331.52,76175.23,76175.23,25331.52,1,0.95,0,0,0,0,CONSISTENT
SYN_0694,66676.92,17933.55,66676.92,40006.15,35867.1,1,0.95,0,0,0,0,MULTIPLE_MISMATCH
SYN_0695,83251.43,12129.88,83251.43,83251.43,12129.88,1,0.95,0,0,0,0,CONSISTENT
SYN_0696,69599.52,9214.99,69599.52,69599.52,9214.99,1,0.95,0,0,0,0,CONSISTENT
SYN_0697,108617.02,38001.46,108617.02,108617.02,60985.05,1,0.95,0,0,0,0,EMI_MISMATCH
SYN_0698,68845.78,13513.05,68845.78,52305.31,13513.05,1,0.95,0,0,0,0,SALARY_MISMATCH
SYN_0699,79321.89,23217.13,79321.89,39729.51,23217.13,1,0.95,0,0,0,0,SALARY_MISMATCH
SYN_0700,62492.47,9155.51,62492.47,37495.48,18311.02,1,0.95,0,0,0,0,MULTIPLE_MISMATCH
SYN_0701,99324.0,19148.71,99324.0,99324.0,45377.91,1,0.95,0,0,0,0,EMI_MISMATCH
SYN_0702,65675.59,17202.3,65675.59,65675.59,17202.3,0,0.95,0,0,0,0,EMPLOYMENT_MISMATCH
SYN_0703,85093.29,11183.9,85093.29,85093.29,11183.9,0,0.95,0,0,0,0,EMPLOYMENT_MISMATCH
SYN_0704,72533.75,24926.07,72533.75,72533.75,24926.07,0,0.95,0,0,0,0,EMPLOYMENT_MISMATCH
SYN_0705,69848.83,17098.56,69848.83,69848.83,17098.56,1,0.95,0,0,0,0,CONSISTENT
SYN_0706,104470.43,11570.28,104470.43,104470.43,11570.28,1,0.95,0,0,0,0,CONSISTENT
SYN_0707,82716.01,19516.96,82716.01,82716.01,31224.54,1,0.95,0,0,0,0,EMI_MISMATCH
SYN_0708,83845.83,13454.93,83845.83,83845.83,32440.76,1,0.95,0,0,0,0,EMI_MISMATCH
SYN_0709,77647.31,8374.69,77647.31,46588.39,16749.38,1,0.95,0,0,0,0,MULTIPLE_MISMATCH
SYN_0710,76234.95,13917.51,76234.95,76234.95,13917.51,0,0.95,0,0,0,0,EMPLOYMENT_MISMATCH
SYN_0711,88710.33,28335.12,88710.33,88710.33,28335.12,1,0.11,2,2,1,1,DATA_QUALITY_ISSUE
SYN_0712,60773.33,17836.84,60773.33,60773.33,17836.84,1,0.95,0,0,0,0,CONSISTENT
SYN_0713,81577.14,10718.22,81577.14,81577.14,10718.22,0,0.95,0,0,0,0,EMPLOYMENT_MISMATCH
SYN_0714,75294.25,22026.55,75294.25,75294.25,22026.55,1,0.95,0,0,0,0,CONSISTENT
SYN_0715,69689.39,7274.74,69689.39,41813.63,14549.48,1,0.95,0,0,0,0,MULTIPLE_MISMATCH
SYN_0716,66395.97,19472.97,66395.97,66395.97,19472.97,1,0.95,0,0,0,0,CONSISTENT
SYN_0717,56413.39,5660.43,56413.39,33280.52,5660.43,1,0.95,0,0,0,0,SALARY_MISMATCH
SYN_0718,52987.12,18203.65,52987.12,52987.12,42725.07,1,0.95,0,0,0,0,EMI_MISMATCH
SYN_0719,77600.12,22899.33,77600.12,77600.12,22899.33,1,0.95,0,0,0,0,CONSISTENT
SYN_0720,78659.3,15692.63,78659.3,46477.79,15692.63,1,0.95,0,0,0,0,SALARY_MISMATCH
SYN_0721,63852.99,14112.74,63852.99,63852.99,14112.74,1,0.95,0,0,0,0,CONSISTENT
SYN_0722,63044.96,13772.33,63044.96,63044.96,13772.33,0,0.95,0,0,0,0,EMPLOYMENT_MISMATCH
SYN_0723,83056.36,9875.51,83056.36,83056.36,9875.51,1,0.95,0,0,0,0,CONSISTENT
SYN_0724,75774.4,11846.97,75774.4,75774.4,11846.97,1,0.95,0,0,0,0,CONSISTENT
SYN_0725,80082.22,23650.72,80082.22,80082.22,23650.72,1,0.95,0,0,0,0,CONSISTENT
SYN_0726,60087.3,8216.38,60087.3,60087.3,18989.07,1,0.95,0,0,0,0,EMI_MISMATCH
SYN_0727,98708.11,16284.49,98708.11,98708.11,30048.01,1,0.95,0,0,0,0,EMI_MISMATCH
SYN_0728,59773.59,10318.48,59773.59,59773.59,10318.48,1,0.24,1,3,1,1,DATA_QUALITY_ISSUE
SYN_0729,81744.14,18337.51,81744.14,81744.14,31728.49,1,0.95,0,0,0,0,EMI_MISMATCH
SYN_0730,77977.28,15900.39,77977.28,77977.28,15900.39,1,0.95,0,0,0,0,CONSISTENT
SYN_0731,64515.74,21759.08,64515.74,64515.74,21759.08,1,0.95,0,0,0,0,CONSISTENT
SYN_0732,93783.19,23936.02,93783.19,93783.19,23936.02,1,0.38,2,2,2,1,DATA_QUALITY_ISSUE
SYN_0733,66544.5,9411.88,66544.5,42166.75,9411.88,1,0.95,0,0,0,0,SALARY_MISMATCH
SYN_0734,73754.5,8296.99,73754.5,73754.5,8296.99,1,0.95,0,0,0,0,CONSISTENT
SYN_0735,68561.33,23321.6,68561.33,41136.8,46643.2,1,0.95,0,0,0,0,MULTIPLE_MISMATCH
SYN_0736,83828.3,28322.02,83828.3,83828.3,28322.02,1,0.95,0,0,0,0,CONSISTENT
SYN_0737,51028.13,10677.58,51028.13,51028.13,10677.58,1,0.28,1,2,2,1,DATA_QUALITY_ISSUE
SYN_0738,81932.59,8483.92,81932.59,81932.59,8483.92,1,0.95,0,0,0,0,CONSISTENT
SYN_0739,62663.53,17206.01,62663.53,37598.12,34412.02,1,0.95,0,0,0,0,MULTIPLE_MISMATCH
SYN_0740,94754.38,32048.22,94754.38,94754.38,32048.22,1,0.95,0,0,0,0,CONSISTENT
SYN_0741,90749.76,26614.39,90749.76,90749.76,26614.39,1,0.19,2,1,1,1,DATA_QUALITY_ISSUE
SYN_0742,70233.29,9880.06,70233.29,70233.29,20403.17,1,0.95,0,0,0,0,EMI_MISMATCH
SYN_0743,70304.13,7189.27,70304.13,70304.13,7189.27,0,0.95,0,0,0,0,EMPLOYMENT_MISMATCH
SYN_0744,74989.37,24862.61,74989.37,74989.37,24862.61,1,0.95,0,0,0,0,CONSISTENT
SYN_0745,56243.88,10147.38,56243.88,56243.88,10147.38,1,0.95,0,0,0,0,CONSISTENT
SYN_0746,84067.73,23725.2,84067.73,50440.64,47450.4,1,0.95,0,0,0,0,MULTIPLE_MISMATCH
SYN_0747,68449.2,15074.06,68449.2,68449.2,15074.06,1,0.95,0,0,0,0,CONSISTENT
SYN_0748,74008.01,9593.34,74008.01,74008.01,17161.38,1,0.95,0,0,0,0,EMI_MISMATCH
SYN_0749,54838.28,15824.48,54838.28,54838.28,15824.48,1,0.95,0,0,0,0,CONSISTENT
SYN_0750,50951.09,17207.82,50951.09,50951.09,17207.82,1,0.27,2,1,2,1,DATA_QUALITY_ISSUE
SYN_0751,93670.32,19099.47,93670.32,93670.32,19099.47,1,0.35,1,2,2,1,DATA_QUALITY_ISSUE
SYN_0752,46257.49,5803.04,46257.49,46257.49,5803.04,1,0.25,1,1,1,1,DATA_QUALITY_ISSUE
SYN_0753,58718.16,12204.29,58718.16,58718.16,12204.29,1,0.95,0,0,0,0,CONSISTENT
SYN_0754,85626.32,20621.49,85626.32,85626.32,20621.49,0,0.95,0,0,0,0,EMPLOYMENT_MISMATCH
SYN_0755,88893.66,12085.41,88893.66,55916.86,12085.41,1,0.95,0,0,0,0,SALARY_MISMATCH
SYN_0756,67896.43,21147.18,67896.43,67896.43,21147.18,1,0.22,2,3,2,1,DATA_QUALITY_ISSUE
SYN_0757,53719.37,8800.7,53719.37,32231.62,17601.4,1,0.95,0,0,0,0,MULTIPLE_MISMATCH
SYN_0758,78204.69,19430.0,78204.69,78204.69,19430.0,1,0.95,0,0,0,0,CONSISTENT
SYN_0759,54283.35,9435.01,54283.35,54283.35,9435.01,1,0.95,0,0,0,0,CONSISTENT
SYN_0760,95777.23,20592.16,95777.23,57466.34,41184.32,1,0.95,0,0,0,0,MULTIPLE_MISMATCH
SYN_0761,88491.53,16649.74,88491.53,88491.53,16649.74,1,0.95,0,0,0,0,CONSISTENT
SYN_0762,86168.76,19725.31,86168.76,51701.26,39450.62,1,0.95,0,0,0,0,MULTIPLE_MISMATCH
SYN_0763,72492.06,17157.07,72492.06,47816.23,17157.07,1,0.95,0,0,0,0,SALARY_MISMATCH
SYN_0764,84992.49,9802.42,84992.49,84992.49,18253.83,1,0.95,0,0,0,0,EMI_MISMATCH
SYN_0765,66268.33,6794.0,66268.33,66268.33,6794.0,0,0.95,0,0,0,0,EMPLOYMENT_MISMATCH
SYN_0766,66179.42,21222.65,66179.42,34120.14,21222.65,1,0.95,0,0,0,0,SALARY_MISMATCH
SYN_0767,91604.86,23831.82,91604.86,91604.86,23831.82,1,0.95,0,0,0,0,CONSISTENT
SYN_0768,61391.1,17789.13,61391.1,41923.33,17789.13,1,0.95,0,0,0,0,SALARY_MISMATCH
SYN_0769,66439.93,11152.58,66439.93,39863.96,22305.16,1,0.95,0,0,0,0,MULTIPLE_MISMATCH
SYN_0770,86013.27,15847.19,86013.27,86013.27,15847.19,1,0.95,0,0,0,0,CONSISTENT
SYN_0771,54349.05,15794.96,54349.05,54349.05,15794.96,1,0.26,2,1,2,1,DATA_QUALITY_ISSUE
SYN_0772,68036.68,16065.11,68036.68,68036.68,16065.11,1,0.95,0,0,0,0,CONSISTENT
SYN_0773,82204.57,20217.65,82204.57,82204.57,20217.65,0,0.95,0,0,0,0,EMPLOYMENT_MISMATCH
SYN_0774,66459.24,7350.76,66459.24,66459.24,7350.76,1,0.18,2,3,1,1,DATA_QUALITY_ISSUE
SYN_0775,96850.65,26839.49,96850.65,96850.65,26839.49,1,0.95,0,0,0,0,CONSISTENT
SYN_0776,79677.21,27337.65,79677.21,79677.21,27337.65,1,0.95,0,0,0,0,CONSISTENT
SYN_0777,69677.89,8678.99,69677.89,51635.18,8678.99,1,0.95,0,0,0,0,SALARY_MISMATCH
SYN_0778,69325.57,9101.15,69325.57,69325.57,9101.15,1,0.95,0,0,0,0,CONSISTENT
SYN_0779,71926.14,8125.77,71926.14,43155.68,16251.54,1,0.95,0,0,0,0,MULTIPLE_MISMATCH
SYN_0780,73981.83,11344.99,73981.83,73981.83,11344.99,1,0.95,0,0,0,0,CONSISTENT
SYN_0781,86060.6,17972.13,86060.6,86060.6,36830.46,1,0.95,0,0,0,0,EMI_MISMATCH
SYN_0782,92116.99,20323.32,92116.99,92116.99,20323.32,1,0.95,0,0,0,0,CONSISTENT
SYN_0783,86912.1,9040.2,86912.1,63850.09,9040.2,1,0.95,0,0,0,0,SALARY_MISMATCH
SYN_0784,71696.18,21464.89,71696.18,71696.18,21464.89,1,0.95,0,0,0,0,CONSISTENT
SYN_0785,75808.81,20964.8,75808.81,75808.81,42648.49,1,0.95,0,0,0,0,EMI_MISMATCH
SYN_0786,118850.33,24649.44,118850.33,70436.69,24649.44,1,0.95,0,0,0,0,SALARY_MISMATCH
SYN_0787,81308.18,24571.13,81308.18,57171.5,24571.13,1,0.95,0,0,0,0,SALARY_MISMATCH
SYN_0788,70455.67,12621.25,70455.67,70455.67,29236.0,1,0.95,0,0,0,0,EMI_MISMATCH
SYN_0789,71922.78,24009.57,71922.78,54316.38,24009.57,1,0.95,0,0,0,0,SALARY_MISMATCH
SYN_0790,67943.87,17461.46,67943.87,67943.87,17461.46,1,0.17,2,1,1,1,DATA_QUALITY_ISSUE
SYN_0791,56596.87,11484.29,56596.87,56596.87,11484.29,1,0.95,0,0,0,0,CONSISTENT
SYN_0792,68480.32,14218.91,68480.32,68480.32,14218.91,1,0.36,1,2,2,1,DATA_QUALITY_ISSUE
SYN_0793,66962.98,18171.14,66962.98,66962.98,18171.14,0,0.95,0,0,0,0,EMPLOYMENT_MISMATCH
SYN_0794,49389.63,5637.65,49389.63,49389.63,5637.65,1,0.95,0,0,0,0,CONSISTENT
SYN_0795,77400.27,20733.19,77400.27,77400.27,20733.19,1,0.95,0,0,0,0,CONSISTENT
SYN_0796,82526.74,12358.22,82526.74,82526.74,23707.19,1,0.95,0,0,0,0,EMI_MISMATCH
SYN_0797,70586.03,11934.67,70586.03,70586.03,11934.67,0,0.95,0,0,0,0,EMPLOYMENT_MISMATCH
SYN_0798,67079.45,23148.59,67079.45,34898.14,23148.59,1,0.95,0,0,0,0,SALARY_MISMATCH
SYN_0799,71543.99,20352.21,71543.99,50893.99,20352.21,1,0.95,0,0,0,0,SALARY_MISMATCH
SYN_0800,61136.5,11409.97,61136.5,37860.84,11409.97,1,0.95,0,0,0,0,SALARY_MISMATCH
SYN_0801,73748.43,12325.83,73748.43,73748.43,12325.83,1,0.95,0,0,0,0,CONSISTENT
SYN_0802,53255.32,14069.47,53255.32,53255.32,14069.47,1,0.95,0,0,0,0,CONSISTENT
SYN_0803,64173.94,7630.02,64173.94,64173.94,7630.02,1,0.39,1,1,2,1,DATA_QUALITY_ISSUE
SYN_0804,77652.31,16656.85,77652.31,77652.31,26519.29,1,0.95,0,0,0,0,EMI_MISMATCH
SYN_0805,95618.0,18484.39,95618.0,95618.0,38145.5,1,0.95,0,0,0,0,EMI_MISMATCH
SYN_0806,89329.13,23941.46,89329.13,60303.16,23941.46,1,0.95,0,0,0,0,SALARY_MISMATCH
SYN_0807,107329.99,16450.6,107329.99,83901.69,16450.6,1,0.95,0,0,0,0,SALARY_MISMATCH
SYN_0808,60336.57,17683.16,60336.57,60336.57,17683.16,1,0.95,0,0,0,0,CONSISTENT
SYN_0809,67448.68,17325.65,67448.68,67448.68,32669.48,1,0.95,0,0,0,0,EMI_MISMATCH
SYN_0810,72875.85,17162.08,72875.85,72875.85,17162.08,1,0.38,2,1,1,1,DATA_QUALITY_ISSUE
SYN_0811,62529.01,16648.26,62529.01,62529.01,33263.9,1,0.95,0,0,0,0,EMI_MISMATCH
SYN_0812,85463.8,15534.0,85463.8,85463.8,15534.0,0,0.95,0,0,0,0,EMPLOYMENT_MISMATCH
SYN_0813,78913.34,18006.57,78913.34,47348.0,36013.14,1,0.95,0,0,0,0,MULTIPLE_MISMATCH
SYN_0814,79456.91,27735.67,79456.91,45191.24,27735.67,1,0.95,0,0,0,0,SALARY_MISMATCH
SYN_0815,93292.55,14087.75,93292.55,64950.11,14087.75,1,0.95,0,0,0,0,SALARY_MISMATCH
SYN_0816,90543.03,10186.51,90543.03,54325.82,20373.02,1,0.95,0,0,0,0,MULTIPLE_MISMATCH
SYN_0817,73888.09,7680.91,73888.09,73888.09,7680.91,1,0.12,2,3,1,1,DATA_QUALITY_ISSUE
SYN_0818,71367.76,10978.94,71367.76,48467.9,10978.94,1,0.95,0,0,0,0,SALARY_MISMATCH
SYN_0819,52827.79,16970.46,52827.79,52827.79,31960.2,1,0.95,0,0,0,0,EMI_MISMATCH
SYN_0820,58028.8,9912.84,58028.8,42710.99,9912.84,1,0.95,0,0,0,0,SALARY_MISMATCH
SYN_0821,49846.37,17292.45,49846.37,49846.37,17292.45,1,0.95,0,0,0,0,CONSISTENT
SYN_0822,76388.11,22357.7,76388.11,76388.11,22357.7,1,0.95,0,0,0,0,CONSISTENT
SYN_0823,83964.79,15399.28,83964.79,63776.13,15399.28,1,0.95,0,0,0,0,SALARY_MISMATCH
SYN_0824,66212.77,20854.11,66212.77,66212.77,20854.11,1,0.11,1,1,2,1,DATA_QUALITY_ISSUE
SYN_0825,87460.65,18095.64,87460.65,87460.65,35151.6,1,0.95,0,0,0,0,EMI_MISMATCH
SYN_0826,59740.14,19957.4,59740.14,59740.14,31213.5,1,0.95,0,0,0,0,EMI_MISMATCH
SYN_0827,67814.23,7152.93,67814.23,40688.54,14305.86,1,0.95,0,0,0,0,MULTIPLE_MISMATCH
SYN_0828,48397.43,10921.26,48397.43,48397.43,10921.26,1,0.95,0,0,0,0,CONSISTENT
SYN_0829,86897.54,10979.36,86897.54,86897.54,10979.36,1,0.95,0,0,0,0,CONSISTENT
SYN_0830,74751.96,15131.12,74751.96,74751.96,15131.12,0,0.95,0,0,0,0,EMPLOYMENT_MISMATCH
SYN_0831,64511.43,9039.06,64511.43,64511.43,14195.77,1,0.95,0,0,0,0,EMI_MISMATCH
SYN_0832,67614.63,17989.2,67614.63,67614.63,17989.2,1,0.95,0,0,0,0,CONSISTENT
SYN_0833,83559.19,10662.82,83559.19,50135.51,21325.64,1,0.95,0,0,0,0,MULTIPLE_MISMATCH
SYN_0834,89522.77,15885.97,89522.77,89522.77,15885.97,1,0.95,0,0,0,0,CONSISTENT
SYN_0835,119236.42,22562.09,119236.42,119236.42,22562.09,1,0.95,0,0,0,0,CONSISTENT
SYN_0836,93670.19,28769.76,93670.19,93670.19,28769.76,1,0.95,0,0,0,0,CONSISTENT
SYN_0837,83233.26,28149.8,83233.26,83233.26,28149.8,0,0.95,0,0,0,0,EMPLOYMENT_MISMATCH
SYN_0838,71175.66,13424.17,71175.66,71175.66,13424.17,1,0.95,0,0,0,0,CONSISTENT
SYN_0839,71553.01,17054.14,71553.01,46576.7,17054.14,1,0.95,0,0,0,0,SALARY_MISMATCH
SYN_0840,62228.9,19583.7,62228.9,62228.9,19583.7,1,0.95,0,0,0,0,CONSISTENT
SYN_0841,77622.27,22284.5,77622.27,77622.27,43214.34,1,0.95,0,0,0,0,EMI_MISMATCH
SYN_0842,77469.83,10852.85,77469.83,77469.83,23590.25,1,0.95,0,0,0,0,EMI_MISMATCH
SYN_0843,59444.74,7691.43,59444.74,59444.74,7691.43,1,0.95,0,0,0,0,CONSISTENT
SYN_0844,86157.24,8658.63,86157.24,86157.24,8658.63,1,0.95,0,0,0,0,CONSISTENT
SYN_0845,76681.57,10761.55,76681.57,76681.57,10761.55,0,0.95,0,0,0,0,EMPLOYMENT_MISMATCH
SYN_0846,101169.59,10600.78,101169.59,101169.59,10600.78,1,0.95,0,0,0,0,CONSISTENT
SYN_0847,70784.71,13347.72,70784.71,70784.71,13347.72,1,0.95,0,0,0,0,CONSISTENT
SYN_0848,81374.49,12661.08,81374.49,81374.49,12661.08,1,0.95,0,0,0,0,CONSISTENT
SYN_0849,53735.64,6149.13,53735.64,33171.54,6149.13,1,0.95,0,0,0,0,SALARY_MISMATCH
SYN_0850,83997.89,13010.31,83997.89,83997.89,13010.31,1,0.95,0,0,0,0,CONSISTENT
SYN_0851,90320.75,18420.35,90320.75,90320.75,18420.35,1,0.23,1,3,2,1,DATA_QUALITY_ISSUE
SYN_0852,106326.64,30664.46,106326.64,59659.89,30664.46,1,0.95,0,0,0,0,SALARY_MISMATCH
SYN_0853,108544.49,11455.28,108544.49,108544.49,11455.28,1,0.95,0,0,0,0,CONSISTENT
SYN_0854,95767.09,26255.2,95767.09,95767.09,26255.2,1,0.25,1,1,1,1,DATA_QUALITY_ISSUE
SYN_0855,60062.77,11890.32,60062.77,60062.77,11890.32,1,0.95,0,0,0,0,CONSISTENT
SYN_0856,84767.04,12806.53,84767.04,50860.22,25613.06,1,0.95,0,0,0,0,MULTIPLE_MISMATCH
SYN_0857,70504.85,21023.81,70504.85,36712.85,21023.81,1,0.95,0,0,0,0,SALARY_MISMATCH
SYN_0858,74246.93,17831.85,74246.93,51121.09,17831.85,1,0.95,0,0,0,0,SALARY_MISMATCH
SYN_0859,79209.55,24478.08,79209.55,79209.55,56823.13,1,0.95,0,0,0,0,EMI_MISMATCH
SYN_0860,101379.31,22432.57,101379.31,60827.59,44865.14,1,0.95,0,0,0,0,MULTIPLE_MISMATCH
SYN_0861,71416.31,10416.82,71416.31,71416.31,10416.82,1,0.95,0,0,0,0,CONSISTENT
SYN_0862,96452.33,30926.47,96452.33,57871.4,61852.94,1,0.95,0,0,0,0,MULTIPLE_MISMATCH
SYN_0863,72231.23,21733.25,72231.23,55656.49,21733.25,1,0.95,0,0,0,0,SALARY_MISMATCH
SYN_0864,64527.07,7533.11,64527.07,64527.07,7533.11,1,0.95,0,0,0,0,CONSISTENT
SYN_0865,87726.46,30003.89,87726.46,52635.88,60007.78,1,0.95,0,0,0,0,MULTIPLE_MISMATCH
SYN_0866,41296.66,10823.01,41296.66,41296.66,10823.01,1,0.95,0,0,0,0,CONSISTENT
SYN_0867,93001.18,19378.48,93001.18,93001.18,19378.48,1,0.95,0,0,0,0,CONSISTENT
SYN_0868,67621.46,16213.25,67621.46,67621.46,16213.25,1,0.2,1,3,2,1,DATA_QUALITY_ISSUE
SYN_0869,98191.35,19011.82,98191.35,98191.35,19011.82,0,0.95,0,0,0,0,EMPLOYMENT_MISMATCH
SYN_0870,87167.15,9704.3,87167.15,87167.15,9704.3,1,0.95,0,0,0,0,CONSISTENT
SYN_0871,72252.09,22242.22,72252.09,72252.09,22242.22,1,0.95,0,0,0,0,CONSISTENT
SYN_0872,84767.42,16386.41,84767.42,50860.45,32772.82,1,0.95,0,0,0,0,MULTIPLE_MISMATCH
SYN_0873,76559.08,15810.81,76559.08,76559.08,32381.05,1,0.95,0,0,0,0,EMI_MISMATCH
SYN_0874,66314.21,12437.28,66314.21,46634.94,12437.28,1,0.95,0,0,0,0,SALARY_MISMATCH
SYN_0875,62985.29,16730.21,62985.29,62985.29,16730.21,0,0.95,0,0,0,0,EMPLOYMENT_MISMATCH
SYN_0876,97596.33,19293.7,97596.33,97596.33,19293.7,1,0.95,0,0,0,0,CONSISTENT
SYN_0877,84589.04,17619.12,84589.04,84589.04,17619.12,1,0.95,0,0,0,0,CONSISTENT
SYN_0878,53006.88,16598.91,53006.88,53006.88,16598.91,0,0.95,0,0,0,0,EMPLOYMENT_MISMATCH
SYN_0879,63103.12,12856.81,63103.12,45045.11,12856.81,1,0.95,0,0,0,0,SALARY_MISMATCH
SYN_0880,90912.21,22466.79,90912.21,90912.21,22466.79,1,0.95,0,0,0,0,CONSISTENT
SYN_0881,90508.88,28705.79,90508.88,90508.88,28705.79,1,0.95,0,0,0,0,CONSISTENT
SYN_0882,79280.17,22708.88,79280.17,79280.17,22708.88,0,0.95,0,0,0,0,EMPLOYMENT_MISMATCH
SYN_0883,59395.62,12530.38,59395.62,59395.62,24443.97,1,0.95,0,0,0,0,EMI_MISMATCH
SYN_0884,78606.37,16332.18,78606.37,78606.37,16332.18,1,0.26,1,3,1,1,DATA_QUALITY_ISSUE
SYN_0885,53669.9,8983.16,53669.9,53669.9,8983.16,1,0.16,2,2,1,1,DATA_QUALITY_ISSUE
SYN_0886,91575.91,28016.9,91575.91,91575.91,43794.35,1,0.95,0,0,0,0,EMI_MISMATCH
SYN_0887,72652.39,25125.12,72652.39,72652.39,25125.12,0,0.95,0,0,0,0,EMPLOYMENT_MISMATCH
SYN_0888,94624.74,27764.38,94624.74,94624.74,27764.38,0,0.95,0,0,0,0,EMPLOYMENT_MISMATCH
SYN_0889,68840.48,14869.37,68840.48,68840.48,14869.37,0,0.95,0,0,0,0,EMPLOYMENT_MISMATCH
SYN_0890,67389.24,13734.62,67389.24,67389.24,13734.62,1,0.95,0,0,0,0,CONSISTENT
SYN_0891,81683.08,25691.79,81683.08,49009.85,51383.58,1,0.95,0,0,0,0,MULTIPLE_MISMATCH
SYN_0892,91667.99,18997.85,91667.99,91667.99,18997.85,0,0.95,0,0,0,0,EMPLOYMENT_MISMATCH
SYN_0893,100899.4,21098.56,100899.4,100899.4,21098.56,1,0.95,0,0,0,0,CONSISTENT
SYN_0894,76556.96,9461.05,76556.96,76556.96,21268.49,1,0.95,0,0,0,0,EMI_MISMATCH
SYN_0895,111741.9,19667.42,111741.9,67045.14,39334.84,1,0.95,0,0,0,0,MULTIPLE_MISMATCH
SYN_0896,57355.45,19517.48,57355.45,57355.45,19517.48,1,0.95,0,0,0,0,CONSISTENT
SYN_0897,70561.22,7297.77,70561.22,42336.73,14595.54,1,0.95,0,0,0,0,MULTIPLE_MISMATCH
SYN_0898,91490.66,16289.83,91490.66,91490.66,16289.83,1,0.95,0,0,0,0,CONSISTENT
SYN_0899,59523.98,7926.28,59523.98,59523.98,7926.28,1,0.95,0,0,0,0,CONSISTENT
SYN_0900,91700.41,9292.6,91700.41,71666.08,9292.6,1,0.95,0,0,0,0,SALARY_MISMATCH
SYN_0901,50214.49,5891.77,50214.49,34723.15,5891.77,1,0.95,0,0,0,0,SALARY_MISMATCH
SYN_0902,52874.44,14224.88,52874.44,52874.44,14224.88,0,0.95,0,0,0,0,EMPLOYMENT_MISMATCH
SYN_0903,99773.19,31638.35,99773.19,99773.19,31638.35,1,0.95,0,0,0,0,CONSISTENT
SYN_0904,103108.76,19886.74,103108.76,103108.76,19886.74,1,0.95,0,0,0,0,CONSISTENT
SYN_0905,67313.89,14187.4,67313.89,67313.89,28291.77,1,0.95,0,0,0,0,EMI_MISMATCH
SYN_0906,108300.28,23316.15,108300.28,64980.17,46632.3,1,0.95,0,0,0,0,MULTIPLE_MISMATCH
SYN_0907,84817.39,26141.4,84817.39,84817.39,26141.4,1,0.21,2,2,2,1,DATA_QUALITY_ISSUE
SYN_0908,75087.5,10650.36,75087.5,75087.5,10650.36,1,0.25,1,3,1,1,DATA_QUALITY_ISSUE
SYN_0909,76427.35,21930.72,76427.35,76427.35,21930.72,1,0.34,1,3,2,1,DATA_QUALITY_ISSUE
SYN_0910,63771.81,13633.97,63771.81,63771.81,13633.97,0,0.95,0,0,0,0,EMPLOYMENT_MISMATCH
SYN_0911,69972.93,7332.2,69972.93,69972.93,16710.84,1,0.95,0,0,0,0,EMI_MISMATCH
SYN_0912,80135.07,22029.92,80135.07,80135.07,51509.37,1,0.95,0,0,0,0,EMI_MISMATCH
SYN_0913,75652.72,16804.28,75652.72,45391.63,33608.56,1,0.95,0,0,0,0,MULTIPLE_MISMATCH
SYN_0914,83372.09,11540.59,83372.09,56007.88,11540.59,1,0.95,0,0,0,0,SALARY_MISMATCH
SYN_0915,77266.66,19178.36,77266.66,77266.66,19178.36,1,0.95,0,0,0,0,CONSISTENT
SYN_0916,86479.15,9771.91,86479.15,86479.15,9771.91,1,0.95,0,0,0,0,CONSISTENT
SYN_0917,62888.47,15829.77,62888.47,62888.47,15829.77,1,0.95,0,0,0,0,CONSISTENT
SYN_0918,72764.92,23337.8,72764.92,43658.95,46675.6,1,0.95,0,0,0,0,MULTIPLE_MISMATCH
SYN_0919,81431.86,26182.25,81431.86,81431.86,44422.21,1,0.95,0,0,0,0,EMI_MISMATCH
SYN_0920,69883.38,11994.08,69883.38,69883.38,11994.08,0,0.95,0,0,0,0,EMPLOYMENT_MISMATCH
SYN_0921,78797.48,27054.77,78797.48,47278.49,54109.54,1,0.95,0,0,0,0,MULTIPLE_MISMATCH
SYN_0922,87305.16,27225.85,87305.16,45286.78,27225.85,1,0.95,0,0,0,0,SALARY_MISMATCH
SYN_0923,80146.01,26808.14,80146.01,80146.01,26808.14,1,0.95,0,0,0,0,CONSISTENT
SYN_0924,79626.75,15638.65,79626.75,79626.75,15638.65,1,0.95,0,0,0,0,CONSISTENT
SYN_0925,65105.97,14146.02,65105.97,65105.97,14146.02,1,0.95,0,0,0,0,CONSISTENT
SYN_0926,64426.97,8069.13,64426.97,64426.97,8069.13,1,0.95,0,0,0,0,CONSISTENT
SYN_0927,49466.8,14818.93,49466.8,49466.8,14818.93,1,0.95,0,0,0,0,CONSISTENT
SYN_0928,68057.76,11899.62,68057.76,68057.76,11899.62,1,0.95,0,0,0,0,CONSISTENT
SYN_0929,69277.14,13081.6,69277.14,69277.14,13081.6,1,0.95,0,0,0,0,CONSISTENT
SYN_0930,66297.85,7666.76,66297.85,66297.85,13114.05,1,0.95,0,0,0,0,EMI_MISMATCH
SYN_0931,68805.03,21753.72,68805.03,41283.02,43507.44,1,0.95,0,0,0,0,MULTIPLE_MISMATCH
SYN_0932,61099.53,7373.75,61099.53,61099.53,7373.75,1,0.95,0,0,0,0,CONSISTENT
SYN_0933,83596.92,25158.6,83596.92,45238.02,25158.6,1,0.95,0,0,0,0,SALARY_MISMATCH
SYN_0934,48212.0,10914.1,48212.0,48212.0,17943.64,1,0.95,0,0,0,0,EMI_MISMATCH
SYN_0935,73568.04,8869.96,73568.04,73568.04,17381.43,1,0.95,0,0,0,0,EMI_MISMATCH
SYN_0936,48356.3,14777.46,48356.3,48356.3,14777.46,1,0.95,0,0,0,0,CONSISTENT
SYN_0937,57212.09,16090.99,57212.09,57212.09,16090.99,1,0.95,0,0,0,0,CONSISTENT
SYN_0938,40170.65,10717.65,40170.65,40170.65,24404.62,1,0.95,0,0,0,0,EMI_MISMATCH
SYN_0939,80906.96,25083.34,80906.96,48544.18,50166.68,1,0.95,0,0,0,0,MULTIPLE_MISMATCH
SYN_0940,46084.91,14856.85,46084.91,46084.91,14856.85,1,0.21,1,1,2,1,DATA_QUALITY_ISSUE
SYN_0941,86203.85,23426.74,86203.85,60120.7,23426.74,1,0.95,0,0,0,0,SALARY_MISMATCH
SYN_0942,104346.27,31296.52,104346.27,104346.27,31296.52,1,0.95,0,0,0,0,CONSISTENT
SYN_0943,64291.64,14688.24,64291.64,64291.64,14688.24,1,0.95,0,0,0,0,CONSISTENT
SYN_0944,100352.66,32360.82,100352.66,100352.66,32360.82,1,0.35,2,3,1,1,DATA_QUALITY_ISSUE
SYN_0945,108281.7,17049.68,108281.7,108281.7,34997.23,1,0.95,0,0,0,0,EMI_MISMATCH
SYN_0946,72614.32,19273.06,72614.32,72614.32,19273.06,1,0.95,0,0,0,0,CONSISTENT
SYN_0947,55627.12,9437.74,55627.12,55627.12,9437.74,1,0.95,0,0,0,0,CONSISTENT
SYN_0948,79362.79,11563.91,79362.79,79362.79,11563.91,1,0.95,0,0,0,0,CONSISTENT
SYN_0949,80705.72,27640.23,80705.72,48423.43,55280.46,1,0.95,0,0,0,0,MULTIPLE_MISMATCH
SYN_0950,72137.38,9792.67,72137.38,72137.38,18356.83,1,0.95,0,0,0,0,EMI_MISMATCH
SYN_0951,64231.22,15363.87,64231.22,64231.22,15363.87,0,0.95,0,0,0,0,EMPLOYMENT_MISMATCH
SYN_0952,71542.13,21389.78,71542.13,42925.28,42779.56,1,0.95,0,0,0,0,MULTIPLE_MISMATCH
SYN_0953,58465.62,9035.97,58465.62,58465.62,9035.97,1,0.95,0,0,0,0,CONSISTENT
SYN_0954,85220.39,13841.26,85220.39,51132.23,27682.52,1,0.95,0,0,0,0,MULTIPLE_MISMATCH
SYN_0955,83022.26,23874.42,83022.26,83022.26,23874.42,1,0.95,0,0,0,0,CONSISTENT
SYN_0956,93434.71,20049.3,93434.71,93434.71,20049.3,1,0.95,0,0,0,0,CONSISTENT
SYN_0957,74534.12,24610.04,74534.12,74534.12,24610.04,1,0.95,0,0,0,0,CONSISTENT
SYN_0958,61354.75,10606.1,61354.75,61354.75,10606.1,1,0.95,0,0,0,0,CONSISTENT
SYN_0959,79382.89,17227.46,79382.89,79382.89,17227.46,1,0.95,0,0,0,0,CONSISTENT
SYN_0960,72190.06,20945.51,72190.06,39440.87,20945.51,1,0.95,0,0,0,0,SALARY_MISMATCH
SYN_0961,104087.89,36419.25,104087.89,76071.04,36419.25,1,0.95,0,0,0,0,SALARY_MISMATCH
SYN_0962,53984.96,16567.35,53984.96,53984.96,16567.35,1,0.95,0,0,0,0,CONSISTENT
SYN_0963,77118.86,19571.4,77118.86,77118.86,19571.4,1,0.95,0,0,0,0,CONSISTENT
SYN_0964,43041.5,9790.37,43041.5,43041.5,9790.37,1,0.25,1,2,1,1,DATA_QUALITY_ISSUE
SYN_0965,84738.43,13039.14,84738.43,50843.06,26078.28,1,0.95,0,0,0,0,MULTIPLE_MISMATCH
SYN_0966,86360.9,18690.28,86360.9,86360.9,18690.28,1,0.95,0,0,0,0,CONSISTENT
SYN_0967,78372.73,19804.22,78372.73,78372.73,19804.22,0,0.95,0,0,0,0,EMPLOYMENT_MISMATCH
SYN_0968,82281.97,9370.37,82281.97,82281.97,9370.37,1,0.95,0,0,0,0,CONSISTENT
SYN_0969,57651.96,13785.39,57651.96,57651.96,32485.18,1,0.95,0,0,0,0,EMI_MISMATCH
SYN_0970,84088.28,27903.75,84088.28,50452.97,55807.5,1,0.95,0,0,0,0,MULTIPLE_MISMATCH
SYN_0971,91828.59,19079.97,91828.59,91828.59,19079.97,1,0.95,0,0,0,0,CONSISTENT
SYN_0972,62723.94,10706.99,62723.94,62723.94,10706.99,1,0.95,0,0,0,0,CONSISTENT
SYN_0973,60051.11,10415.5,60051.11,30773.18,10415.5,1,0.95,0,0,0,0,SALARY_MISMATCH
SYN_0974,56515.18,14090.54,56515.18,56515.18,30342.34,1,0.95,0,0,0,0,EMI_MISMATCH
SYN_0975,88102.75,22017.48,88102.75,88102.75,22017.48,1,0.95,0,0,0,0,CONSISTENT
SYN_0976,52615.97,9870.93,52615.97,40718.41,9870.93,1,0.95,0,0,0,0,SALARY_MISMATCH
SYN_0977,104140.02,24551.57,104140.02,104140.02,24551.57,1,0.95,0,0,0,0,CONSISTENT
SYN_0978,67739.14,14151.46,67739.14,67739.14,14151.46,1,0.95,0,0,0,0,CONSISTENT
SYN_0979,64424.44,11486.28,64424.44,64424.44,11486.28,0,0.95,0,0,0,0,EMPLOYMENT_MISMATCH
SYN_0980,68441.11,8366.75,68441.11,41064.67,16733.5,1,0.95,0,0,0,0,MULTIPLE_MISMATCH
SYN_0981,79931.4,26756.96,79931.4,79931.4,26756.96,1,0.24,2,3,1,1,DATA_QUALITY_ISSUE
SYN_0982,75417.04,20930.73,75417.04,75417.04,20930.73,1,0.95,0,0,0,0,CONSISTENT
SYN_0983,65334.2,21449.75,65334.2,65334.2,21449.75,1,0.95,0,0,0,0,CONSISTENT
SYN_0984,45075.82,4564.23,45075.82,45075.82,4564.23,1,0.95,0,0,0,0,CONSISTENT
SYN_0985,78964.47,13286.57,78964.47,78964.47,13286.57,1,0.95,0,0,0,0,CONSISTENT
SYN_0986,85877.99,14905.56,85877.99,85877.99,14905.56,1,0.95,0,0,0,0,CONSISTENT
SYN_0987,91602.75,14873.04,91602.75,91602.75,14873.04,1,0.95,0,0,0,0,CONSISTENT
SYN_0988,73289.11,23015.21,73289.11,73289.11,23015.21,0,0.95,0,0,0,0,EMPLOYMENT_MISMATCH
SYN_0989,62915.92,10992.31,62915.92,62915.92,10992.31,1,0.95,0,0,0,0,CONSISTENT
SYN_0990,90182.05,18939.54,90182.05,90182.05,18939.54,1,0.95,0,0,0,0,CONSISTENT
SYN_0991,77180.19,24372.26,77180.19,77180.19,24372.26,0,0.95,0,0,0,0,EMPLOYMENT_MISMATCH
SYN_0992,84246.55,12075.54,84246.55,50547.93,24151.08,1,0.95,0,0,0,0,MULTIPLE_MISMATCH
SYN_0993,80224.34,27073.7,80224.34,43411.54,27073.7,1,0.95,0,0,0,0,SALARY_MISMATCH
SYN_0994,64012.97,16519.16,64012.97,64012.97,16519.16,0,0.95,0,0,0,0,EMPLOYMENT_MISMATCH
SYN_0995,50959.86,5672.46,50959.86,50959.86,9744.77,1,0.95,0,0,0,0,EMI_MISMATCH
SYN_0996,56766.03,13927.79,56766.03,56766.03,13927.79,1,0.95,0,0,0,0,CONSISTENT
SYN_0997,76002.22,20894.72,76002.22,76002.22,20894.72,1,0.95,0,0,0,0,CONSISTENT
SYN_0998,91153.84,21890.13,91153.84,71355.02,21890.13,1,0.95,0,0,0,0,SALARY_MISMATCH
SYN_0999,87212.54,10874.03,87212.54,87212.54,10874.03,1,0.95,0,0,0,0,CONSISTENT
SYN_1000,64267.25,12235.54,64267.25,64267.25,12235.54,1,0.95,0,0,0,0,CONSISTENT
SYN_1001,53631.25,17372.48,53631.25,53631.25,17372.48,1,0.95,0,0,0,0,CONSISTENT
SYN_1002,81641.78,22445.47,81641.78,81641.78,22445.47,0,0.95,0,0,0,0,EMPLOYMENT_MISMATCH
SYN_1003,69544.33,22134.38,69544.33,69544.33,50676.49,1,0.95,0,0,0,0,EMI_MISMATCH
SYN_1004,82160.26,19744.25,82160.26,82160.26,19744.25,0,0.95,0,0,0,0,EMPLOYMENT_MISMATCH
SYN_1005,95521.95,10311.08,95521.95,95521.95,10311.08,1,0.95,0,0,0,0,CONSISTENT
SYN_1006,69655.65,11146.14,69655.65,69655.65,11146.14,0,0.95,0,0,0,0,EMPLOYMENT_MISMATCH
SYN_1007,52426.86,18210.89,52426.86,52426.86,18210.89,1,0.95,0,0,0,0,CONSISTENT
SYN_1008,76889.76,10339.47,76889.76,76889.76,22630.64,1,0.95,0,0,0,0,EMI_MISMATCH
SYN_1009,71200.05,23066.75,71200.05,42720.03,46133.5,1,0.95,0,0,0,0,MULTIPLE_MISMATCH
SYN_1010,77199.62,10775.21,77199.62,77199.62,10775.21,0,0.95,0,0,0,0,EMPLOYMENT_MISMATCH
SYN_1011,57235.43,17665.59,57235.43,57235.43,17665.59,1,0.95,0,0,0,0,CONSISTENT
SYN_1012,77959.9,25588.24,77959.9,77959.9,25588.24,1,0.95,0,0,0,0,CONSISTENT
SYN_1013,70473.28,17203.8,70473.28,70473.28,38912.99,1,0.95,0,0,0,0,EMI_MISMATCH
SYN_1014,71014.29,11997.11,71014.29,71014.29,11997.11,0,0.95,0,0,0,0,EMPLOYMENT_MISMATCH
SYN_1015,72869.89,18248.12,72869.89,72869.89,18248.12,1,0.95,0,0,0,0,CONSISTENT
SYN_1016,63617.22,11320.72,63617.22,63617.22,11320.72,1,0.17,1,2,2,1,DATA_QUALITY_ISSUE
SYN_1017,64193.78,14641.0,64193.78,64193.78,14641.0,1,0.95,0,0,0,0,CONSISTENT
SYN_1018,63565.76,7056.44,63565.76,63565.76,7056.44,0,0.95,0,0,0,0,EMPLOYMENT_MISMATCH
SYN_1019,56640.27,15312.03,56640.27,56640.27,37364.16,1,0.95,0,0,0,0,EMI_MISMATCH
SYN_1020,85135.45,15316.98,85135.45,85135.45,15316.98,1,0.95,0,0,0,0,CONSISTENT
SYN_1021,98940.73,23044.81,98940.73,65432.96,23044.81,1,0.95,0,0,0,0,SALARY_MISMATCH
SYN_1022,69648.92,10742.58,69648.92,69648.92,10742.58,1,0.95,0,0,0,0,CONSISTENT
SYN_1023,68144.04,22270.31,68144.04,68144.04,22270.31,1,0.95,0,0,0,0,CONSISTENT
SYN_1024,75820.19,11753.81,75820.19,75820.19,11753.81,1,0.95,0,0,0,0,CONSISTENT
SYN_1025,66883.74,12000.53,66883.74,52878.44,12000.53,1,0.95,0,0,0,0,SALARY_MISMATCH
SYN_1026,79218.32,14121.66,79218.32,79218.32,14121.66,1,0.95,0,0,0,0,CONSISTENT
SYN_1027,74245.76,14470.81,74245.76,44547.46,28941.62,1,0.95,0,0,0,0,MULTIPLE_MISMATCH
SYN_1028,65413.15,11213.44,65413.15,65413.15,11213.44,1,0.95,0,0,0,0,CONSISTENT
SYN_1029,71708.64,21171.33,71708.64,71708.64,21171.33,1,0.95,0,0,0,0,CONSISTENT
SYN_1030,73666.2,15541.8,73666.2,73666.2,15541.8,1,0.95,0,0,0,0,CONSISTENT
SYN_1031,78813.87,17742.53,78813.87,47288.32,35485.06,1,0.95,0,0,0,0,MULTIPLE_MISMATCH
SYN_1032,69418.68,11271.91,69418.68,46110.76,11271.91,1,0.95,0,0,0,0,SALARY_MISMATCH
SYN_1033,72840.62,23388.31,72840.62,72840.62,23388.31,1,0.95,0,0,0,0,CONSISTENT
SYN_1034,78044.88,23969.3,78044.88,78044.88,53040.37,1,0.95,0,0,0,0,EMI_MISMATCH
SYN_1035,58206.66,8889.41,58206.66,58206.66,20954.04,1,0.95,0,0,0,0,EMI_MISMATCH
SYN_1036,63914.75,13431.26,63914.75,38348.85,26862.52,1,0.95,0,0,0,0,MULTIPLE_MISMATCH
SYN_1037,97323.53,20788.38,97323.53,97323.53,20788.38,1,0.95,0,0,0,0,CONSISTENT
SYN_1038,52974.95,18509.75,52974.95,52974.95,18509.75,0,0.95,0,0,0,0,EMPLOYMENT_MISMATCH
SYN_1039,39933.68,7033.24,39933.68,39933.68,7033.24,1,0.95,0,0,0,0,CONSISTENT
SYN_1040,54499.02,6344.94,54499.02,54499.02,6344.94,1,0.95,0,0,0,0,CONSISTENT
SYN_1041,73429.3,24175.53,73429.3,44057.58,48351.06,1,0.95,0,0,0,0,MULTIPLE_MISMATCH
SYN_1042,34447.8,4568.65,34447.8,34447.8,4568.65,0,0.95,0,0,0,0,EMPLOYMENT_MISMATCH
SYN_1043,95857.84,26941.63,95857.84,95857.84,59013.1,1,0.95,0,0,0,0,EMI_MISMATCH
SYN_1044,70947.35,21372.25,70947.35,70947.35,21372.25,1,0.95,0,0,0,0,CONSISTENT
SYN_1045,68099.74,8117.62,68099.74,68099.74,8117.62,1,0.95,0,0,0,0,CONSISTENT
SYN_1046,60711.63,18671.12,60711.63,60711.63,18671.12,1,0.95,0,0,0,0,CONSISTENT
SYN_1047,58821.94,9998.15,58821.94,58821.94,9998.15,1,0.18,1,2,2,1,DATA_QUALITY_ISSUE
SYN_1048,61575.94,6763.99,61575.94,61575.94,6763.99,1,0.95,0,0,0,0,CONSISTENT
SYN_1049,69618.51,17113.14,69618.51,69618.51,25863.13,1,0.95,0,0,0,0,EMI_MISMATCH
SYN_1050,73777.16,13029.65,73777.16,73777.16,13029.65,0,0.95,0,0,0,0,EMPLOYMENT_MISMATCH
SYN_1051,49031.98,16840.04,49031.98,49031.98,16840.04,1,0.95,0,0,0,0,CONSISTENT
SYN_1052,97424.07,16446.14,97424.07,69446.96,16446.14,1,0.95,0,0,0,0,SALARY_MISMATCH
SYN_1053,71373.76,16948.92,71373.76,71373.76,16948.92,1,0.95,0,0,0,0,CONSISTENT
SYN_1054,86701.05,17906.39,86701.05,86701.05,17906.39,1,0.95,0,0,0,0,CONSISTENT
SYN_1055,66137.74,10351.86,66137.74,39682.64,20703.72,1,0.95,0,0,0,0,MULTIPLE_MISMATCH
SYN_1056,84825.61,28212.96,84825.61,50895.37,56425.92,1,0.95,0,0,0,0,MULTIPLE_MISMATCH
SYN_1057,45218.08,14364.52,45218.08,45218.08,14364.52,1,0.95,0,0,0,0,CONSISTENT
SYN_1058,65849.66,10060.61,65849.66,65849.66,10060.61,1,0.95,0,0,0,0,CONSISTENT
SYN_1059,74835.93,15754.97,74835.93,74835.93,15754.97,0,0.95,0,0,0,0,EMPLOYMENT_MISMATCH
SYN_1060,65137.73,12939.16,65137.73,65137.73,12939.16,1,0.95,0,0,0,0,CONSISTENT
SYN_1061,78782.51,23741.75,78782.51,57357.47,23741.75,1,0.95,0,0,0,0,SALARY_MISMATCH
SYN_1062,57208.96,7855.5,57208.96,57208.96,7855.5,1,0.95,0,0,0,0,CONSISTENT
SYN_1063,57684.56,15570.46,57684.56,57684.56,15570.46,1,0.95,0,0,0,0,CONSISTENT
SYN_1064,48722.57,5294.59,48722.57,48722.57,5294.59,1,0.95,0,0,0,0,CONSISTENT
SYN_1065,60813.81,15834.46,60813.81,60813.81,15834.46,1,0.95,0,0,0,0,CONSISTENT
SYN_1066,84123.69,27047.58,84123.69,84123.69,27047.58,1,0.95,0,0,0,0,CONSISTENT
SYN_1067,59966.74,12162.81,59966.74,35980.04,24325.62,1,0.95,0,0,0,0,MULTIPLE_MISMATCH
SYN_1068,63713.47,17081.32,63713.47,63713.47,17081.32,1,0.95,0,0,0,0,CONSISTENT
SYN_1069,89676.33,17867.83,89676.33,53805.8,35735.66,1,0.95,0,0,0,0,MULTIPLE_MISMATCH
SYN_1070,82832.14,23564.73,82832.14,82832.14,23564.73,1,0.95,0,0,0,0,CONSISTENT
SYN_1071,57048.17,6863.32,57048.17,57048.17,6863.32,1,0.95,0,0,0,0,CONSISTENT
SYN_1072,88405.47,12292.81,88405.47,88405.47,12292.81,1,0.4,1,2,2,1,DATA_QUALITY_ISSUE
SYN_1073,75652.95,19630.08,75652.95,75652.95,19630.08,1,0.95,0,0,0,0,CONSISTENT
SYN_1074,99124.58,28944.51,99124.58,99124.58,28944.51,1,0.23,2,2,2,1,DATA_QUALITY_ISSUE
SYN_1075,92169.09,13860.58,92169.09,92169.09,13860.58,1,0.95,0,0,0,0,CONSISTENT
SYN_1076,78145.7,21276.88,78145.7,78145.7,21276.88,1,0.35,1,1,2,1,DATA_QUALITY_ISSUE
SYN_1077,49960.66,10878.31,49960.66,49960.66,21672.12,1,0.95,0,0,0,0,EMI_MISMATCH
SYN_1078,77398.15,20357.51,77398.15,77398.15,20357.51,1,0.95,0,0,0,0,CONSISTENT
SYN_1079,81903.84,18666.68,81903.84,81903.84,18666.68,0,0.95,0,0,0,0,EMPLOYMENT_MISMATCH
SYN_1080,94637.17,16273.6,94637.17,94637.17,16273.6,1,0.95,0,0,0,0,CONSISTENT
SYN_1081,59905.96,6265.96,59905.96,59905.96,6265.96,1,0.95,0,0,0,0,CONSISTENT
SYN_1082,69840.36,23449.98,69840.36,41704.88,23449.98,1,0.95,0,0,0,0,SALARY_MISMATCH
SYN_1083,56217.38,14763.04,56217.38,56217.38,25279.25,1,0.95,0,0,0,0,EMI_MISMATCH
SYN_1084,86487.14,23813.87,86487.14,86487.14,23813.87,1,0.95,0,0,0,0,CONSISTENT
SYN_1085,51085.07,6722.62,51085.07,51085.07,6722.62,1,0.95,0,0,0,0,CONSISTENT
SYN_1086,100403.5,25671.48,100403.5,100403.5,25671.48,1,0.95,0,0,0,0,CONSISTENT
SYN_1087,74068.36,21803.05,74068.36,44441.02,43606.1,1,0.95,0,0,0,0,MULTIPLE_MISMATCH
SYN_1088,93432.59,26260.5,93432.59,93432.59,52326.65,1,0.95,0,0,0,0,EMI_MISMATCH
SYN_1089,68694.62,20711.07,68694.62,68694.62,43327.91,1,0.95,0,0,0,0,EMI_MISMATCH
SYN_1090,93865.41,9965.79,93865.41,93865.41,9965.79,1,0.95,0,0,0,0,CONSISTENT
SYN_1091,93244.68,12296.31,93244.68,93244.68,12296.31,1,0.95,0,0,0,0,CONSISTENT
SYN_1092,77507.09,24473.04,77507.09,46504.25,48946.08,1,0.95,0,0,0,0,MULTIPLE_MISMATCH
SYN_1093,88216.85,30752.73,88216.85,88216.85,30752.73,1,0.95,0,0,0,0,CONSISTENT
SYN_1094,85528.14,15136.05,85528.14,85528.14,35380.98,1,0.95,0,0,0,0,EMI_MISMATCH
SYN_1095,51918.67,15008.83,51918.67,51918.67,23738.98,1,0.95,0,0,0,0,EMI_MISMATCH
SYN_1096,82607.02,14989.53,82607.02,82607.02,14989.53,1,0.14,1,3,2,1,DATA_QUALITY_ISSUE
SYN_1097,92475.48,22115.01,92475.48,92475.48,22115.01,0,0.95,0,0,0,0,EMPLOYMENT_MISMATCH
SYN_1098,56316.09,7526.31,56316.09,56316.09,7526.31,1,0.95,0,0,0,0,CONSISTENT
SYN_1099,63597.16,12751.66,63597.16,63597.16,12751.66,1,0.95,0,0,0,0,CONSISTENT
SYN_1100,79307.0,23392.01,79307.0,79307.0,23392.01,0,0.95,0,0,0,0,EMPLOYMENT_MISMATCH
SYN_1101,55537.36,5732.81,55537.36,55537.36,5732.81,1,0.95,0,0,0,0,CONSISTENT
SYN_1102,63632.16,19903.36,63632.16,50096.93,19903.36,1,0.95,0,0,0,0,SALARY_MISMATCH
SYN_1103,62074.45,14725.19,62074.45,62074.45,27683.05,1,0.95,0,0,0,0,EMI_MISMATCH
SYN_1104,75450.47,14877.44,75450.47,75450.47,25891.2,1,0.95,0,0,0,0,EMI_MISMATCH
SYN_1105,65583.99,9458.8,65583.99,65583.99,9458.8,1,0.95,0,0,0,0,CONSISTENT
SYN_1106,70679.42,14915.19,70679.42,70679.42,14915.19,1,0.26,2,3,2,1,DATA_QUALITY_ISSUE
SYN_1107,66570.81,11745.49,66570.81,66570.81,22348.19,1,0.95,0,0,0,0,EMI_MISMATCH
SYN_1108,90219.68,24408.75,90219.68,90219.68,44307.73,1,0.95,0,0,0,0,EMI_MISMATCH
SYN_1109,61246.09,14982.21,61246.09,61246.09,14982.21,1,0.95,0,0,0,0,CONSISTENT
SYN_1110,79899.36,21984.54,79899.36,79899.36,49541.55,1,0.95,0,0,0,0,EMI_MISMATCH
SYN_1111,101417.82,25840.57,101417.82,60850.69,51681.14,1,0.95,0,0,0,0,MULTIPLE_MISMATCH
SYN_1112,74995.29,7981.18,74995.29,74995.29,7981.18,1,0.95,0,0,0,0,CONSISTENT
SYN_1113,106290.71,33214.77,106290.71,106290.71,33214.77,1,0.95,0,0,0,0,CONSISTENT
SYN_1114,59778.61,7854.16,59778.61,59778.61,7854.16,1,0.95,0,0,0,0,CONSISTENT
SYN_1115,74191.43,18280.1,74191.43,74191.43,18280.1,1,0.26,2,3,2,1,DATA_QUALITY_ISSUE
SYN_1116,60265.45,14849.22,60265.45,60265.45,14849.22,1,0.95,0,0,0,0,CONSISTENT
SYN_1117,84860.47,25883.88,84860.47,43488.76,25883.88,1,0.95,0,0,0,0,SALARY_MISMATCH
SYN_1118,55943.87,15235.06,55943.87,32206.53,15235.06,1,0.95,0,0,0,0,SALARY_MISMATCH
SYN_1119,87544.93,26480.69,87544.93,87544.93,26480.69,1,0.95,0,0,0,0,CONSISTENT
SYN_1120,78582.44,22203.9,78582.44,78582.44,41406.33,1,0.95,0,0,0,0,EMI_MISMATCH
SYN_1121,54512.64,15014.67,54512.64,54512.64,30877.14,1,0.95,0,0,0,0,EMI_MISMATCH
SYN_1122,72765.46,23855.05,72765.46,72765.46,23855.05,1,0.95,0,0,0,0,CONSISTENT
SYN_1123,69387.3,20235.55,69387.3,69387.3,20235.55,1,0.95,0,0,0,0,CONSISTENT
SYN_1124,72666.51,13286.2,72666.51,72666.51,13286.2,0,0.95,0,0,0,0,EMPLOYMENT_MISMATCH
SYN_1125,96388.42,20583.35,96388.42,96388.42,39361.12,1,0.95,0,0,0,0,EMI_MISMATCH
SYN_1126,66314.32,10790.65,66314.32,66314.32,10790.65,1,0.14,2,3,1,1,DATA_QUALITY_ISSUE
SYN_1127,72881.66,8686.09,72881.66,72881.66,8686.09,1,0.95,0,0,0,0,CONSISTENT
SYN_1128,95104.24,10963.25,95104.24,95104.24,10963.25,1,0.95,0,0,0,0,CONSISTENT
SYN_1129,79621.28,7965.84,79621.28,54476.39,7965.84,1,0.95,0,0,0,0,SALARY_MISMATCH
SYN_1130,74544.22,15979.36,74544.22,74544.22,30312.01,1,0.95,0,0,0,0,EMI_MISMATCH
SYN_1131,98725.48,13213.31,98725.48,55216.35,13213.31,1,0.95,0,0,0,0,SALARY_MISMATCH
SYN_1132,66246.55,10971.6,66246.55,66246.55,10971.6,1,0.95,0,0,0,0,CONSISTENT
SYN_1133,62421.1,16785.37,62421.1,31923.77,16785.37,1,0.95,0,0,0,0,SALARY_MISMATCH
SYN_1134,67446.65,18517.45,67446.65,67446.65,31755.88,1,0.95,0,0,0,0,EMI_MISMATCH
SYN_1135,63460.35,8193.97,63460.35,63460.35,8193.97,1,0.95,0,0,0,0,CONSISTENT
SYN_1136,71080.06,12358.48,71080.06,71080.06,12358.48,1,0.95,0,0,0,0,CONSISTENT
SYN_1137,88210.72,12092.82,88210.72,48659.31,12092.82,1,0.95,0,0,0,0,SALARY_MISMATCH
SYN_1138,100403.26,24055.42,100403.26,60241.96,48110.84,1,0.95,0,0,0,0,MULTIPLE_MISMATCH
SYN_1139,95610.32,22077.94,95610.32,57366.19,44155.88,1,0.95,0,0,0,0,MULTIPLE_MISMATCH
SYN_1140,51857.8,11277.97,51857.8,51857.8,11277.97,1,0.95,0,0,0,0,CONSISTENT
SYN_1141,65646.36,19552.93,65646.36,50858.63,19552.93,1,0.95,0,0,0,0,SALARY_MISMATCH
SYN_1142,59870.07,10581.62,59870.07,59870.07,10581.62,1,0.95,0,0,0,0,CONSISTENT
SYN_1143,57484.1,19943.38,57484.1,57484.1,19943.38,1,0.95,0,0,0,0,CONSISTENT
SYN_1144,92673.42,18398.83,92673.42,92673.42,18398.83,1,0.95,0,0,0,0,CONSISTENT
SYN_1145,72867.22,14986.16,72867.22,72867.22,37400.03,1,0.95,0,0,0,0,EMI_MISMATCH
SYN_1146,96108.88,31116.82,96108.88,96108.88,31116.82,1,0.95,0,0,0,0,CONSISTENT
SYN_1147,82927.77,15379.94,82927.77,82927.77,15379.94,1,0.95,0,0,0,0,CONSISTENT
SYN_1148,94220.89,9726.12,94220.89,56532.53,19452.24,1,0.95,0,0,0,0,MULTIPLE_MISMATCH
SYN_1149,46029.35,11626.75,46029.35,46029.35,11626.75,1,0.95,0,0,0,0,CONSISTENT
SYN_1150,88053.73,11369.03,88053.73,88053.73,11369.03,1,0.95,0,0,0,0,CONSISTENT
SYN_1151,72338.69,20835.87,72338.69,72338.69,20835.87,1,0.95,0,0,0,0,CONSISTENT
SYN_1152,54667.06,16883.55,54667.06,54667.06,16883.55,1,0.16,1,3,2,1,DATA_QUALITY_ISSUE
SYN_1153,63521.66,9816.86,63521.66,63521.66,9816.86,1,0.95,0,0,0,0,CONSISTENT
SYN_1154,75094.27,16260.09,75094.27,75094.27,16260.09,1,0.23,1,3,1,1,DATA_QUALITY_ISSUE
SYN_1155,109086.52,16921.71,109086.52,109086.52,16921.71,1,0.29,1,2,1,1,DATA_QUALITY_ISSUE
SYN_1156,88335.56,27049.54,88335.56,53001.34,54099.08,1,0.95,0,0,0,0,MULTIPLE_MISMATCH
SYN_1157,86868.14,20479.12,86868.14,86868.14,20479.12,0,0.95,0,0,0,0,EMPLOYMENT_MISMATCH
SYN_1158,67376.09,17270.68,67376.09,67376.09,17270.68,1,0.95,0,0,0,0,CONSISTENT
SYN_1159,81466.81,13119.45,81466.81,81466.81,13119.45,1,0.95,0,0,0,0,CONSISTENT
SYN_1160,65470.63,12850.29,65470.63,65470.63,30259.94,1,0.95,0,0,0,0,EMI_MISMATCH
SYN_1161,69841.77,10374.35,69841.77,69841.77,10374.35,1,0.24,1,1,1,1,DATA_QUALITY_ISSUE
SYN_1162,83625.5,20360.0,83625.5,83625.5,20360.0,1,0.95,0,0,0,0,CONSISTENT
SYN_1163,77350.41,26295.1,77350.41,77350.41,40723.09,1,0.95,0,0,0,0,EMI_MISMATCH
SYN_1164,90352.96,10030.67,90352.96,90352.96,10030.67,1,0.95,0,0,0,0,CONSISTENT
SYN_1165,106555.1,11869.84,106555.1,106555.1,11869.84,1,0.95,0,0,0,0,CONSISTENT
SYN_1166,83945.96,26068.69,83945.96,83945.96,26068.69,1,0.19,1,2,2,1,DATA_QUALITY_ISSUE
SYN_1167,84677.54,22874.75,84677.54,84677.54,22874.75,1,0.15,1,3,2,1,DATA_QUALITY_ISSUE
SYN_1168,86174.87,29062.06,86174.87,86174.87,47736.08,1,0.95,0,0,0,0,EMI_MISMATCH
SYN_1169,63159.79,6382.1,63159.79,63159.79,6382.1,1,0.95,0,0,0,0,CONSISTENT
SYN_1170,76531.12,19932.9,76531.12,76531.12,38087.56,1,0.95,0,0,0,0,EMI_MISMATCH
SYN_1171,69580.34,12791.85,69580.34,38486.6,12791.85,1,0.95,0,0,0,0,SALARY_MISMATCH
SYN_1172,74037.24,25111.96,74037.24,74037.24,25111.96,1,0.95,0,0,0,0,CONSISTENT
SYN_1173,61261.13,12147.27,61261.13,61261.13,21098.88,1,0.95,0,0,0,0,EMI_MISMATCH
SYN_1174,92014.42,13319.82,92014.42,92014.42,13319.82,1,0.95,0,0,0,0,CONSISTENT
SYN_1175,82672.49,18086.46,82672.49,82672.49,18086.46,0,0.95,0,0,0,0,EMPLOYMENT_MISMATCH
SYN_1176,104027.31,12294.34,104027.31,104027.31,12294.34,1,0.18,1,3,1,1,DATA_QUALITY_ISSUE
SYN_1177,92911.43,31627.42,92911.43,55746.86,63254.84,1,0.95,0,0,0,0,MULTIPLE_MISMATCH
SYN_1178,58257.04,12960.3,58257.04,58257.04,12960.3,0,0.95,0,0,0,0,EMPLOYMENT_MISMATCH
SYN_1179,85149.72,8869.96,85149.72,85149.72,15032.57,1,0.95,0,0,0,0,EMI_MISMATCH
SYN_1180,96667.31,16255.83,96667.31,58000.39,32511.66,1,0.95,0,0,0,0,MULTIPLE_MISMATCH
SYN_1181,80877.66,9462.15,80877.66,80877.66,9462.15,0,0.95,0,0,0,0,EMPLOYMENT_MISMATCH
SYN_1182,40654.27,13793.96,40654.27,40654.27,13793.96,1,0.95,0,0,0,0,CONSISTENT
SYN_1183,66740.72,17949.27,66740.72,40044.43,35898.54,1,0.95,0,0,0,0,MULTIPLE_MISMATCH
SYN_1184,106165.16,25706.63,106165.16,106165.16,40081.19,1,0.95,0,0,0,0,EMI_MISMATCH
SYN_1185,49049.49,6469.26,49049.49,49049.49,12350.37,1,0.95,0,0,0,0,EMI_MISMATCH
SYN_1186,103249.14,18141.65,103249.14,103249.14,18141.65,1,0.95,0,0,0,0,CONSISTENT
SYN_1187,86032.86,28792.29,86032.86,86032.86,28792.29,0,0.95,0,0,0,0,EMPLOYMENT_MISMATCH
SYN_1188,99877.28,16075.3,99877.28,99877.28,16075.3,1,0.95,0,0,0,0,CONSISTENT
SYN_1189,65753.21,10267.4,65753.21,65753.21,16111.13,1,0.95,0,0,0,0,EMI_MISMATCH
SYN_1190,59945.08,9809.12,59945.08,35967.05,19618.24,1,0.95,0,0,0,0,MULTIPLE_MISMATCH
SYN_1191,75701.57,13826.15,75701.57,54764.11,13826.15,1,0.95,0,0,0,0,SALARY_MISMATCH
SYN_1192,73392.71,10931.03,73392.71,47995.35,10931.03,1,0.95,0,0,0,0,SALARY_MISMATCH
SYN_1193,47100.98,15448.65,47100.98,47100.98,15448.65,1,0.95,0,0,0,0,CONSISTENT
SYN_1194,65919.82,18029.36,65919.82,65919.82,18029.36,1,0.95,0,0,0,0,CONSISTENT
SYN_1195,62841.53,20549.42,62841.53,62841.53,20549.42,1,0.95,0,0,0,0,CONSISTENT
SYN_1196,48958.56,6013.44,48958.56,48958.56,6013.44,1,0.95,0,0,0,0,CONSISTENT
SYN_1197,64926.57,6994.72,64926.57,64926.57,6994.72,1,0.95,0,0,0,0,CONSISTENT
SYN_1198,76694.22,14603.48,76694.22,76694.22,14603.48,0,0.95,0,0,0,0,EMPLOYMENT_MISMATCH
SYN_1199,86256.7,14567.39,86256.7,86256.7,14567.39,1,0.95,0,0,0,0,CONSISTENT
SYN_1200,55480.15,7235.93,55480.15,37528.33,7235.93,1,0.95,0,0,0,0,SALARY_MISMATCH
SYN_1201,92652.84,23432.98,92652.84,92652.84,23432.98,1,0.95,0,0,0,0,CONSISTENT
SYN_1202,82267.81,13486.65,82267.81,82267.81,13486.65,1,0.95,0,0,0,0,CONSISTENT
SYN_1203,69248.08,20613.27,69248.08,69248.08,20613.27,1,0.95,0,0,0,0,CONSISTENT
SYN_1204,68949.48,14410.36,68949.48,68949.48,14410.36,1,0.95,0,0,0,0,CONSISTENT
SYN_1205,64667.51,19910.17,64667.51,64667.51,33395.86,1,0.95,0,0,0,0,EMI_MISMATCH
SYN_1206,77141.23,22615.32,77141.23,77141.23,22615.32,0,0.95,0,0,0,0,EMPLOYMENT_MISMATCH
SYN_1207,71186.28,13532.08,71186.28,71186.28,13532.08,0,0.95,0,0,0,0,EMPLOYMENT_MISMATCH
SYN_1208,75620.53,14886.87,75620.53,75620.53,35184.82,1,0.95,0,0,0,0,EMI_MISMATCH
SYN_1209,59555.01,10910.19,59555.01,59555.01,10910.19,1,0.95,0,0,0,0,CONSISTENT
SYN_1210,61372.55,16985.09,61372.55,61372.55,36731.41,1,0.95,0,0,0,0,EMI_MISMATCH
SYN_1211,75918.41,7951.42,75918.41,45551.05,15902.84,1,0.95,0,0,0,0,MULTIPLE_MISMATCH
SYN_1212,76121.33,11578.05,76121.33,76121.33,11578.05,0,0.95,0,0,0,0,EMPLOYMENT_MISMATCH
SYN_1213,53878.45,6157.19,53878.45,53878.45,6157.19,1,0.95,0,0,0,0,CONSISTENT
SYN_1214,91227.39,9143.94,91227.39,91227.39,9143.94,1,0.95,0,0,0,0,CONSISTENT
SYN_1215,47801.5,15675.62,47801.5,47801.5,15675.62,1,0.11,1,2,2,1,DATA_QUALITY_ISSUE
SYN_1216,59120.84,9011.35,59120.84,46880.95,9011.35,1,0.95,0,0,0,0,SALARY_MISMATCH
SYN_1217,72313.6,21366.7,72313.6,72313.6,48413.92,1,0.95,0,0,0,0,EMI_MISMATCH
SYN_1218,80937.3,27632.78,80937.3,80937.3,52324.2,1,0.95,0,0,0,0,EMI_MISMATCH
SYN_1219,92921.44,22651.01,92921.44,92921.44,22651.01,1,0.95,0,0,0,0,CONSISTENT
SYN_1220,88419.71,19992.93,88419.71,88419.71,19992.93,1,0.95,0,0,0,0,CONSISTENT
SYN_1221,103466.51,29622.84,103466.51,103466.51,29622.84,1,0.95,0,0,0,0,CONSISTENT
SYN_1222,60781.61,12237.24,60781.61,60781.61,12237.24,1,0.95,0,0,0,0,CONSISTENT
SYN_1223,83946.62,27476.83,83946.62,83946.62,27476.83,1,0.95,0,0,0,0,CONSISTENT
SYN_1224,65485.71,18848.08,65485.71,65485.71,18848.08,1,0.95,0,0,0,0,CONSISTENT
SYN_1225,69913.17,23705.67,69913.17,41947.9,47411.34,1,0.95,0,0,0,0,MULTIPLE_MISMATCH
SYN_1226,80550.92,14886.63,80550.92,80550.92,14886.63,1,0.95,0,0,0,0,CONSISTENT
SYN_1227,60150.63,9752.52,60150.63,60150.63,9752.52,1,0.95,0,0,0,0,CONSISTENT
SYN_1228,74474.89,22506.8,74474.89,74474.89,22506.8,1,0.95,0,0,0,0,CONSISTENT
SYN_1229,86743.11,27264.03,86743.11,52045.87,54528.06,1,0.95,0,0,0,0,MULTIPLE_MISMATCH
SYN_1230,68533.12,9366.68,68533.12,68533.12,9366.68,0,0.95,0,0,0,0,EMPLOYMENT_MISMATCH
SYN_1231,77240.45,14127.6,77240.45,77240.45,28263.38,1,0.95,0,0,0,0,EMI_MISMATCH
SYN_1232,80462.1,18316.6,80462.1,80462.1,29672.03,1,0.95,0,0,0,0,EMI_MISMATCH
SYN_1233,80600.23,10826.63,80600.23,80600.23,10826.63,1,0.95,0,0,0,0,CONSISTENT
SYN_1234,79685.67,14519.18,79685.67,79685.67,14519.18,1,0.3,2,3,2,1,DATA_QUALITY_ISSUE
SYN_1235,89210.44,26835.5,89210.44,53526.26,53671.0,1,0.95,0,0,0,0,MULTIPLE_MISMATCH
SYN_1236,64435.12,16073.98,64435.12,64435.12,16073.98,1,0.12,2,3,1,1,DATA_QUALITY_ISSUE
SYN_1237,86913.68,29539.18,86913.68,86913.68,50739.82,1,0.95,0,0,0,0,EMI_MISMATCH
SYN_1238,68612.08,10198.07,68612.08,68612.08,10198.07,1,0.95,0,0,0,0,CONSISTENT
SYN_1239,91450.51,18331.1,91450.51,54870.31,36662.2,1,0.95,0,0,0,0,MULTIPLE_MISMATCH
SYN_1240,96359.43,17052.59,96359.43,96359.43,33716.38,1,0.95,0,0,0,0,EMI_MISMATCH
SYN_1241,72743.03,15799.6,72743.03,72743.03,15799.6,0,0.95,0,0,0,0,EMPLOYMENT_MISMATCH
SYN_1242,85014.91,28101.51,85014.91,85014.91,28101.51,0,0.95,0,0,0,0,EMPLOYMENT_MISMATCH
SYN_1243,63285.67,16011.41,63285.67,63285.67,16011.41,1,0.95,0,0,0,0,CONSISTENT
SYN_1244,68643.37,12460.62,68643.37,68643.37,12460.62,1,0.95,0,0,0,0,CONSISTENT
SYN_1245,88644.32,14029.58,88644.32,88644.32,14029.58,1,0.95,0,0,0,0,CONSISTENT
SYN_1246,69346.35,17850.24,69346.35,69346.35,42188.77,1,0.95,0,0,0,0,EMI_MISMATCH
SYN_1247,75902.05,26479.84,75902.05,75902.05,26479.84,1,0.95,0,0,0,0,CONSISTENT
SYN_1248,80213.84,12463.57,80213.84,80213.84,12463.57,1,0.12,1,2,1,1,DATA_QUALITY_ISSUE
SYN_1249,72874.95,7893.6,72874.95,72874.95,7893.6,1,0.95,0,0,0,0,CONSISTENT
SYN_1250,56108.51,11444.19,56108.51,56108.51,11444.19,1,0.95,0,0,0,0,CONSISTENT
SYN_1251,65890.62,14022.62,65890.62,65890.62,14022.62,1,0.95,0,0,0,0,CONSISTENT
SYN_1252,38818.29,9025.86,38818.29,23290.97,18051.72,1,0.95,0,0,0,0,MULTIPLE_MISMATCH
SYN_1253,93620.88,30311.08,93620.88,70774.83,30311.08,1,0.95,0,0,0,0,SALARY_MISMATCH
SYN_1254,69765.27,9372.3,69765.27,69765.27,16653.36,1,0.95,0,0,0,0,EMI_MISMATCH
SYN_1255,78034.9,22364.08,78034.9,78034.9,22364.08,1,0.95,0,0,0,0,CONSISTENT
SYN_1256,83131.35,25888.21,83131.35,83131.35,25888.21,1,0.95,0,0,0,0,CONSISTENT
SYN_1257,63045.91,19892.18,63045.91,63045.91,19892.18,1,0.95,0,0,0,0,CONSISTENT
SYN_1258,114722.16,27356.17,114722.16,114722.16,27356.17,1,0.95,0,0,0,0,CONSISTENT
SYN_1259,87414.03,25193.79,87414.03,62925.67,25193.79,1,0.95,0,0,0,0,SALARY_MISMATCH
SYN_1260,66578.03,18688.2,66578.03,39946.82,37376.4,1,0.95,0,0,0,0,MULTIPLE_MISMATCH
SYN_1261,59465.66,9546.83,59465.66,59465.66,9546.83,1,0.95,0,0,0,0,CONSISTENT
SYN_1262,91605.96,26199.96,91605.96,91605.96,26199.96,1,0.95,0,0,0,0,CONSISTENT
SYN_1263,86559.58,28517.94,86559.58,86559.58,28517.94,0,0.95,0,0,0,0,EMPLOYMENT_MISMATCH
SYN_1264,62693.13,9915.49,62693.13,62693.13,9915.49,1,0.95,0,0,0,0,CONSISTENT
SYN_1265,86818.52,10443.49,86818.52,86818.52,10443.49,0,0.95,0,0,0,0,EMPLOYMENT_MISMATCH
SYN_1266,53622.55,15270.25,53622.55,37855.06,15270.25,1,0.95,0,0,0,0,SALARY_MISMATCH
SYN_1267,79672.01,21343.89,79672.01,47803.21,42687.78,1,0.95,0,0,0,0,MULTIPLE_MISMATCH
SYN_1268,81455.23,19039.48,81455.23,81455.23,19039.48,1,0.95,0,0,0,0,CONSISTENT
SYN_1269,66221.61,15933.41,66221.61,66221.61,15933.41,1,0.95,0,0,0,0,CONSISTENT
SYN_1270,90084.83,26631.33,90084.83,90084.83,26631.33,1,0.95,0,0,0,0,CONSISTENT
SYN_1271,90367.48,15070.47,90367.48,54220.49,30140.94,1,0.95,0,0,0,0,MULTIPLE_MISMATCH
SYN_1272,70708.15,22251.17,70708.15,42266.82,22251.17,1,0.95,0,0,0,0,SALARY_MISMATCH
SYN_1273,76733.97,11220.81,76733.97,76733.97,11220.81,1,0.23,1,3,2,1,DATA_QUALITY_ISSUE
SYN_1274,58253.93,11313.89,58253.93,44434.44,11313.89,1,0.95,0,0,0,0,SALARY_MISMATCH
SYN_1275,43866.18,5557.85,43866.18,43866.18,5557.85,1,0.39,2,2,1,1,DATA_QUALITY_ISSUE
SYN_1276,73708.95,13168.64,73708.95,73708.95,13168.64,1,0.3,1,2,2,1,DATA_QUALITY_ISSUE
SYN_1277,61631.75,7249.98,61631.75,61631.75,7249.98,1,0.95,0,0,0,0,CONSISTENT
SYN_1278,79794.49,11772.26,79794.49,79794.49,11772.26,1,0.35,1,2,1,1,DATA_QUALITY_ISSUE
SYN_1279,100647.42,13562.3,100647.42,100647.42,13562.3,1,0.95,0,0,0,0,CONSISTENT
SYN_1280,72469.17,15994.87,72469.17,40849.83,15994.87,1,0.95,0,0,0,0,SALARY_MISMATCH
SYN_1281,75138.4,7783.99,75138.4,75138.4,7783.99,1,0.95,0,0,0,0,CONSISTENT
SYN_1282,93883.25,32408.35,93883.25,56329.95,64816.7,1,0.95,0,0,0,0,MULTIPLE_MISMATCH
SYN_1283,90833.05,30713.31,90833.05,90833.05,69244.29,1,0.95,0,0,0,0,EMI_MISMATCH
SYN_1284,75155.16,18642.64,75155.16,53381.25,18642.64,1,0.95,0,0,0,0,SALARY_MISMATCH
SYN_1285,93814.7,24737.19,93814.7,93814.7,24737.19,1,0.95,0,0,0,0,CONSISTENT
SYN_1286,71988.08,19137.36,71988.08,38547.22,19137.36,1,0.95,0,0,0,0,SALARY_MISMATCH
SYN_1287,65497.83,9594.8,65497.83,51431.88,9594.8,1,0.95,0,0,0,0,SALARY_MISMATCH
SYN_1288,84965.81,14038.87,84965.81,84965.81,14038.87,1,0.95,0,0,0,0,CONSISTENT
SYN_1289,88523.27,27728.29,88523.27,88523.27,27728.29,1,0.13,1,1,2,1,DATA_QUALITY_ISSUE
SYN_1290,90902.22,11560.09,90902.22,90902.22,11560.09,0,0.95,0,0,0,0,EMPLOYMENT_MISMATCH
SYN_1291,94721.7,17584.87,94721.7,94721.7,17584.87,1,0.29,1,1,2,1,DATA_QUALITY_ISSUE
SYN_1292,66517.33,15483.73,66517.33,48139.61,15483.73,1,0.95,0,0,0,0,SALARY_MISMATCH
SYN_1293,82066.1,25036.81,82066.1,49239.66,50073.62,1,0.95,0,0,0,0,MULTIPLE_MISMATCH
SYN_1294,78275.2,20966.13,78275.2,78275.2,50870.29,1,0.95,0,0,0,0,EMI_MISMATCH
SYN_1295,83060.4,19767.05,83060.4,83060.4,34431.0,1,0.95,0,0,0,0,EMI_MISMATCH
SYN_1296,88866.15,30386.51,88866.15,61969.0,30386.51,1,0.95,0,0,0,0,SALARY_MISMATCH
SYN_1297,77073.26,17844.05,77073.26,77073.26,40315.26,1,0.95,0,0,0,0,EMI_MISMATCH
SYN_1298,85375.82,12660.38,85375.82,85375.82,12660.38,0,0.95,0,0,0,0,EMPLOYMENT_MISMATCH
SYN_1299,40528.33,9294.09,40528.33,25286.93,9294.09,1,0.95,0,0,0,0,SALARY_MISMATCH
SYN_1300,67219.79,13651.78,67219.79,67219.79,13651.78,1,0.95,0,0,0,0,CONSISTENT
SYN_1301,91693.05,25795.25,91693.05,91693.05,25795.25,1,0.95,0,0,0,0,CONSISTENT
SYN_1302,78577.21,9568.17,78577.21,78577.21,9568.17,1,0.95,0,0,0,0,CONSISTENT
SYN_1303,53567.14,12641.48,53567.14,53567.14,12641.48,1,0.95,0,0,0,0,CONSISTENT
SYN_1304,78328.25,24456.51,78328.25,78328.25,24456.51,1,0.95,0,0,0,0,CONSISTENT
SYN_1305,85810.34,15935.82,85810.34,85810.34,15935.82,1,0.95,0,0,0,0,CONSISTENT
SYN_1306,66192.91,16058.56,66192.91,66192.91,16058.56,1,0.95,0,0,0,0,CONSISTENT
SYN_1307,60475.98,12756.97,60475.98,60475.98,22737.61,1,0.95,0,0,0,0,EMI_MISMATCH
SYN_1308,87003.38,27767.43,87003.38,87003.38,27767.43,1,0.95,0,0,0,0,CONSISTENT
SYN_1309,87098.73,13092.33,87098.73,87098.73,13092.33,0,0.95,0,0,0,0,EMPLOYMENT_MISMATCH
SYN_1310,50827.99,6542.91,50827.99,30496.79,13085.82,1,0.95,0,0,0,0,MULTIPLE_MISMATCH
SYN_1311,115169.66,28186.78,115169.66,115169.66,28186.78,1,0.95,0,0,0,0,CONSISTENT
SYN_1312,75970.42,13561.55,75970.42,75970.42,13561.55,1,0.95,0,0,0,0,CONSISTENT
SYN_1313,81124.57,9879.13,81124.57,52423.94,9879.13,1,0.95,0,0,0,0,SALARY_MISMATCH
SYN_1314,70341.63,11637.16,70341.63,70341.63,24720.13,1,0.95,0,0,0,0,EMI_MISMATCH
SYN_1315,47838.04,9936.66,47838.04,28702.82,19873.32,1,0.95,0,0,0,0,MULTIPLE_MISMATCH
SYN_1316,82245.95,23133.96,82245.95,82245.95,23133.96,1,0.95,0,0,0,0,CONSISTENT
SYN_1317,81854.51,15127.13,81854.51,81854.51,15127.13,0,0.95,0,0,0,0,EMPLOYMENT_MISMATCH
SYN_1318,94693.54,10441.58,94693.54,68505.81,10441.58,1,0.95,0,0,0,0,SALARY_MISMATCH
SYN_1319,95152.35,20557.76,95152.35,65251.8,20557.76,1,0.95,0,0,0,0,SALARY_MISMATCH
SYN_1320,47814.98,12691.34,47814.98,27050.74,12691.34,1,0.95,0,0,0,0,SALARY_MISMATCH
SYN_1321,68988.16,7362.2,68988.16,68988.16,7362.2,1,0.95,0,0,0,0,CONSISTENT
SYN_1322,112865.95,14281.09,112865.95,112865.95,14281.09,1,0.95,0,0,0,0,CONSISTENT
SYN_1323,98956.81,29825.64,98956.81,58374.68,29825.64,1,0.95,0,0,0,0,SALARY_MISMATCH
SYN_1324,52933.79,12381.67,52933.79,52933.79,12381.67,1,0.29,2,2,2,1,DATA_QUALITY_ISSUE
SYN_1325,86290.23,26730.55,86290.23,86290.23,26730.55,1,0.95,0,0,0,0,CONSISTENT
SYN_1326,57188.02,7908.31,57188.02,57188.02,17620.64,1,0.95,0,0,0,0,EMI_MISMATCH
SYN_1327,88312.56,30366.5,88312.56,88312.56,62966.86,1,0.95,0,0,0,0,EMI_MISMATCH
SYN_1328,86412.7,22650.16,86412.7,86412.7,22650.16,1,0.95,0,0,0,0,CONSISTENT
SYN_1329,90120.06,22469.46,90120.06,90120.06,22469.46,1,0.95,0,0,0,0,CONSISTENT
SYN_1330,66755.93,14576.75,66755.93,66755.93,14576.75,1,0.95,0,0,0,0,CONSISTENT
SYN_1331,87801.32,10714.71,87801.32,52680.79,21429.42,1,0.95,0,0,0,0,MULTIPLE_MISMATCH
SYN_1332,69459.2,21663.42,69459.2,69459.2,21663.42,0,0.95,0,0,0,0,EMPLOYMENT_MISMATCH
SYN_1333,56877.32,15735.17,56877.32,56877.32,15735.17,1,0.95,0,0,0,0,CONSISTENT
SYN_1334,71226.29,18435.56,71226.29,39811.66,18435.56,1,0.95,0,0,0,0,SALARY_MISMATCH
SYN_1335,73605.84,17660.7,73605.84,73605.84,17660.7,1,0.95,0,0,0,0,CONSISTENT
SYN_1336,71407.47,19046.65,71407.47,42844.48,38093.3,1,0.95,0,0,0,0,MULTIPLE_MISMATCH
SYN_1337,75739.62,12476.29,75739.62,39070.13,12476.29,1,0.95,0,0,0,0,SALARY_MISMATCH
SYN_1338,86532.6,11277.43,86532.6,86532.6,11277.43,0,0.95,0,0,0,0,EMPLOYMENT_MISMATCH
SYN_1339,112274.55,28085.01,112274.55,112274.55,28085.01,1,0.95,0,0,0,0,CONSISTENT
SYN_1340,93789.24,18282.74,93789.24,93789.24,18282.74,1,0.95,0,0,0,0,CONSISTENT
SYN_1341,76154.75,18880.99,76154.75,76154.75,31947.08,1,0.95,0,0,0,0,EMI_MISMATCH
SYN_1342,76861.09,19664.52,76861.09,76861.09,41344.05,1,0.95,0,0,0,0,EMI_MISMATCH
SYN_1343,44130.5,10142.43,44130.5,24680.72,10142.43,1,0.95,0,0,0,0,SALARY_MISMATCH
SYN_1344,80343.25,11765.81,80343.25,48205.95,23531.62,1,0.95,0,0,0,0,MULTIPLE_MISMATCH
SYN_1345,103851.69,21749.58,103851.69,103851.69,21749.58,1,0.95,0,0,0,0,CONSISTENT
SYN_1346,63380.78,15182.41,63380.78,63380.78,15182.41,1,0.95,0,0,0,0,CONSISTENT
SYN_1347,44023.75,12515.21,44023.75,44023.75,12515.21,1,0.95,0,0,0,0,CONSISTENT
SYN_1348,75426.86,16495.27,75426.86,75426.86,16495.27,1,0.95,0,0,0,0,CONSISTENT
SYN_1349,99650.67,22048.16,99650.67,99650.67,22048.16,1,0.95,0,0,0,0,CONSISTENT
SYN_1350,80409.72,27589.81,80409.72,80409.72,27589.81,1,0.95,0,0,0,0,CONSISTENT
SYN_1351,54497.12,12037.03,54497.12,34264.78,12037.03,1,0.95,0,0,0,0,SALARY_MISMATCH
SYN_1352,83888.51,10615.26,83888.51,83888.51,10615.26,1,0.95,0,0,0,0,CONSISTENT
SYN_1353,64274.05,14540.58,64274.05,38564.43,29081.16,1,0.95,0,0,0,0,MULTIPLE_MISMATCH
SYN_1354,65851.49,7604.97,65851.49,65851.49,7604.97,0,0.95,0,0,0,0,EMPLOYMENT_MISMATCH
SYN_1355,92663.17,15345.22,92663.17,92663.17,29489.1,1,0.95,0,0,0,0,EMI_MISMATCH
SYN_1356,71811.32,15243.36,71811.32,71811.32,15243.36,1,0.95,0,0,0,0,CONSISTENT
SYN_1357,47222.36,8447.29,47222.36,47222.36,13571.62,1,0.95,0,0,0,0,EMI_MISMATCH
SYN_1358,86753.84,10833.27,86753.84,86753.84,10833.27,1,0.95,0,0,0,0,CONSISTENT
SYN_1359,79207.99,21799.34,79207.99,79207.99,21799.34,0,0.95,0,0,0,0,EMPLOYMENT_MISMATCH
SYN_1360,90241.4,23254.54,90241.4,90241.4,23254.54,1,0.95,0,0,0,0,CONSISTENT
SYN_1361,99314.64,16931.12,99314.64,59133.12,16931.12,1,0.95,0,0,0,0,SALARY_MISMATCH
SYN_1362,73303.79,8360.74,73303.79,73303.79,8360.74,1,0.25,1,1,2,1,DATA_QUALITY_ISSUE
SYN_1363,63444.26,19858.82,63444.26,42365.88,19858.82,1,0.95,0,0,0,0,SALARY_MISMATCH
SYN_1364,56547.93,7062.55,56547.93,28545.87,7062.55,1,0.95,0,0,0,0,SALARY_MISMATCH
SYN_1365,95550.65,11459.27,95550.65,95550.65,11459.27,1,0.3,2,2,2,1,DATA_QUALITY_ISSUE
SYN_1366,50506.83,5495.33,50506.83,50506.83,5495.33,1,0.95,0,0,0,0,CONSISTENT
SYN_1367,68064.71,15949.95,68064.71,68064.71,15949.95,0,0.95,0,0,0,0,EMPLOYMENT_MISMATCH
SYN_1368,81171.72,22712.55,81171.72,81171.72,22712.55,1,0.95,0,0,0,0,CONSISTENT
SYN_1369,88138.15,19309.36,88138.15,88138.15,19309.36,1,0.95,0,0,0,0,CONSISTENT
SYN_1370,68000.59,13640.46,68000.59,68000.59,24525.64,1,0.95,0,0,0,0,EMI_MISMATCH
SYN_1371,69258.37,10545.23,69258.37,69258.37,23155.16,1,0.95,0,0,0,0,EMI_MISMATCH
SYN_1372,59396.25,20722.03,59396.25,59396.25,20722.03,1,0.24,1,1,1,1,DATA_QUALITY_ISSUE
SYN_1373,69174.8,10437.35,69174.8,69174.8,10437.35,1,0.33,2,3,1,1,DATA_QUALITY_ISSUE
SYN_1374,70415.71,7196.08,70415.71,70415.71,7196.08,1,0.95,0,0,0,0,CONSISTENT
SYN_1375,36655.23,9480.48,36655.23,36655.23,9480.48,1,0.95,0,0,0,0,CONSISTENT
SYN_1376,77121.61,10040.2,77121.61,77121.61,24869.23,1,0.95,0,0,0,0,EMI_MISMATCH
SYN_1377,65581.6,19888.65,65581.6,65581.6,19888.65,1,0.95,0,0,0,0,CONSISTENT
SYN_1378,31622.51,6550.95,31622.51,31622.51,6550.95,1,0.95,0,0,0,0,CONSISTENT
SYN_1379,83413.39,27602.84,83413.39,83413.39,68938.59,1,0.95,0,0,0,0,EMI_MISMATCH
SYN_1380,56199.13,8929.88,56199.13,56199.13,8929.88,1,0.95,0,0,0,0,CONSISTENT
SYN_1381,53516.27,8074.11,53516.27,53516.27,8074.11,1,0.95,0,0,0,0,CONSISTENT
SYN_1382,66591.82,21950.69,66591.82,66591.82,21950.69,1,0.11,2,1,1,1,DATA_QUALITY_ISSUE
SYN_1383,70586.36,22402.94,70586.36,70586.36,22402.94,1,0.95,0,0,0,0,CONSISTENT
SYN_1384,95348.75,32125.05,95348.75,95348.75,32125.05,1,0.95,0,0,0,0,CONSISTENT
SYN_1385,92190.45,18294.16,92190.45,92190.45,18294.16,1,0.95,0,0,0,0,CONSISTENT
SYN_1386,63339.43,13373.7,63339.43,63339.43,29988.78,1,0.95,0,0,0,0,EMI_MISMATCH
SYN_1387,72821.23,15917.06,72821.23,72821.23,15917.06,1,0.95,0,0,0,0,CONSISTENT
SYN_1388,70191.61,13245.11,70191.61,70191.61,13245.11,1,0.95,0,0,0,0,CONSISTENT
SYN_1389,76793.98,24657.46,76793.98,76793.98,24657.46,1,0.95,0,0,0,0,CONSISTENT
SYN_1390,65468.65,16331.29,65468.65,65468.65,16331.29,1,0.95,0,0,0,0,CONSISTENT
SYN_1391,100461.48,20361.82,100461.48,100461.48,40818.06,1,0.95,0,0,0,0,EMI_MISMATCH
SYN_1392,64786.76,17682.25,64786.76,64786.76,17682.25,1,0.95,0,0,0,0,CONSISTENT
SYN_1393,73337.81,25283.79,73337.81,73337.81,48563.5,1,0.95,0,0,0,0,EMI_MISMATCH
SYN_1394,69176.35,22654.05,69176.35,49473.44,22654.05,1,0.95,0,0,0,0,SALARY_MISMATCH
SYN_1395,80719.64,17291.92,80719.64,80719.64,34153.42,1,0.95,0,0,0,0,EMI_MISMATCH
SYN_1396,79674.79,27223.01,79674.79,79674.79,27223.01,1,0.95,0,0,0,0,CONSISTENT
SYN_1397,63512.85,15079.81,63512.85,63512.85,28910.47,1,0.95,0,0,0,0,EMI_MISMATCH
SYN_1398,74482.17,11246.71,74482.17,44689.3,22493.42,1,0.95,0,0,0,0,MULTIPLE_MISMATCH
SYN_1399,65252.6,22379.12,65252.6,39151.56,44758.24,1,0.95,0,0,0,0,MULTIPLE_MISMATCH
SYN_1400,76262.52,13172.0,76262.52,48870.7,13172.0,1,0.95,0,0,0,0,SALARY_MISMATCH
SYN_1401,60730.96,8032.75,60730.96,36438.58,16065.5,1,0.95,0,0,0,0,MULTIPLE_MISMATCH
SYN_1402,65941.65,19453.58,65941.65,65941.65,19453.58,1,0.95,0,0,0,0,CONSISTENT
SYN_1403,66039.53,12097.28,66039.53,51641.41,12097.28,1,0.95,0,0,0,0,SALARY_MISMATCH
SYN_1404,67684.89,23488.76,67684.89,67684.89,23488.76,1,0.95,0,0,0,0,CONSISTENT
SYN_1405,102201.12,35354.22,102201.12,52638.95,35354.22,1,0.95,0,0,0,0,SALARY_MISMATCH
SYN_1406,69856.82,19567.89,69856.82,69856.82,19567.89,1,0.95,0,0,0,0,CONSISTENT
SYN_1407,73532.54,18491.54,73532.54,73532.54,18491.54,1,0.95,0,0,0,0,CONSISTENT
SYN_1408,58380.87,6233.71,58380.87,42912.88,6233.71,1,0.95,0,0,0,0,SALARY_MISMATCH
SYN_1409,80936.98,16851.89,80936.98,80936.98,16851.89,1,0.95,0,0,0,0,CONSISTENT
SYN_1410,78953.26,17310.17,78953.26,48695.42,17310.17,1,0.95,0,0,0,0,SALARY_MISMATCH
SYN_1411,70407.51,17867.13,70407.51,42244.51,35734.26,1,0.95,0,0,0,0,MULTIPLE_MISMATCH
SYN_1412,86018.97,29290.72,86018.97,86018.97,29290.72,1,0.25,2,2,2,1,DATA_QUALITY_ISSUE
SYN_1413,72005.0,13038.83,72005.0,43203.0,26077.66,1,0.95,0,0,0,0,MULTIPLE_MISMATCH
SYN_1414,49392.38,15109.69,49392.38,49392.38,15109.69,1,0.31,1,3,2,1,DATA_QUALITY_ISSUE
SYN_1415,82410.96,13572.93,82410.96,82410.96,24654.65,1,0.95,0,0,0,0,EMI_MISMATCH
SYN_1416,32180.6,5657.51,32180.6,32180.6,5657.51,1,0.95,0,0,0,0,CONSISTENT
SYN_1417,72604.72,17622.14,72604.72,72604.72,17622.14,1,0.37,1,1,2,1,DATA_QUALITY_ISSUE
SYN_1418,81450.99,21985.76,81450.99,81450.99,21985.76,1,0.27,2,2,1,1,DATA_QUALITY_ISSUE
SYN_1419,102849.71,29136.3,102849.71,82138.5,29136.3,1,0.95,0,0,0,0,SALARY_MISMATCH
SYN_1420,67773.51,15896.62,67773.51,67773.51,15896.62,1,0.95,0,0,0,0,CONSISTENT
SYN_1421,57359.7,19752.62,57359.7,43363.66,19752.62,1,0.95,0,0,0,0,SALARY_MISMATCH
SYN_1422,69969.0,17549.02,69969.0,39754.87,17549.02,1,0.95,0,0,0,0,SALARY_MISMATCH
SYN_1423,77254.33,26851.39,77254.33,52795.8,26851.39,1,0.95,0,0,0,0,SALARY_MISMATCH
SYN_1424,103979.11,30469.83,103979.11,103979.11,30469.83,1,0.95,0,0,0,0,CONSISTENT
SYN_1425,51554.49,10720.85,51554.49,51554.49,10720.85,1,0.95,0,0,0,0,CONSISTENT
SYN_1426,57308.11,12667.57,57308.11,57308.11,12667.57,0,0.95,0,0,0,0,EMPLOYMENT_MISMATCH
SYN_1427,47371.53,14329.64,47371.53,47371.53,14329.64,0,0.95,0,0,0,0,EMPLOYMENT_MISMATCH
SYN_1428,88381.01,13795.9,88381.01,88381.01,13795.9,1,0.95,0,0,0,0,CONSISTENT
SYN_1429,77464.42,16374.39,77464.42,61203.91,16374.39,1,0.95,0,0,0,0,SALARY_MISMATCH
SYN_1430,107943.35,34094.76,107943.35,107943.35,55896.66,1,0.95,0,0,0,0,EMI_MISMATCH
SYN_1431,78507.72,21943.19,78507.72,78507.72,41078.61,1,0.95,0,0,0,0,EMI_MISMATCH
SYN_1432,90531.65,19416.78,90531.65,90531.65,19416.78,1,0.95,0,0,0,0,CONSISTENT
SYN_1433,69285.05,23673.56,69285.05,69285.05,23673.56,1,0.95,0,0,0,0,CONSISTENT
SYN_1434,83194.1,13469.78,83194.1,83194.1,13469.78,1,0.2,2,3,2,1,DATA_QUALITY_ISSUE
SYN_1435,66846.11,8682.15,66846.11,66846.11,8682.15,1,0.95,0,0,0,0,CONSISTENT
SYN_1436,63568.57,8047.97,63568.57,63568.57,8047.97,1,0.95,0,0,0,0,CONSISTENT
SYN_1437,81189.46,9091.47,81189.46,48713.68,18182.94,1,0.95,0,0,0,0,MULTIPLE_MISMATCH
SYN_1438,65963.98,18324.14,65963.98,65963.98,18324.14,1,0.1,2,3,2,1,DATA_QUALITY_ISSUE
SYN_1439,108163.36,32079.4,108163.36,108163.36,32079.4,0,0.95,0,0,0,0,EMPLOYMENT_MISMATCH
SYN_1440,80290.34,8083.39,80290.34,60617.92,8083.39,1,0.95,0,0,0,0,SALARY_MISMATCH
SYN_1441,71250.38,15890.47,71250.38,71250.38,15890.47,1,0.95,0,0,0,0,CONSISTENT
SYN_1442,74969.86,12712.41,74969.86,74969.86,12712.41,1,0.22,1,2,2,1,DATA_QUALITY_ISSUE
SYN_1443,52739.15,7037.75,52739.15,31643.49,14075.5,1,0.95,0,0,0,0,MULTIPLE_MISMATCH
SYN_1444,71872.98,8492.97,71872.98,71872.98,8492.97,1,0.16,2,1,1,1,DATA_QUALITY_ISSUE
SYN_1445,60111.67,17437.32,60111.67,60111.67,17437.32,1,0.95,0,0,0,0,CONSISTENT
SYN_1446,89010.51,9065.54,89010.51,89010.51,9065.54,0,0.95,0,0,0,0,EMPLOYMENT_MISMATCH
SYN_1447,71634.27,15121.92,71634.27,42334.77,15121.92,1,0.95,0,0,0,0,SALARY_MISMATCH
SYN_1448,90316.52,17129.91,90316.52,90316.52,17129.91,0,0.95,0,0,0,0,EMPLOYMENT_MISMATCH
SYN_1449,62150.24,17815.42,62150.24,62150.24,17815.42,1,0.95,0,0,0,0,CONSISTENT
SYN_1450,72868.33,19027.47,72868.33,72868.33,19027.47,1,0.95,0,0,0,0,CONSISTENT
SYN_1451,84693.51,29493.32,84693.51,84693.51,29493.32,1,0.95,0,0,0,0,CONSISTENT
SYN_1452,55875.13,8742.22,55875.13,55875.13,8742.22,0,0.95,0,0,0,0,EMPLOYMENT_MISMATCH
SYN_1453,72524.89,9737.42,72524.89,72524.89,9737.42,1,0.95,0,0,0,0,CONSISTENT
SYN_1454,91240.25,27739.14,91240.25,54744.15,55478.28,1,0.95,0,0,0,0,MULTIPLE_MISMATCH
SYN_1455,92104.7,19755.61,92104.7,92104.7,19755.61,1,0.22,2,1,1,1,DATA_QUALITY_ISSUE
SYN_1456,112483.01,20634.35,112483.01,75790.38,20634.35,1,0.95,0,0,0,0,SALARY_MISMATCH
SYN_1457,104225.14,23939.16,104225.14,62535.08,47878.32,1,0.95,0,0,0,0,MULTIPLE_MISMATCH
SYN_1458,90376.64,14298.91,90376.64,90376.64,14298.91,1,0.95,0,0,0,0,CONSISTENT
SYN_1459,60894.02,13764.07,60894.02,36344.17,13764.07,1,0.95,0,0,0,0,SALARY_MISMATCH
SYN_1460,66588.59,14382.89,66588.59,66588.59,14382.89,1,0.95,0,0,0,0,CONSISTENT
SYN_1461,65955.53,19388.9,65955.53,65955.53,19388.9,1,0.95,0,0,0,0,CONSISTENT
SYN_1462,79768.63,23287.75,79768.63,47861.18,46575.5,1,0.95,0,0,0,0,MULTIPLE_MISMATCH
SYN_1463,90526.93,22119.2,90526.93,90526.93,22119.2,1,0.95,0,0,0,0,CONSISTENT
SYN_1464,81683.47,17528.53,81683.47,81683.47,35560.26,1,0.95,0,0,0,0,EMI_MISMATCH
SYN_1465,64912.72,13550.77,64912.72,64912.72,13550.77,1,0.95,0,0,0,0,CONSISTENT
SYN_1466,78349.06,18518.35,78349.06,78349.06,18518.35,1,0.95,0,0,0,0,CONSISTENT
SYN_1467,89916.71,12663.74,89916.71,89916.71,12663.74,1,0.95,0,0,0,0,CONSISTENT
SYN_1468,84690.09,11549.94,84690.09,84690.09,11549.94,1,0.95,0,0,0,0,CONSISTENT
SYN_1469,39425.11,4994.29,39425.11,23655.07,9988.58,1,0.95,0,0,0,0,MULTIPLE_MISMATCH
SYN_1470,105631.04,33485.03,105631.04,105631.04,77959.37,1,0.95,0,0,0,0,EMI_MISMATCH
SYN_1471,68906.36,13523.87,68906.36,68906.36,33038.58,1,0.95,0,0,0,0,EMI_MISMATCH
SYN_1472,65747.54,20299.12,65747.54,65747.54,44868.19,1,0.95,0,0,0,0,EMI_MISMATCH
SYN_1473,61459.51,15965.76,61459.51,61459.51,15965.76,1,0.95,0,0,0,0,CONSISTENT
SYN_1474,89203.93,31169.46,89203.93,89203.93,31169.46,1,0.95,0,0,0,0,CONSISTENT
SYN_1475,79813.15,8473.05,79813.15,79813.15,8473.05,1,0.95,0,0,0,0,CONSISTENT
SYN_1476,72531.59,20405.43,72531.59,72531.59,47674.81,1,0.95,0,0,0,0,EMI_MISMATCH
SYN_1477,82309.58,21551.57,82309.58,82309.58,21551.57,1,0.14,1,3,1,1,DATA_QUALITY_ISSUE
SYN_1478,91078.95,19106.78,91078.95,91078.95,19106.78,1,0.11,1,2,2,1,DATA_QUALITY_ISSUE
SYN_1479,93053.05,29272.87,93053.05,93053.05,29272.87,1,0.95,0,0,0,0,CONSISTENT
SYN_1480,80148.51,23729.4,80148.51,62841.57,23729.4,1,0.95,0,0,0,0,SALARY_MISMATCH
SYN_1481,85120.93,15709.73,85120.93,85120.93,15709.73,1,0.95,0,0,0,0,CONSISTENT
SYN_1482,72606.52,25068.22,72606.52,72606.52,25068.22,1,0.3,2,1,1,1,DATA_QUALITY_ISSUE
SYN_1483,60130.64,10758.4,60130.64,60130.64,17485.1,1,0.95,0,0,0,0,EMI_MISMATCH
SYN_1484,88808.97,9764.48,88808.97,88808.97,20482.78,1,0.95,0,0,0,0,EMI_MISMATCH
SYN_1485,73108.02,15705.5,73108.02,43864.81,31411.0,1,0.95,0,0,0,0,MULTIPLE_MISMATCH
SYN_1486,89509.67,23960.96,89509.67,89509.67,23960.96,1,0.95,0,0,0,0,CONSISTENT
SYN_1487,68005.44,21061.95,68005.44,40803.26,42123.9,1,0.95,0,0,0,0,MULTIPLE_MISMATCH
SYN_1488,52305.65,8410.49,52305.65,31383.39,16820.98,1,0.95,0,0,0,0,MULTIPLE_MISMATCH
SYN_1489,71812.48,13328.31,71812.48,71812.48,27276.07,1,0.95,0,0,0,0,EMI_MISMATCH
SYN_1490,92684.23,26800.72,92684.23,92684.23,26800.72,1,0.95,0,0,0,0,CONSISTENT
SYN_1491,67575.52,9870.23,67575.52,67575.52,15367.97,1,0.95,0,0,0,0,EMI_MISMATCH
SYN_1492,67536.41,20942.17,67536.41,67536.41,31779.71,1,0.95,0,0,0,0,EMI_MISMATCH
SYN_1493,94014.77,17081.05,94014.77,94014.77,17081.05,1,0.95,0,0,0,0,CONSISTENT
SYN_1494,79330.92,19760.27,79330.92,79330.92,19760.27,1,0.95,0,0,0,0,CONSISTENT
SYN_1495,92828.95,26495.33,92828.95,92828.95,26495.33,1,0.95,0,0,0,0,CONSISTENT
SYN_1496,102740.43,15562.14,102740.43,102740.43,28828.57,1,0.95,0,0,0,0,EMI_MISMATCH
SYN_1497,80746.23,25406.8,80746.23,80746.23,25406.8,1,0.95,0,0,0,0,CONSISTENT
SYN_1498,62928.61,16178.11,62928.61,62928.61,16178.11,1,0.16,2,1,1,1,DATA_QUALITY_ISSUE
SYN_1499,91335.14,10749.95,91335.14,91335.14,23224.07,1,0.95,0,0,0,0,EMI_MISMATCH
SYN_1500,64518.19,17304.29,64518.19,38710.91,34608.58,1,0.95,0,0,0,0,MULTIPLE_MISMATCH
SYN_1501,73527.77,7705.12,73527.77,46292.85,7705.12,1,0.95,0,0,0,0,SALARY_MISMATCH
SYN_1502,78313.75,26507.97,78313.75,78313.75,26507.97,1,0.95,0,0,0,0,CONSISTENT
SYN_1503,84839.57,13101.96,84839.57,84839.57,13101.96,1,0.95,0,0,0,0,CONSISTENT
SYN_1504,85354.0,9561.33,85354.0,85354.0,18965.61,1,0.95,0,0,0,0,EMI_MISMATCH
SYN_1505,64900.66,18719.3,64900.66,64900.66,18719.3,1,0.95,0,0,0,0,CONSISTENT
SYN_1506,65391.17,21171.64,65391.17,65391.17,21171.64,1,0.95,0,0,0,0,CONSISTENT
SYN_1507,90380.8,20186.7,90380.8,90380.8,48682.91,1,0.95,0,0,0,0,EMI_MISMATCH
SYN_1508,68101.29,9626.46,68101.29,68101.29,9626.46,1,0.1,2,3,1,1,DATA_QUALITY_ISSUE
SYN_1509,51246.17,16850.89,51246.17,51246.17,16850.89,1,0.95,0,0,0,0,CONSISTENT
SYN_1510,81194.98,26303.43,81194.98,81194.98,26303.43,1,0.95,0,0,0,0,CONSISTENT
SYN_1511,85357.09,12136.7,85357.09,85357.09,12136.7,1,0.95,0,0,0,0,CONSISTENT
SYN_1512,78984.25,16841.09,78984.25,78984.25,16841.09,1,0.38,2,1,1,1,DATA_QUALITY_ISSUE
SYN_1513,87517.39,20014.88,87517.39,57234.46,20014.88,1,0.95,0,0,0,0,SALARY_MISMATCH
SYN_1514,47422.0,9762.79,47422.0,47422.0,9762.79,1,0.95,0,0,0,0,CONSISTENT
SYN_1515,85840.81,20279.51,85840.81,45155.26,20279.51,1,0.95,0,0,0,0,SALARY_MISMATCH
SYN_1516,82449.23,11644.59,82449.23,82449.23,11644.59,1,0.95,0,0,0,0,CONSISTENT
SYN_1517,55914.08,8642.96,55914.08,55914.08,8642.96,1,0.95,0,0,0,0,CONSISTENT
SYN_1518,65541.85,6843.72,65541.85,65541.85,6843.72,1,0.95,0,0,0,0,CONSISTENT
SYN_1519,71088.45,16181.87,71088.45,71088.45,16181.87,1,0.95,0,0,0,0,CONSISTENT
SYN_1520,56421.55,11633.89,56421.55,56421.55,11633.89,1,0.95,0,0,0,0,CONSISTENT
SYN_1521,104168.91,16309.66,104168.91,104168.91,16309.66,1,0.95,0,0,0,0,CONSISTENT
SYN_1522,69817.97,22464.68,69817.97,69817.97,22464.68,1,0.95,0,0,0,0,CONSISTENT
SYN_1523,82572.99,25125.04,82572.99,82572.99,25125.04,1,0.95,0,0,0,0,CONSISTENT
SYN_1524,69138.62,15370.19,69138.62,39085.76,15370.19,1,0.95,0,0,0,0,SALARY_MISMATCH
SYN_1525,61717.64,13103.81,61717.64,61717.64,13103.81,1,0.95,0,0,0,0,CONSISTENT
SYN_1526,77428.32,26186.92,77428.32,77428.32,26186.92,1,0.17,1,1,2,1,DATA_QUALITY_ISSUE
SYN_1527,81158.25,20962.74,81158.25,81158.25,20962.74,1,0.95,0,0,0,0,CONSISTENT
SYN_1528,71533.96,11752.18,71533.96,71533.96,11752.18,0,0.95,0,0,0,0,EMPLOYMENT_MISMATCH
SYN_1529,73809.17,18945.95,73809.17,73809.17,18945.95,0,0.95,0,0,0,0,EMPLOYMENT_MISMATCH
SYN_1530,70493.01,21553.3,70493.01,70493.01,21553.3,1,0.95,0,0,0,0,CONSISTENT
SYN_1531,58947.13,14678.48,58947.13,58947.13,14678.48,1,0.95,0,0,0,0,CONSISTENT
SYN_1532,100785.61,10504.7,100785.61,100785.61,10504.7,1,0.95,0,0,0,0,CONSISTENT
SYN_1533,86877.89,30393.15,86877.89,86877.89,30393.15,1,0.16,2,3,2,1,DATA_QUALITY_ISSUE
SYN_1534,66440.39,10577.27,66440.39,66440.39,16754.0,1,0.95,0,0,0,0,EMI_MISMATCH
SYN_1535,67392.78,19111.75,67392.78,67392.78,19111.75,0,0.95,0,0,0,0,EMPLOYMENT_MISMATCH
SYN_1536,72297.4,11083.26,72297.4,53103.79,11083.26,1,0.95,0,0,0,0,SALARY_MISMATCH
SYN_1537,68854.74,13761.18,68854.74,68854.74,13761.18,1,0.95,0,0,0,0,CONSISTENT
SYN_1538,71390.43,16322.74,71390.43,50879.19,16322.74,1,0.95,0,0,0,0,SALARY_MISMATCH
SYN_1539,93941.14,27865.42,93941.14,93941.14,27865.42,1,0.17,1,2,1,1,DATA_QUALITY_ISSUE
SYN_1540,88151.84,24430.92,88151.84,63430.7,24430.92,1,0.95,0,0,0,0,SALARY_MISMATCH
SYN_1541,95461.23,11233.32,95461.23,95461.23,11233.32,1,0.95,0,0,0,0,CONSISTENT
SYN_1542,54317.95,12694.1,54317.95,54317.95,12694.1,1,0.95,0,0,0,0,CONSISTENT
SYN_1543,95180.72,19799.19,95180.72,95180.72,19799.19,1,0.34,2,1,2,1,DATA_QUALITY_ISSUE
SYN_1544,73373.93,20452.12,73373.93,44024.36,40904.24,1,0.95,0,0,0,0,MULTIPLE_MISMATCH
SYN_1545,70475.97,18389.29,70475.97,70475.97,18389.29,1,0.95,0,0,0,0,CONSISTENT
SYN_1546,76217.14,16189.99,76217.14,76217.14,16189.99,1,0.95,0,0,0,0,CONSISTENT
SYN_1547,81276.96,26048.77,81276.96,81276.96,26048.77,1,0.95,0,0,0,0,CONSISTENT
SYN_1548,58160.53,8612.79,58160.53,58160.53,8612.79,1,0.32,1,1,1,1,DATA_QUALITY_ISSUE
SYN_1549,75837.96,16217.85,75837.96,75837.96,16217.85,0,0.95,0,0,0,0,EMPLOYMENT_MISMATCH
SYN_1550,70355.25,7166.79,70355.25,44099.09,7166.79,1,0.95,0,0,0,0,SALARY_MISMATCH
SYN_1551,100010.74,15827.17,100010.74,100010.74,15827.17,0,0.95,0,0,0,0,EMPLOYMENT_MISMATCH
SYN_1552,68827.93,17007.92,68827.93,41296.76,34015.84,1,0.95,0,0,0,0,MULTIPLE_MISMATCH
SYN_1553,84598.55,26012.78,84598.55,84598.55,26012.78,1,0.95,0,0,0,0,CONSISTENT
SYN_1554,55261.71,9094.7,55261.71,42004.62,9094.7,1,0.95,0,0,0,0,SALARY_MISMATCH
SYN_1555,64811.54,9790.7,64811.54,64811.54,20822.89,1,0.95,0,0,0,0,EMI_MISMATCH
SYN_1556,31286.16,10916.09,31286.16,31286.16,10916.09,1,0.95,0,0,0,0,CONSISTENT
SYN_1557,116533.38,38361.51,116533.38,86263.3,38361.51,1,0.95,0,0,0,0,SALARY_MISMATCH
SYN_1558,66097.91,18485.92,66097.91,44673.64,18485.92,1,0.95,0,0,0,0,SALARY_MISMATCH
SYN_1559,72583.64,11718.97,72583.64,56212.59,11718.97,1,0.95,0,0,0,0,SALARY_MISMATCH
SYN_1560,54384.43,18385.53,54384.43,54384.43,18385.53,1,0.95,0,0,0,0,CONSISTENT
SYN_1561,85551.6,11322.34,85551.6,52421.43,11322.34,1,0.95,0,0,0,0,SALARY_MISMATCH
SYN_1562,107323.93,27446.86,107323.93,107323.93,27446.86,1,0.95,0,0,0,0,CONSISTENT
SYN_1563,64629.23,9121.87,64629.23,40192.9,9121.87,1,0.95,0,0,0,0,SALARY_MISMATCH
SYN_1564,85313.47,23683.48,85313.47,85313.47,23683.48,1,0.23,2,3,1,1,DATA_QUALITY_ISSUE
SYN_1565,69254.34,17852.33,69254.34,69254.34,17852.33,1,0.95,0,0,0,0,CONSISTENT
SYN_1566,89447.74,18556.93,89447.74,89447.74,18556.93,0,0.95,0,0,0,0,EMPLOYMENT_MISMATCH
SYN_1567,72320.22,24821.1,72320.22,72320.22,24821.1,1,0.95,0,0,0,0,CONSISTENT
SYN_1568,47305.9,9611.12,47305.9,47305.9,9611.12,1,0.95,0,0,0,0,CONSISTENT
SYN_1569,68265.39,13770.81,68265.39,68265.39,13770.81,1,0.95,0,0,0,0,CONSISTENT
SYN_1570,75129.75,17529.81,75129.75,75129.75,17529.81,1,0.95,0,0,0,0,CONSISTENT
SYN_1571,81703.4,21146.17,81703.4,81703.4,21146.17,1,0.11,1,2,1,1,DATA_QUALITY_ISSUE
SYN_1572,80828.62,25852.89,80828.62,80828.62,25852.89,1,0.95,0,0,0,0,CONSISTENT
SYN_1573,55928.83,5692.04,55928.83,55928.83,5692.04,1,0.3,1,2,1,1,DATA_QUALITY_ISSUE
SYN_1574,56290.61,16747.63,56290.61,56290.61,16747.63,1,0.95,0,0,0,0,CONSISTENT
SYN_1575,76894.71,13628.01,76894.71,76894.71,25467.01,1,0.95,0,0,0,0,EMI_MISMATCH
SYN_1576,67963.04,20574.71,67963.04,67963.04,20574.71,0,0.95,0,0,0,0,EMPLOYMENT_MISMATCH
SYN_1577,73154.23,21431.19,73154.23,47196.42,21431.19,1,0.95,0,0,0,0,SALARY_MISMATCH
SYN_1578,83823.68,27405.34,83823.68,50294.21,54810.68,1,0.95,0,0,0,0,MULTIPLE_MISMATCH
SYN_1579,65874.74,19846.73,65874.74,65874.74,19846.73,1,0.95,0,0,0,0,CONSISTENT
SYN_1580,83887.95,14452.85,83887.95,50332.77,28905.7,1,0.95,0,0,0,0,MULTIPLE_MISMATCH
SYN_1581,110825.58,28957.34,110825.58,110825.58,28957.34,1,0.11,2,3,1,1,DATA_QUALITY_ISSUE
SYN_1582,92763.85,9601.4,92763.85,92763.85,9601.4,1,0.95,0,0,0,0,CONSISTENT
SYN_1583,77980.14,23835.75,77980.14,77980.14,36070.19,1,0.95,0,0,0,0,EMI_MISMATCH
SYN_1584,82762.8,17784.96,82762.8,53770.2,17784.96,1,0.95,0,0,0,0,SALARY_MISMATCH
SYN_1585,75523.0,21998.88,75523.0,75523.0,21998.88,1,0.95,0,0,0,0,CONSISTENT
SYN_1586,104952.75,14414.78,104952.75,72887.28,14414.78,1,0.95,0,0,0,0,SALARY_MISMATCH
SYN_1587,79364.21,11055.51,79364.21,79364.21,11055.51,1,0.95,0,0,0,0,CONSISTENT
SYN_1588,89367.59,20518.03,89367.59,89367.59,20518.03,1,0.12,2,3,1,1,DATA_QUALITY_ISSUE
SYN_1589,79342.8,26469.16,79342.8,79342.8,26469.16,1,0.95,0,0,0,0,CONSISTENT
SYN_1590,61487.18,17447.39,61487.18,61487.18,17447.39,1,0.95,0,0,0,0,CONSISTENT
SYN_1591,105879.03,32161.16,105879.03,63527.42,64322.32,1,0.95,0,0,0,0,MULTIPLE_MISMATCH
SYN_1592,78809.52,13730.5,78809.52,78809.52,13730.5,1,0.95,0,0,0,0,CONSISTENT
SYN_1593,73084.83,15484.9,73084.83,73084.83,15484.9,1,0.95,0,0,0,0,CONSISTENT
SYN_1594,76203.76,7923.67,76203.76,76203.76,7923.67,1,0.95,0,0,0,0,CONSISTENT
SYN_1595,66136.69,11146.74,66136.69,66136.69,20287.7,1,0.95,0,0,0,0,EMI_MISMATCH
SYN_1596,79323.44,23841.64,79323.44,79323.44,23841.64,0,0.95,0,0,0,0,EMPLOYMENT_MISMATCH
SYN_1597,66794.64,11507.66,66794.64,66794.64,11507.66,1,0.95,0,0,0,0,CONSISTENT
SYN_1598,73520.74,9502.24,73520.74,46757.74,9502.24,1,0.95,0,0,0,0,SALARY_MISMATCH
SYN_1599,63459.58,9386.8,63459.58,38075.75,18773.6,1,0.95,0,0,0,0,MULTIPLE_MISMATCH
SYN_1600,77228.79,14702.18,77228.79,46925.61,14702.18,1,0.95,0,0,0,0,SALARY_MISMATCH
SYN_1601,95043.98,17606.1,95043.98,70488.41,17606.1,1,0.95,0,0,0,0,SALARY_MISMATCH
SYN_1602,80698.38,9188.18,80698.38,80698.38,9188.18,1,0.95,0,0,0,0,CONSISTENT
SYN_1603,85197.31,23984.35,85197.31,85197.31,57988.71,1,0.95,0,0,0,0,EMI_MISMATCH
SYN_1604,77062.79,19353.82,77062.79,77062.79,19353.82,1,0.26,1,2,2,1,DATA_QUALITY_ISSUE
SYN_1605,78294.68,11167.52,78294.68,78294.68,11167.52,0,0.95,0,0,0,0,EMPLOYMENT_MISMATCH
SYN_1606,70340.9,10735.07,70340.9,49722.22,10735.07,1,0.95,0,0,0,0,SALARY_MISMATCH
SYN_1607,68060.63,11884.97,68060.63,40836.38,23769.94,1,0.95,0,0,0,0,MULTIPLE_MISMATCH
SYN_1608,71519.63,13030.16,71519.63,71519.63,23169.09,1,0.95,0,0,0,0,EMI_MISMATCH
SYN_1609,48124.06,13607.2,48124.06,48124.06,13607.2,1,0.95,0,0,0,0,CONSISTENT
SYN_1610,74702.08,19871.37,74702.08,74702.08,19871.37,1,0.95,0,0,0,0,CONSISTENT
SYN_1611,47411.84,13308.13,47411.84,47411.84,13308.13,1,0.95,0,0,0,0,CONSISTENT
SYN_1612,73617.34,24239.92,73617.34,73617.34,24239.92,1,0.28,1,2,1,1,DATA_QUALITY_ISSUE
SYN_1613,69876.35,19612.26,69876.35,69876.35,19612.26,1,0.95,0,0,0,0,CONSISTENT
SYN_1614,88007.9,28732.64,88007.9,88007.9,28732.64,1,0.95,0,0,0,0,CONSISTENT
SYN_1615,74567.96,8984.29,74567.96,74567.96,8984.29,1,0.95,0,0,0,0,CONSISTENT
SYN_1616,55072.46,18501.13,55072.46,55072.46,18501.13,1,0.95,0,0,0,0,CONSISTENT
SYN_1617,85203.23,20125.53,85203.23,85203.23,20125.53,1,0.18,2,1,2,1,DATA_QUALITY_ISSUE
SYN_1618,72017.25,7886.77,72017.25,51750.96,7886.77,1,0.95,0,0,0,0,SALARY_MISMATCH
SYN_1619,71735.73,14049.23,71735.73,53884.19,14049.23,1,0.95,0,0,0,0,SALARY_MISMATCH
SYN_1620,72505.97,18178.09,72505.97,43503.58,36356.18,1,0.95,0,0,0,0,MULTIPLE_MISMATCH
SYN_1621,78254.59,20873.74,78254.59,78254.59,20873.74,0,0.95,0,0,0,0,EMPLOYMENT_MISMATCH
SYN_1622,60787.28,19454.28,60787.28,60787.28,19454.28,1,0.95,0,0,0,0,CONSISTENT
SYN_1623,89670.01,23277.22,89670.01,89670.01,23277.22,1,0.95,0,0,0,0,CONSISTENT
SYN_1624,52302.92,6694.93,52302.92,52302.92,15729.5,1,0.95,0,0,0,0,EMI_MISMATCH
SYN_1625,80742.02,23019.11,80742.02,43229.42,23019.11,1,0.95,0,0,0,0,SALARY_MISMATCH
SYN_1626,74657.72,9243.54,74657.72,74657.72,9243.54,0,0.95,0,0,0,0,EMPLOYMENT_MISMATCH
SYN_1627,82785.93,11867.28,82785.93,82785.93,11867.28,1,0.95,0,0,0,0,CONSISTENT
SYN_1628,60337.88,13656.78,60337.88,60337.88,13656.78,0,0.95,0,0,0,0,EMPLOYMENT_MISMATCH
SYN_1629,84747.35,29568.75,84747.35,84747.35,64035.58,1,0.95,0,0,0,0,EMI_MISMATCH
SYN_1630,63209.02,20909.13,63209.02,31905.1,20909.13,1,0.95,0,0,0,0,SALARY_MISMATCH
SYN_1631,53822.22,13005.04,53822.22,53822.22,13005.04,0,0.95,0,0,0,0,EMPLOYMENT_MISMATCH
SYN_1632,71418.56,12545.08,71418.56,71418.56,24588.13,1,0.95,0,0,0,0,EMI_MISMATCH
SYN_1633,59263.1,19046.56,59263.1,59263.1,19046.56,1,0.95,0,0,0,0,CONSISTENT
SYN_1634,68962.94,22109.68,68962.94,68962.94,22109.68,1,0.95,0,0,0,0,CONSISTENT
SYN_1635,93264.5,21165.26,93264.5,93264.5,42311.65,1,0.95,0,0,0,0,EMI_MISMATCH
SYN_1636,61215.7,12082.69,61215.7,61215.7,12082.69,1,0.95,0,0,0,0,CONSISTENT
SYN_1637,71668.35,8824.46,71668.35,71668.35,8824.46,1,0.95,0,0,0,0,CONSISTENT
SYN_1638,69380.19,10389.88,69380.19,69380.19,10389.88,1,0.95,0,0,0,0,CONSISTENT
SYN_1639,75803.11,12558.11,75803.11,75803.11,12558.11,1,0.33,2,3,2,1,DATA_QUALITY_ISSUE
SYN_1640,89574.14,26624.68,89574.14,89574.14,26624.68,1,0.95,0,0,0,0,CONSISTENT
SYN_1641,80016.9,12873.29,80016.9,80016.9,31303.45,1,0.95,0,0,0,0,EMI_MISMATCH
SYN_1642,85130.86,14215.64,85130.86,85130.86,14215.64,1,0.95,0,0,0,0,CONSISTENT
SYN_1643,70592.2,20834.81,70592.2,42954.1,20834.81,1,0.95,0,0,0,0,SALARY_MISMATCH
SYN_1644,75597.86,22856.44,75597.86,46400.83,22856.44,1,0.95,0,0,0,0,SALARY_MISMATCH
SYN_1645,71998.79,16256.95,71998.79,71998.79,16256.95,1,0.95,0,0,0,0,CONSISTENT
SYN_1646,66112.47,6676.7,66112.47,42996.17,6676.7,1,0.95,0,0,0,0,SALARY_MISMATCH
SYN_1647,59799.48,11820.77,59799.48,59799.48,11820.77,1,0.95,0,0,0,0,CONSISTENT
SYN_1648,47466.8,7304.11,47466.8,47466.8,12570.9,1,0.95,0,0,0,0,EMI_MISMATCH
SYN_1649,35045.19,4986.96,35045.19,35045.19,4986.96,0,0.95,0,0,0,0,EMPLOYMENT_MISMATCH
SYN_1650,75136.81,7711.89,75136.81,75136.81,7711.89,1,0.95,0,0,0,0,CONSISTENT
SYN_1651,89339.06,15347.66,89339.06,89339.06,15347.66,1,0.95,0,0,0,0,CONSISTENT
SYN_1652,77079.79,9935.69,77079.79,77079.79,9935.69,1,0.95,0,0,0,0,CONSISTENT
SYN_1653,73914.04,16994.41,73914.04,73914.04,16994.41,1,0.95,0,0,0,0,CONSISTENT
SYN_1654,90392.13,19480.39,90392.13,90392.13,19480.39,1,0.95,0,0,0,0,CONSISTENT
SYN_1655,85823.71,28769.82,85823.71,85823.71,28769.82,1,0.3,1,2,1,1,DATA_QUALITY_ISSUE
SYN_1656,70690.91,17511.31,70690.91,49188.04,17511.31,1,0.95,0,0,0,0,SALARY_MISMATCH
SYN_1657,90356.64,13439.26,90356.64,90356.64,13439.26,1,0.95,0,0,0,0,CONSISTENT
SYN_1658,68948.43,16593.4,68948.43,41369.06,33186.8,1,0.95,0,0,0,0,MULTIPLE_MISMATCH
SYN_1659,61242.67,14833.17,61242.67,61242.67,14833.17,0,0.95,0,0,0,0,EMPLOYMENT_MISMATCH
SYN_1660,85047.12,17692.27,85047.12,51028.27,35384.54,1,0.95,0,0,0,0,MULTIPLE_MISMATCH
SYN_1661,57985.79,11444.0,57985.79,57985.79,11444.0,1,0.39,1,2,2,1,DATA_QUALITY_ISSUE
SYN_1662,72723.99,12613.88,72723.99,72723.99,27398.01,1,0.95,0,0,0,0,EMI_MISMATCH
SYN_1663,73737.66,20336.84,73737.66,73737.66,20336.84,0,0.95,0,0,0,0,EMPLOYMENT_MISMATCH
SYN_1664,74664.26,19248.22,74664.26,74664.26,19248.22,1,0.95,0,0,0,0,CONSISTENT
SYN_1665,77544.48,8016.43,77544.48,77544.48,8016.43,1,0.95,0,0,0,0,CONSISTENT
SYN_1666,117659.21,29446.9,117659.21,117659.21,29446.9,1,0.95,0,0,0,0,CONSISTENT
SYN_1667,74375.86,20981.85,74375.86,44625.52,41963.7,1,0.95,0,0,0,0,MULTIPLE_MISMATCH
SYN_1668,90019.6,16702.83,90019.6,90019.6,16702.83,1,0.95,0,0,0,0,CONSISTENT
SYN_1669,47427.31,5743.1,47427.31,47427.31,5743.1,1,0.95,0,0,0,0,CONSISTENT
SYN_1670,84211.14,23321.29,84211.14,84211.14,43377.42,1,0.95,0,0,0,0,EMI_MISMATCH
SYN_1671,51069.23,13644.05,51069.23,51069.23,13644.05,1,0.95,0,0,0,0,CONSISTENT
SYN_1672,44413.57,12020.52,44413.57,44413.57,12020.52,1,0.95,0,0,0,0,CONSISTENT
SYN_1673,53135.63,10912.88,53135.63,31881.38,21825.76,1,0.95,0,0,0,0,MULTIPLE_MISMATCH
SYN_1674,64325.11,8454.02,64325.11,64325.11,8454.02,1,0.95,0,0,0,0,CONSISTENT
SYN_1675,80238.25,21359.78,80238.25,42651.91,21359.78,1,0.95,0,0,0,0,SALARY_MISMATCH
SYN_1676,78434.2,20303.24,78434.2,78434.2,46814.48,1,0.95,0,0,0,0,EMI_MISMATCH
SYN_1677,71397.92,19596.31,71397.92,42838.75,39192.62,1,0.95,0,0,0,0,MULTIPLE_MISMATCH
SYN_1678,90445.69,31640.98,90445.69,90445.69,31640.98,1,0.95,0,0,0,0,CONSISTENT
SYN_1679,70685.93,14976.59,70685.93,70685.93,14976.59,1,0.95,0,0,0,0,CONSISTENT
SYN_1680,97364.05,32121.25,97364.05,97364.05,32121.25,1,0.19,1,1,2,1,DATA_QUALITY_ISSUE
SYN_1681,107594.25,17670.05,107594.25,107594.25,17670.05,1,0.34,1,3,2,1,DATA_QUALITY_ISSUE
SYN_1682,85475.83,26288.15,85475.83,59765.01,26288.15,1,0.95,0,0,0,0,SALARY_MISMATCH
SYN_1683,85965.01,29397.12,85965.01,85965.01,29397.12,1,0.95,0,0,0,0,CONSISTENT
SYN_1684,83076.52,20780.24,83076.52,49845.91,41560.48,1,0.95,0,0,0,0,MULTIPLE_MISMATCH
SYN_1685,107776.42,25792.29,107776.42,77899.8,25792.29,1,0.95,0,0,0,0,SALARY_MISMATCH
SYN_1686,64699.27,15607.93,64699.27,64699.27,15607.93,1,0.95,0,0,0,0,CONSISTENT
SYN_1687,97620.18,26684.5,97620.18,97620.18,26684.5,1,0.95,0,0,0,0,CONSISTENT
SYN_1688,67193.42,11387.46,67193.42,67193.42,11387.46,1,0.25,2,3,2,1,DATA_QUALITY_ISSUE
SYN_1689,85935.95,12965.83,85935.95,51561.57,25931.66,1,0.95,0,0,0,0,MULTIPLE_MISMATCH
SYN_1690,80267.48,9225.99,80267.48,48160.49,18451.98,1,0.95,0,0,0,0,MULTIPLE_MISMATCH
SYN_1691,56751.29,12940.55,56751.29,34050.77,25881.1,1,0.95,0,0,0,0,MULTIPLE_MISMATCH
SYN_1692,58177.05,6512.65,58177.05,58177.05,6512.65,1,0.21,2,3,1,1,DATA_QUALITY_ISSUE
SYN_1693,85486.49,25110.13,85486.49,85486.49,25110.13,1,0.95,0,0,0,0,CONSISTENT
SYN_1694,69864.58,20912.86,69864.58,69864.58,20912.86,0,0.95,0,0,0,0,EMPLOYMENT_MISMATCH
SYN_1695,89001.28,11189.8,89001.28,89001.28,11189.8,1,0.95,0,0,0,0,CONSISTENT
SYN_1696,48585.95,9562.27,48585.95,48585.95,9562.27,0,0.95,0,0,0,0,EMPLOYMENT_MISMATCH
SYN_1697,54907.75,15576.8,54907.75,54907.75,15576.8,0,0.95,0,0,0,0,EMPLOYMENT_MISMATCH
SYN_1698,74552.75,16603.09,74552.75,74552.75,16603.09,1,0.95,0,0,0,0,CONSISTENT
SYN_1699,98187.16,19113.95,98187.16,98187.16,19113.95,1,0.95,0,0,0,0,CONSISTENT
SYN_1700,91477.93,29139.58,91477.93,91477.93,29139.58,1,0.31,2,3,2,1,DATA_QUALITY_ISSUE
SYN_1701,89344.43,30573.99,89344.43,89344.43,30573.99,1,0.95,0,0,0,0,CONSISTENT
SYN_1702,109870.1,12733.98,109870.1,73119.25,12733.98,1,0.95,0,0,0,0,SALARY_MISMATCH
SYN_1703,84404.32,12475.85,84404.32,50642.59,24951.7,1,0.95,0,0,0,0,MULTIPLE_MISMATCH
SYN_1704,70844.2,14270.05,70844.2,70844.2,21991.32,1,0.95,0,0,0,0,EMI_MISMATCH
SYN_1705,88337.31,29787.13,88337.31,88337.31,29787.13,1,0.95,0,0,0,0,CONSISTENT
SYN_1706,58173.73,17618.87,58173.73,58173.73,17618.87,1,0.95,0,0,0,0,CONSISTENT
SYN_1707,63497.04,21176.79,63497.04,63497.04,21176.79,1,0.95,0,0,0,0,CONSISTENT
SYN_1708,76021.08,20106.62,76021.08,76021.08,20106.62,0,0.95,0,0,0,0,EMPLOYMENT_MISMATCH
SYN_1709,78724.88,21924.05,78724.88,47234.93,43848.1,1,0.95,0,0,0,0,MULTIPLE_MISMATCH
SYN_1710,76171.77,17464.89,76171.77,76171.77,17464.89,1,0.14,2,1,2,1,DATA_QUALITY_ISSUE
SYN_1711,110086.93,11285.2,110086.93,110086.93,19126.61,1,0.95,0,0,0,0,EMI_MISMATCH
SYN_1712,69988.68,23629.99,69988.68,43048.83,23629.99,1,0.95,0,0,0,0,SALARY_MISMATCH
SYN_1713,86235.21,15068.01,86235.21,53745.66,15068.01,1,0.95,0,0,0,0,SALARY_MISMATCH
SYN_1714,98240.11,33549.52,98240.11,98240.11,33549.52,1,0.95,0,0,0,0,CONSISTENT
SYN_1715,71135.69,11057.68,71135.69,71135.69,11057.68,1,0.95,0,0,0,0,CONSISTENT
SYN_1716,73955.5,11115.05,73955.5,73955.5,11115.05,0,0.95,0,0,0,0,EMPLOYMENT_MISMATCH
SYN_1717,70894.06,8591.76,70894.06,70894.06,8591.76,1,0.95,0,0,0,0,CONSISTENT
SYN_1718,74785.94,21902.43,74785.94,44871.56,43804.86,1,0.95,0,0,0,0,MULTIPLE_MISMATCH
SYN_1719,81540.09,9220.82,81540.09,81540.09,9220.82,1,0.33,2,2,1,1,DATA_QUALITY_ISSUE
SYN_1720,87657.59,27495.45,87657.59,87657.59,27495.45,1,0.95,0,0,0,0,CONSISTENT
SYN_1721,63118.1,14786.73,63118.1,63118.1,33081.16,1,0.95,0,0,0,0,EMI_MISMATCH
SYN_1722,85109.47,18547.46,85109.47,85109.47,45622.74,1,0.95,0,0,0,0,EMI_MISMATCH
SYN_1723,78785.61,22364.55,78785.61,78785.61,35336.4,1,0.95,0,0,0,0,EMI_MISMATCH
SYN_1724,81717.95,25707.84,81717.95,81717.95,25707.84,1,0.95,0,0,0,0,CONSISTENT
SYN_1725,69908.41,10843.46,69908.41,69908.41,10843.46,1,0.95,0,0,0,0,CONSISTENT
SYN_1726,63742.06,20205.7,63742.06,63742.06,20205.7,1,0.25,1,3,2,1,DATA_QUALITY_ISSUE
SYN_1727,82771.53,28293.96,82771.53,82771.53,50040.67,1,0.95,0,0,0,0,EMI_MISMATCH
SYN_1728,67061.98,8149.98,67061.98,44780.03,8149.98,1,0.95,0,0,0,0,SALARY_MISMATCH
SYN_1729,72237.81,13257.53,72237.81,47427.68,13257.53,1,0.95,0,0,0,0,SALARY_MISMATCH
SYN_1730,58047.32,5928.02,58047.32,58047.32,13403.29,1,0.95,0,0,0,0,EMI_MISMATCH
SYN_1731,67446.46,19474.03,67446.46,67446.46,19474.03,0,0.95,0,0,0,0,EMPLOYMENT_MISMATCH
SYN_1732,72740.79,11641.28,72740.79,72740.79,11641.28,1,0.2,1,2,1,1,DATA_QUALITY_ISSUE
SYN_1733,82363.37,10639.06,82363.37,82363.37,22937.83,1,0.95,0,0,0,0,EMI_MISMATCH
SYN_1734,67837.14,19461.0,67837.14,67837.14,19461.0,1,0.95,0,0,0,0,CONSISTENT
SYN_1735,56138.74,14551.46,56138.74,44486.08,14551.46,1,0.95,0,0,0,0,SALARY_MISMATCH
SYN_1736,72281.48,8312.52,72281.48,43368.89,16625.04,1,0.95,0,0,0,0,MULTIPLE_MISMATCH
SYN_1737,75086.12,19937.46,75086.12,75086.12,19937.46,1,0.95,0,0,0,0,CONSISTENT
SYN_1738,87041.71,27718.32,87041.71,87041.71,27718.32,1,0.25,2,2,1,1,DATA_QUALITY_ISSUE
SYN_1739,71579.58,12556.17,71579.58,44036.17,12556.17,1,0.95,0,0,0,0,SALARY_MISMATCH
SYN_1740,96582.4,27743.27,96582.4,57949.44,55486.54,1,0.95,0,0,0,0,MULTIPLE_MISMATCH
SYN_1741,70038.38,23125.91,70038.38,70038.38,23125.91,1,0.95,0,0,0,0,CONSISTENT
SYN_1742,67347.59,15716.91,67347.59,67347.59,32948.83,1,0.95,0,0,0,0,EMI_MISMATCH
SYN_1743,76578.9,9893.0,76578.9,76578.9,9893.0,1,0.95,0,0,0,0,CONSISTENT
SYN_1744,95823.01,22443.17,95823.01,95823.01,22443.17,1,0.95,0,0,0,0,CONSISTENT
SYN_1745,86400.34,25144.56,86400.34,86400.34,25144.56,1,0.17,2,1,2,1,DATA_QUALITY_ISSUE
SYN_1746,69087.66,18356.34,69087.66,46775.89,18356.34,1,0.95,0,0,0,0,SALARY_MISMATCH
SYN_1747,65502.76,15139.33,65502.76,45561.13,15139.33,1,0.95,0,0,0,0,SALARY_MISMATCH
SYN_1748,60378.95,17618.14,60378.95,60378.95,17618.14,0,0.95,0,0,0,0,EMPLOYMENT_MISMATCH
SYN_1749,69492.62,12954.41,69492.62,69492.62,12954.41,1,0.32,1,3,2,1,DATA_QUALITY_ISSUE
SYN_1750,72249.98,19250.38,72249.98,72249.98,19250.38,1,0.95,0,0,0,0,CONSISTENT
SYN_1751,54032.92,17653.45,54032.92,36537.65,17653.45,1,0.95,0,0,0,0,SALARY_MISMATCH
SYN_1752,93038.65,19766.15,93038.65,93038.65,19766.15,1,0.95,0,0,0,0,CONSISTENT
SYN_1753,74598.73,24146.63,74598.73,74598.73,24146.63,0,0.95,0,0,0,0,EMPLOYMENT_MISMATCH
SYN_1754,96844.93,19625.59,96844.93,96844.93,19625.59,1,0.95,0,0,0,0,CONSISTENT
SYN_1755,79647.56,25068.68,79647.56,47788.54,50137.36,1,0.95,0,0,0,0,MULTIPLE_MISMATCH
SYN_1756,84916.54,26854.75,84916.54,84916.54,26854.75,1,0.95,0,0,0,0,CONSISTENT
SYN_1757,66795.21,13659.09,66795.21,66795.21,13659.09,1,0.95,0,0,0,0,CONSISTENT
SYN_1758,64873.69,11686.47,64873.69,64873.69,11686.47,1,0.95,0,0,0,0,CONSISTENT
SYN_1759,84179.89,17716.79,84179.89,84179.89,17716.79,1,0.95,0,0,0,0,CONSISTENT
SYN_1760,49114.89,14076.97,49114.89,49114.89,14076.97,1,0.95,0,0,0,0,CONSISTENT
SYN_1761,63524.07,18174.91,63524.07,38114.44,36349.82,1,0.95,0,0,0,0,MULTIPLE_MISMATCH
SYN_1762,92541.12,12269.06,92541.12,92541.12,12269.06,1,0.95,0,0,0,0,CONSISTENT
SYN_1763,65924.0,7634.88,65924.0,65924.0,7634.88,1,0.95,0,0,0,0,CONSISTENT
SYN_1764,86010.01,27066.17,86010.01,86010.01,27066.17,1,0.95,0,0,0,0,CONSISTENT
SYN_1765,80414.79,18647.78,80414.79,80414.79,40194.1,1,0.95,0,0,0,0,EMI_MISMATCH
SYN_1766,50832.46,16068.18,50832.46,50832.46,16068.18,1,0.95,0,0,0,0,CONSISTENT
SYN_1767,52942.66,12487.64,52942.66,52942.66,12487.64,1,0.95,0,0,0,0,CONSISTENT
SYN_1768,56058.45,16679.23,56058.45,56058.45,16679.23,1,0.95,0,0,0,0,CONSISTENT
SYN_1769,90403.42,21739.24,90403.42,90403.42,21739.24,1,0.95,0,0,0,0,CONSISTENT
SYN_1770,83993.66,22297.38,83993.66,83993.66,22297.38,0,0.95,0,0,0,0,EMPLOYMENT_MISMATCH
SYN_1771,65922.66,16006.23,65922.66,65922.66,16006.23,1,0.95,0,0,0,0,CONSISTENT
SYN_1772,88656.28,17264.83,88656.28,88656.28,17264.83,0,0.95,0,0,0,0,EMPLOYMENT_MISMATCH
SYN_1773,94841.17,31532.83,94841.17,94841.17,31532.83,1,0.95,0,0,0,0,CONSISTENT
SYN_1774,72463.16,19229.3,72463.16,55867.8,19229.3,1,0.95,0,0,0,0,SALARY_MISMATCH
SYN_1775,86467.17,26453.43,86467.17,86467.17,26453.43,1,0.95,0,0,0,0,CONSISTENT
SYN_1776,60292.96,12286.31,60292.96,36175.78,24572.62,1,0.95,0,0,0,0,MULTIPLE_MISMATCH
SYN_1777,52492.98,9070.74,52492.98,52492.98,9070.74,1,0.95,0,0,0,0,CONSISTENT
SYN_1778,69799.36,8297.87,69799.36,69799.36,8297.87,0,0.95,0,0,0,0,EMPLOYMENT_MISMATCH
SYN_1779,103609.47,12683.15,103609.47,62165.68,25366.3,1,0.95,0,0,0,0,MULTIPLE_MISMATCH
SYN_1780,53458.63,6544.69,53458.63,53458.63,6544.69,1,0.95,0,0,0,0,CONSISTENT
SYN_1781,72297.29,11271.19,72297.29,72297.29,11271.19,1,0.38,2,1,2,1,DATA_QUALITY_ISSUE
SYN_1782,95572.12,13807.3,95572.12,95572.12,13807.3,0,0.95,0,0,0,0,EMPLOYMENT_MISMATCH
SYN_1783,58161.21,16928.57,58161.21,34896.73,33857.14,1,0.95,0,0,0,0,MULTIPLE_MISMATCH
SYN_1784,72261.12,18775.16,72261.12,72261.12,18775.16,0,0.95,0,0,0,0,EMPLOYMENT_MISMATCH
SYN_1785,83279.3,17361.4,83279.3,49967.58,34722.8,1,0.95,0,0,0,0,MULTIPLE_MISMATCH
SYN_1786,80141.95,28044.7,80141.95,80141.95,28044.7,0,0.95,0,0,0,0,EMPLOYMENT_MISMATCH
SYN_1787,75722.87,18691.2,75722.87,75722.87,18691.2,0,0.95,0,0,0,0,EMPLOYMENT_MISMATCH
SYN_1788,59775.47,20366.87,59775.47,59775.47,20366.87,1,0.95,0,0,0,0,CONSISTENT
SYN_1789,64137.21,16005.24,64137.21,64137.21,16005.24,1,0.95,0,0,0,0,CONSISTENT
SYN_1790,74134.72,8608.91,74134.72,74134.72,21285.72,1,0.95,0,0,0,0,EMI_MISMATCH
SYN_1791,88762.35,22428.73,88762.35,51419.14,22428.73,1,0.95,0,0,0,0,SALARY_MISMATCH
SYN_1792,115910.4,26408.42,115910.4,115910.4,26408.42,1,0.95,0,0,0,0,CONSISTENT
SYN_1793,76891.97,23197.89,76891.97,46135.18,46395.78,1,0.95,0,0,0,0,MULTIPLE_MISMATCH
SYN_1794,66763.93,6927.13,66763.93,66763.93,6927.13,1,0.95,0,0,0,0,CONSISTENT
SYN_1795,59171.65,12220.76,59171.65,59171.65,12220.76,1,0.95,0,0,0,0,CONSISTENT
SYN_1796,78857.08,19692.25,78857.08,78857.08,34942.16,1,0.95,0,0,0,0,EMI_MISMATCH
SYN_1797,77910.83,15782.65,77910.83,46737.69,15782.65,1,0.95,0,0,0,0,SALARY_MISMATCH
SYN_1798,91386.33,11572.96,91386.33,91386.33,11572.96,1,0.95,0,0,0,0,CONSISTENT
SYN_1799,61858.05,21622.4,61858.05,61858.05,36497.01,1,0.95,0,0,0,0,EMI_MISMATCH
SYN_1800,62133.0,7746.2,62133.0,62133.0,7746.2,1,0.95,0,0,0,0,CONSISTENT
SYN_1801,53344.7,12474.84,53344.7,53344.7,28547.42,1,0.95,0,0,0,0,EMI_MISMATCH
SYN_1802,95545.28,32435.52,95545.28,57327.17,64871.04,1,0.95,0,0,0,0,MULTIPLE_MISMATCH
SYN_1803,55828.0,6975.2,55828.0,33496.8,13950.4,1,0.95,0,0,0,0,MULTIPLE_MISMATCH
SYN_1804,78880.65,21032.06,78880.65,78880.65,21032.06,1,0.95,0,0,0,0,CONSISTENT
SYN_1805,64797.46,15154.03,64797.46,38878.48,30308.06,1,0.95,0,0,0,0,MULTIPLE_MISMATCH
SYN_1806,75198.97,18754.87,75198.97,75198.97,18754.87,1,0.34,2,2,2,1,DATA_QUALITY_ISSUE
SYN_1807,67134.6,10297.4,67134.6,67134.6,10297.4,1,0.3,1,2,1,1,DATA_QUALITY_ISSUE
SYN_1808,83082.25,15021.15,83082.25,83082.25,15021.15,1,0.95,0,0,0,0,CONSISTENT
SYN_1809,55772.23,7056.47,55772.23,55772.23,7056.47,1,0.3,1,1,2,1,DATA_QUALITY_ISSUE
SYN_1810,51046.38,6650.77,51046.38,51046.38,6650.77,1,0.95,0,0,0,0,CONSISTENT
SYN_1811,55039.42,13746.25,55039.42,55039.42,13746.25,1,0.95,0,0,0,0,CONSISTENT
SYN_1812,42330.48,6632.75,42330.48,42330.48,6632.75,1,0.95,0,0,0,0,CONSISTENT
SYN_1813,76542.88,8025.54,76542.88,76542.88,8025.54,1,0.2,1,2,1,1,DATA_QUALITY_ISSUE
SYN_1814,77240.13,19964.44,77240.13,77240.13,19964.44,1,0.12,2,1,1,1,DATA_QUALITY_ISSUE
SYN_1815,64438.69,17964.49,64438.69,38663.21,35928.98,1,0.95,0,0,0,0,MULTIPLE_MISMATCH
SYN_1816,65613.14,11587.26,65613.14,65613.14,11587.26,1,0.95,0,0,0,0,CONSISTENT
SYN_1817,67601.21,19145.31,67601.21,67601.21,19145.31,1,0.95,0,0,0,0,CONSISTENT
SYN_1818,50910.64,9273.43,50910.64,50910.64,9273.43,1,0.95,0,0,0,0,CONSISTENT
SYN_1819,55011.81,12180.04,55011.81,55011.81,12180.04,1,0.95,0,0,0,0,CONSISTENT
SYN_1820,73640.83,7912.53,73640.83,73640.83,7912.53,0,0.95,0,0,0,0,EMPLOYMENT_MISMATCH
SYN_1821,76001.43,23835.1,76001.43,76001.43,23835.1,1,0.95,0,0,0,0,CONSISTENT
SYN_1822,63068.29,21075.24,63068.29,63068.29,21075.24,1,0.95,0,0,0,0,CONSISTENT
SYN_1823,74075.73,19618.17,74075.73,74075.73,19618.17,1,0.95,0,0,0,0,CONSISTENT
SYN_1824,93435.75,20486.91,93435.75,70120.71,20486.91,1,0.95,0,0,0,0,SALARY_MISMATCH
SYN_1825,59961.25,7726.05,59961.25,59961.25,7726.05,0,0.95,0,0,0,0,EMPLOYMENT_MISMATCH
SYN_1826,74357.28,17276.74,74357.28,44614.37,34553.48,1,0.95,0,0,0,0,MULTIPLE_MISMATCH
SYN_1827,87537.44,22516.23,87537.44,63802.05,22516.23,1,0.95,0,0,0,0,SALARY_MISMATCH
SYN_1828,81308.76,15372.67,81308.76,81308.76,15372.67,0,0.95,0,0,0,0,EMPLOYMENT_MISMATCH
SYN_1829,67570.99,22016.93,67570.99,67570.99,22016.93,1,0.95,0,0,0,0,CONSISTENT
SYN_1830,93216.31,10678.34,93216.31,93216.31,10678.34,1,0.95,0,0,0,0,CONSISTENT
SYN_1831,56469.38,16306.39,56469.38,56469.38,16306.39,1,0.3,2,2,1,1,DATA_QUALITY_ISSUE
SYN_1832,97848.4,30969.59,97848.4,58709.04,61939.18,1,0.95,0,0,0,0,MULTIPLE_MISMATCH
SYN_1833,105213.46,20575.47,105213.46,105213.46,20575.47,1,0.95,0,0,0,0,CONSISTENT
SYN_1834,84562.16,23719.33,84562.16,84562.16,23719.33,1,0.95,0,0,0,0,CONSISTENT
SYN_1835,77438.7,10820.6,77438.7,46463.22,21641.2,1,0.95,0,0,0,0,MULTIPLE_MISMATCH
SYN_1836,107418.36,22710.71,107418.36,107418.36,22710.71,1,0.95,0,0,0,0,CONSISTENT
SYN_1837,45553.35,13178.46,45553.35,45553.35,13178.46,1,0.95,0,0,0,0,CONSISTENT
SYN_1838,92409.9,22940.36,92409.9,92409.9,22940.36,1,0.95,0,0,0,0,CONSISTENT
SYN_1839,84739.13,11588.39,84739.13,60441.74,11588.39,1,0.95,0,0,0,0,SALARY_MISMATCH
SYN_1840,69658.7,20733.35,69658.7,69658.7,20733.35,1,0.17,1,3,1,1,DATA_QUALITY_ISSUE
SYN_1841,84295.33,22702.85,84295.33,50577.2,45405.7,1,0.95,0,0,0,0,MULTIPLE_MISMATCH
SYN_1842,43037.43,14589.47,43037.43,43037.43,14589.47,0,0.95,0,0,0,0,EMPLOYMENT_MISMATCH
SYN_1843,82931.62,21605.97,82931.62,48883.64,21605.97,1,0.95,0,0,0,0,SALARY_MISMATCH
SYN_1844,73246.9,22753.32,73246.9,73246.9,22753.32,1,0.95,0,0,0,0,CONSISTENT
SYN_1845,69318.6,10379.24,69318.6,69318.6,10379.24,1,0.95,0,0,0,0,CONSISTENT
SYN_1846,106239.9,12235.73,106239.9,106239.9,23411.14,1,0.95,0,0,0,0,EMI_MISMATCH
SYN_1847,98719.08,30304.91,98719.08,72200.46,30304.91,1,0.95,0,0,0,0,SALARY_MISMATCH
SYN_1848,68899.97,10233.86,68899.97,68899.97,10233.86,1,0.95,0,0,0,0,CONSISTENT
SYN_1849,67745.74,14047.89,67745.74,43439.37,14047.89,1,0.95,0,0,0,0,SALARY_MISMATCH
SYN_1850,87626.71,9443.27,87626.71,87626.71,9443.27,1,0.95,0,0,0,0,CONSISTENT
SYN_1851,63197.9,7637.14,63197.9,63197.9,7637.14,1,0.38,2,3,1,1,DATA_QUALITY_ISSUE
SYN_1852,63232.56,17479.99,63232.56,47187.43,17479.99,1,0.95,0,0,0,0,SALARY_MISMATCH
SYN_1853,58769.95,11294.16,58769.95,58769.95,11294.16,1,0.95,0,0,0,0,CONSISTENT
SYN_1854,99246.98,19531.39,99246.98,99246.98,36057.07,1,0.95,0,0,0,0,EMI_MISMATCH
SYN_1855,79488.78,12891.6,79488.78,47693.27,25783.2,1,0.95,0,0,0,0,MULTIPLE_MISMATCH
SYN_1856,64824.57,9185.06,64824.57,64824.57,9185.06,1,0.95,0,0,0,0,CONSISTENT
SYN_1857,86253.77,15304.29,86253.77,86253.77,36099.03,1,0.95,0,0,0,0,EMI_MISMATCH
SYN_1858,62254.45,12479.11,62254.45,62254.45,12479.11,0,0.95,0,0,0,0,EMPLOYMENT_MISMATCH
SYN_1859,85876.1,8650.12,85876.1,85876.1,8650.12,1,0.95,0,0,0,0,CONSISTENT
SYN_1860,96652.69,29208.27,96652.69,96652.69,29208.27,1,0.95,0,0,0,0,CONSISTENT
SYN_1861,64318.92,20315.61,64318.92,64318.92,20315.61,1,0.95,0,0,0,0,CONSISTENT
SYN_1862,106757.91,37280.07,106757.91,106757.91,37280.07,1,0.15,1,1,2,1,DATA_QUALITY_ISSUE
SYN_1863,69263.61,23078.14,69263.61,69263.61,36424.85,1,0.95,0,0,0,0,EMI_MISMATCH
SYN_1864,75068.7,22239.23,75068.7,75068.7,51045.43,1,0.95,0,0,0,0,EMI_MISMATCH
SYN_1865,93848.54,16486.35,93848.54,93848.54,16486.35,1,0.95,0,0,0,0,CONSISTENT
SYN_1866,72000.17,12110.32,72000.17,46012.82,12110.32,1,0.95,0,0,0,0,SALARY_MISMATCH
SYN_1867,107605.65,21628.1,107605.65,64563.39,43256.2,1,0.95,0,0,0,0,MULTIPLE_MISMATCH
SYN_1868,48830.25,5068.26,48830.25,28571.73,5068.26,1,0.95,0,0,0,0,SALARY_MISMATCH
SYN_1869,63255.16,11667.68,63255.16,38992.35,11667.68,1,0.95,0,0,0,0,SALARY_MISMATCH
SYN_1870,106461.15,35251.8,106461.15,106461.15,35251.8,1,0.95,0,0,0,0,CONSISTENT
SYN_1871,72379.97,11903.08,72379.97,45023.73,11903.08,1,0.95,0,0,0,0,SALARY_MISMATCH
SYN_1872,75379.36,13147.64,75379.36,38434.76,13147.64,1,0.95,0,0,0,0,SALARY_MISMATCH
SYN_1873,47860.1,5240.39,47860.1,47860.1,13072.65,1,0.95,0,0,0,0,EMI_MISMATCH
SYN_1874,78021.0,22548.15,78021.0,49597.5,22548.15,1,0.95,0,0,0,0,SALARY_MISMATCH
SYN_1875,58434.3,18090.57,58434.3,58434.3,18090.57,1,0.95,0,0,0,0,CONSISTENT
SYN_1876,57466.51,9703.65,57466.51,57466.51,23946.08,1,0.95,0,0,0,0,EMI_MISMATCH
SYN_1877,66126.79,14647.81,66126.79,66126.79,14647.81,1,0.95,0,0,0,0,CONSISTENT
SYN_1878,60368.1,14006.12,60368.1,60368.1,34587.29,1,0.95,0,0,0,0,EMI_MISMATCH
SYN_1879,71341.53,19412.05,71341.53,71341.53,19412.05,0,0.95,0,0,0,0,EMPLOYMENT_MISMATCH
SYN_1880,72332.31,21476.85,72332.31,72332.31,21476.85,1,0.95,0,0,0,0,CONSISTENT
SYN_1881,65136.29,19099.27,65136.29,65136.29,19099.27,1,0.95,0,0,0,0,CONSISTENT
SYN_1882,80126.87,23723.16,80126.87,54099.9,23723.16,1,0.95,0,0,0,0,SALARY_MISMATCH
SYN_1883,55585.99,16013.42,55585.99,55585.99,16013.42,1,0.95,0,0,0,0,CONSISTENT
SYN_1884,73738.03,17588.85,73738.03,73738.03,17588.85,1,0.26,1,2,2,1,DATA_QUALITY_ISSUE
SYN_1885,87918.11,23214.84,87918.11,87918.11,23214.84,1,0.24,1,2,2,1,DATA_QUALITY_ISSUE
SYN_1886,86128.32,22094.03,86128.32,86128.32,52831.26,1,0.95,0,0,0,0,EMI_MISMATCH
SYN_1887,71640.41,18906.43,71640.41,40962.39,18906.43,1,0.95,0,0,0,0,SALARY_MISMATCH
SYN_1888,67669.82,20647.23,67669.82,67669.82,20647.23,1,0.95,0,0,0,0,CONSISTENT
SYN_1889,44853.98,12681.66,44853.98,44853.98,22671.24,1,0.95,0,0,0,0,EMI_MISMATCH
SYN_1890,76415.98,8980.82,76415.98,76415.98,8980.82,0,0.95,0,0,0,0,EMPLOYMENT_MISMATCH
SYN_1891,31571.73,7979.94,31571.73,18943.04,15959.88,1,0.95,0,0,0,0,MULTIPLE_MISMATCH
SYN_1892,74693.82,9934.93,74693.82,74693.82,22415.52,1,0.95,0,0,0,0,EMI_MISMATCH
SYN_1893,91411.76,17285.75,91411.76,91411.76,17285.75,1,0.95,0,0,0,0,CONSISTENT
SYN_1894,66801.36,22744.0,66801.36,66801.36,22744.0,1,0.95,0,0,0,0,CONSISTENT
SYN_1895,41207.74,7465.87,41207.74,41207.74,18526.17,1,0.95,0,0,0,0,EMI_MISMATCH
SYN_1896,60488.17,10809.31,60488.17,60488.17,10809.31,1,0.95,0,0,0,0,CONSISTENT
SYN_1897,36435.21,5244.7,36435.21,19801.8,5244.7,1,0.95,0,0,0,0,SALARY_MISMATCH
SYN_1898,45368.89,14909.65,45368.89,45368.89,14909.65,1,0.95,0,0,0,0,CONSISTENT
SYN_1899,86947.72,26296.69,86947.72,86947.72,26296.69,1,0.95,0,0,0,0,CONSISTENT
SYN_1900,86942.0,14411.42,86942.0,52165.2,28822.84,1,0.95,0,0,0,0,MULTIPLE_MISMATCH
SYN_1901,49385.26,14004.55,49385.26,49385.26,14004.55,1,0.95,0,0,0,0,CONSISTENT
SYN_1902,71238.73,22707.13,71238.73,71238.73,35939.44,1,0.95,0,0,0,0,EMI_MISMATCH
SYN_1903,73732.17,15458.16,73732.17,73732.17,15458.16,1,0.33,2,2,1,1,DATA_QUALITY_ISSUE
SYN_1904,46845.1,6684.42,46845.1,27177.79,6684.42,1,0.95,0,0,0,0,SALARY_MISMATCH
SYN_1905,79974.72,19308.84,79974.72,57134.8,19308.84,1,0.95,0,0,0,0,SALARY_MISMATCH
SYN_1906,59292.64,19451.76,59292.64,59292.64,19451.76,1,0.38,2,1,1,1,DATA_QUALITY_ISSUE
SYN_1907,77193.16,18709.24,77193.16,46543.78,18709.24,1,0.95,0,0,0,0,SALARY_MISMATCH
SYN_1908,91947.04,10876.01,91947.04,91947.04,24630.29,1,0.95,0,0,0,0,EMI_MISMATCH
SYN_1909,70674.57,9590.97,70674.57,70674.57,9590.97,1,0.95,0,0,0,0,CONSISTENT
SYN_1910,87686.95,12376.53,87686.95,87686.95,27892.74,1,0.95,0,0,0,0,EMI_MISMATCH
SYN_1911,99239.91,30403.59,99239.91,99239.91,30403.59,1,0.12,1,3,1,1,DATA_QUALITY_ISSUE
SYN_1912,87390.43,26488.34,87390.43,87390.43,26488.34,1,0.95,0,0,0,0,CONSISTENT
SYN_1913,71734.72,23384.68,71734.72,43040.83,46769.36,1,0.95,0,0,0,0,MULTIPLE_MISMATCH
SYN_1914,80764.18,19228.7,80764.18,80764.18,19228.7,1,0.95,0,0,0,0,CONSISTENT
SYN_1915,50643.92,7475.21,50643.92,50643.92,7475.21,1,0.95,0,0,0,0,CONSISTENT
SYN_1916,69451.34,6952.11,69451.34,69451.34,16030.81,1,0.95,0,0,0,0,EMI_MISMATCH
SYN_1917,68280.58,15104.67,68280.58,68280.58,15104.67,1,0.95,0,0,0,0,CONSISTENT
SYN_1918,56777.91,10230.13,56777.91,56777.91,10230.13,1,0.95,0,0,0,0,CONSISTENT
SYN_1919,72826.82,15114.77,72826.82,72826.82,15114.77,1,0.36,2,1,2,1,DATA_QUALITY_ISSUE
SYN_1920,75645.61,26335.98,75645.61,75645.61,26335.98,0,0.95,0,0,0,0,EMPLOYMENT_MISMATCH
SYN_1921,76120.39,23308.77,76120.39,76120.39,54929.73,1,0.95,0,0,0,0,EMI_MISMATCH
SYN_1922,90524.99,30548.32,90524.99,90524.99,30548.32,1,0.27,2,1,2,1,DATA_QUALITY_ISSUE
SYN_1923,74731.58,10475.75,74731.58,74731.58,10475.75,1,0.95,0,0,0,0,CONSISTENT
SYN_1924,60354.0,8427.23,60354.0,60354.0,8427.23,1,0.25,1,2,2,1,DATA_QUALITY_ISSUE
SYN_1925,53542.81,10354.38,53542.81,32125.69,20708.76,1,0.95,0,0,0,0,MULTIPLE_MISMATCH
SYN_1926,88513.94,10444.22,88513.94,88513.94,18347.16,1,0.95,0,0,0,0,EMI_MISMATCH
SYN_1927,37671.35,5193.54,37671.35,37671.35,5193.54,0,0.95,0,0,0,0,EMPLOYMENT_MISMATCH
SYN_1928,67358.27,19713.95,67358.27,39014.17,19713.95,1,0.95,0,0,0,0,SALARY_MISMATCH
SYN_1929,60963.3,10984.57,60963.3,60963.3,10984.57,1,0.95,0,0,0,0,CONSISTENT
SYN_1930,78945.22,12484.56,78945.22,47367.13,24969.12,1,0.95,0,0,0,0,MULTIPLE_MISMATCH
SYN_1931,55184.59,16740.34,55184.59,55184.59,37545.76,1,0.95,0,0,0,0,EMI_MISMATCH
SYN_1932,68398.71,10881.15,68398.71,68398.71,17386.52,1,0.95,0,0,0,0,EMI_MISMATCH
SYN_1933,54987.17,6271.93,54987.17,54987.17,9914.09,1,0.95,0,0,0,0,EMI_MISMATCH
SYN_1934,78447.35,23212.26,78447.35,78447.35,23212.26,1,0.38,2,3,1,1,DATA_QUALITY_ISSUE
SYN_1935,72928.76,19943.52,72928.76,47170.09,19943.52,1,0.95,0,0,0,0,SALARY_MISMATCH
SYN_1936,83867.04,14001.06,83867.04,53380.13,14001.06,1,0.95,0,0,0,0,SALARY_MISMATCH
SYN_1937,79461.93,14488.32,79461.93,40736.96,14488.32,1,0.95,0,0,0,0,SALARY_MISMATCH
SYN_1938,77092.47,18202.71,77092.47,42441.88,18202.71,1,0.95,0,0,0,0,SALARY_MISMATCH
SYN_1939,79428.49,21932.07,79428.49,79428.49,21932.07,0,0.95,0,0,0,0,EMPLOYMENT_MISMATCH
SYN_1940,71426.49,16796.14,71426.49,53918.43,16796.14,1,0.95,0,0,0,0,SALARY_MISMATCH
SYN_1941,73132.16,17901.47,73132.16,40714.38,17901.47,1,0.95,0,0,0,0,SALARY_MISMATCH
SYN_1942,39927.41,10722.38,39927.41,39927.41,10722.38,1,0.29,1,2,2,1,DATA_QUALITY_ISSUE
SYN_1943,64174.1,12237.47,64174.1,64174.1,12237.47,1,0.95,0,0,0,0,CONSISTENT
SYN_1944,67373.59,18248.72,67373.59,67373.59,18248.72,1,0.95,0,0,0,0,CONSISTENT
SYN_1945,97987.5,30408.94,97987.5,97987.5,63243.49,1,0.95,0,0,0,0,EMI_MISMATCH
SYN_1946,75152.2,12830.09,75152.2,75152.2,30726.39,1,0.95,0,0,0,0,EMI_MISMATCH
SYN_1947,94535.17,11346.34,94535.17,94535.17,11346.34,1,0.95,0,0,0,0,CONSISTENT
SYN_1948,61665.6,15251.22,61665.6,61665.6,15251.22,1,0.95,0,0,0,0,CONSISTENT
SYN_1949,86667.7,11452.69,86667.7,86667.7,17389.55,1,0.95,0,0,0,0,EMI_MISMATCH
SYN_1950,83917.57,14714.77,83917.57,83917.57,31283.36,1,0.95,0,0,0,0,EMI_MISMATCH
SYN_1951,82066.43,20210.45,82066.43,82066.43,20210.45,1,0.95,0,0,0,0,CONSISTENT
SYN_1952,25556.2,5722.61,25556.2,15329.13,5722.61,1,0.95,0,0,0,0,SALARY_MISMATCH
SYN_1953,72948.03,13783.4,72948.03,72948.03,13783.4,1,0.95,0,0,0,0,CONSISTENT
SYN_1954,62280.7,10974.45,62280.7,43993.41,10974.45,1,0.95,0,0,0,0,SALARY_MISMATCH
SYN_1955,61047.26,7877.85,61047.26,36628.36,15755.7,1,0.95,0,0,0,0,MULTIPLE_MISMATCH
SYN_1956,65859.08,13893.89,65859.08,65859.08,23453.1,1,0.95,0,0,0,0,EMI_MISMATCH
SYN_1957,77672.74,18003.54,77672.74,77672.74,40224.01,1,0.95,0,0,0,0,EMI_MISMATCH
SYN_1958,57697.98,18576.92,57697.98,57697.98,18576.92,1,0.95,0,0,0,0,CONSISTENT
SYN_1959,66010.24,13724.52,66010.24,66010.24,13724.52,0,0.95,0,0,0,0,EMPLOYMENT_MISMATCH
SYN_1960,66939.35,20800.57,66939.35,40163.61,41601.14,1,0.95,0,0,0,0,MULTIPLE_MISMATCH
SYN_1961,70970.59,20468.1,70970.59,55831.98,20468.1,1,0.95,0,0,0,0,SALARY_MISMATCH
SYN_1962,97506.31,30284.76,97506.31,97506.31,30284.76,0,0.95,0,0,0,0,EMPLOYMENT_MISMATCH
SYN_1963,80246.65,11938.87,80246.65,80246.65,11938.87,0,0.95,0,0,0,0,EMPLOYMENT_MISMATCH
SYN_1964,69781.43,14979.45,69781.43,41868.86,29958.9,1,0.95,0,0,0,0,MULTIPLE_MISMATCH
SYN_1965,61311.32,10587.27,61311.32,61311.32,26295.94,1,0.95,0,0,0,0,EMI_MISMATCH
SYN_1966,74906.97,13492.37,74906.97,74906.97,13492.37,1,0.4,2,2,1,1,DATA_QUALITY_ISSUE
SYN_1967,54141.08,10605.35,54141.08,54141.08,10605.35,1,0.35,1,3,2,1,DATA_QUALITY_ISSUE
SYN_1968,53292.4,9211.79,53292.4,53292.4,16914.32,1,0.95,0,0,0,0,EMI_MISMATCH
SYN_1969,75825.41,20829.88,75825.41,75825.41,20829.88,1,0.95,0,0,0,0,CONSISTENT
SYN_1970,70202.1,9480.19,70202.1,42121.26,18960.38,1,0.95,0,0,0,0,MULTIPLE_MISMATCH
SYN_1971,75398.4,9067.78,75398.4,53905.02,9067.78,1,0.95,0,0,0,0,SALARY_MISMATCH
SYN_1972,74212.33,23705.51,74212.33,74212.33,23705.51,1,0.95,0,0,0,0,CONSISTENT
SYN_1973,61590.86,10342.76,61590.86,36954.52,20685.52,1,0.95,0,0,0,0,MULTIPLE_MISMATCH
SYN_1974,82864.01,20790.29,82864.01,82864.01,20790.29,1,0.95,0,0,0,0,CONSISTENT
SYN_1975,77571.99,26597.81,77571.99,45214.52,26597.81,1,0.95,0,0,0,0,SALARY_MISMATCH
SYN_1976,36467.99,5700.31,36467.99,36467.99,5700.31,0,0.95,0,0,0,0,EMPLOYMENT_MISMATCH
SYN_1977,82659.73,19868.88,82659.73,82659.73,33497.61,1,0.95,0,0,0,0,EMI_MISMATCH
SYN_1978,70081.9,15660.66,70081.9,70081.9,15660.66,1,0.95,0,0,0,0,CONSISTENT
SYN_1979,73979.66,13644.05,73979.66,73979.66,13644.05,1,0.26,1,2,1,1,DATA_QUALITY_ISSUE
SYN_1980,98534.55,18952.69,98534.55,98534.55,18952.69,1,0.95,0,0,0,0,CONSISTENT
SYN_1981,100101.63,18890.32,100101.63,68450.03,18890.32,1,0.95,0,0,0,0,SALARY_MISMATCH
SYN_1982,81626.2,19337.58,81626.2,81626.2,41391.77,1,0.95,0,0,0,0,EMI_MISMATCH
SYN_1983,75016.65,23263.46,75016.65,75016.65,23263.46,1,0.95,0,0,0,0,CONSISTENT
SYN_1984,51833.49,15408.03,51833.49,51833.49,15408.03,0,0.95,0,0,0,0,EMPLOYMENT_MISMATCH
SYN_1985,49998.55,7398.2,49998.55,49998.55,7398.2,1,0.95,0,0,0,0,CONSISTENT
SYN_1986,52578.66,13025.26,52578.66,52578.66,13025.26,1,0.95,0,0,0,0,CONSISTENT
SYN_1987,64251.4,19751.58,64251.4,64251.4,19751.58,1,0.31,1,2,2,1,DATA_QUALITY_ISSUE
SYN_1988,87143.92,27354.23,87143.92,57446.02,27354.23,1,0.95,0,0,0,0,SALARY_MISMATCH
SYN_1989,82129.15,12997.85,82129.15,82129.15,12997.85,1,0.95,0,0,0,0,CONSISTENT
SYN_1990,104411.16,31885.49,104411.16,104411.16,48739.23,1,0.95,0,0,0,0,EMI_MISMATCH
SYN_1991,55140.58,10925.94,55140.58,55140.58,20125.83,1,0.95,0,0,0,0,EMI_MISMATCH
SYN_1992,60592.19,10221.87,60592.19,36355.31,20443.74,1,0.95,0,0,0,0,MULTIPLE_MISMATCH
SYN_1993,97107.19,16946.16,97107.19,97107.19,16946.16,0,0.95,0,0,0,0,EMPLOYMENT_MISMATCH
SYN_1994,88080.96,13735.75,88080.96,68682.08,13735.75,1,0.95,0,0,0,0,SALARY_MISMATCH
SYN_1995,95689.64,18446.72,95689.64,68516.7,18446.72,1,0.95,0,0,0,0,SALARY_MISMATCH
SYN_1996,86520.47,23915.54,86520.47,86520.47,47573.51,1,0.95,0,0,0,0,EMI_MISMATCH
SYN_1997,84030.56,21183.05,84030.56,84030.56,21183.05,1,0.95,0,0,0,0,CONSISTENT
SYN_1998,67268.79,22602.24,67268.79,34599.81,22602.24,1,0.95,0,0,0,0,SALARY_MISMATCH
SYN_1999,67872.78,10712.26,67872.78,40723.67,21424.52,1,0.95,0,0,0,0,MULTIPLE_MISMATCH
SYN_2000,92602.66,16311.39,92602.66,92602.66,16311.39,0,0.95,0,0,0,0,EMPLOYMENT_MISMATCH
SYN_2001,64893.57,21324.7,64893.57,64893.57,21324.7,1,0.95,0,0,0,0,CONSISTENT
SYN_2002,90447.61,28211.52,90447.61,54268.57,56423.04,1,0.95,0,0,0,0,MULTIPLE_MISMATCH
SYN_2003,77875.04,19517.65,77875.04,77875.04,19517.65,0,0.95,0,0,0,0,EMPLOYMENT_MISMATCH
SYN_2004,78581.56,25307.37,78581.56,78581.56,25307.37,1,0.95,0,0,0,0,CONSISTENT
SYN_2005,66547.78,17278.19,66547.78,39928.67,34556.38,1,0.95,0,0,0,0,MULTIPLE_MISMATCH
SYN_2006,74502.67,24702.85,74502.67,74502.67,24702.85,1,0.95,0,0,0,0,CONSISTENT
SYN_2007,83596.41,10287.98,83596.41,83596.41,10287.98,1,0.32,1,1,2,1,DATA_QUALITY_ISSUE
SYN_2008,59867.17,19302.48,59867.17,59867.17,37455.2,1,0.95,0,0,0,0,EMI_MISMATCH
SYN_2009,73868.8,18526.7,73868.8,73868.8,18526.7,1,0.2,1,1,2,1,DATA_QUALITY_ISSUE
SYN_2010,99884.1,33012.91,99884.1,59930.46,66025.82,1,0.95,0,0,0,0,MULTIPLE_MISMATCH
SYN_2011,77435.32,25049.8,77435.32,77435.32,25049.8,1,0.95,0,0,0,0,CONSISTENT
SYN_2012,59140.16,6598.0,59140.16,59140.16,6598.0,1,0.21,1,1,2,1,DATA_QUALITY_ISSUE
SYN_2013,53597.6,9642.07,53597.6,53597.6,20169.36,1,0.95,0,0,0,0,EMI_MISMATCH
SYN_2014,76040.06,10407.09,76040.06,76040.06,10407.09,1,0.95,0,0,0,0,CONSISTENT
SYN_2015,83829.53,24170.42,83829.53,83829.53,24170.42,1,0.95,0,0,0,0,CONSISTENT
SYN_2016,85925.18,22971.78,85925.18,85925.18,22971.78,0,0.95,0,0,0,0,EMPLOYMENT_MISMATCH
SYN_2017,69678.47,17793.52,69678.47,51099.63,17793.52,1,0.95,0,0,0,0,SALARY_MISMATCH
SYN_2018,76640.11,14513.98,76640.11,44698.66,14513.98,1,0.95,0,0,0,0,SALARY_MISMATCH
SYN_2019,86260.39,16008.51,86260.39,86260.39,36335.67,1,0.95,0,0,0,0,EMI_MISMATCH
SYN_2020,80852.31,25930.07,80852.31,80852.31,52581.31,1,0.95,0,0,0,0,EMI_MISMATCH
SYN_2021,98074.96,33460.49,98074.96,51201.9,33460.49,1,0.95,0,0,0,0,SALARY_MISMATCH
SYN_2022,82207.78,27489.26,82207.78,82207.78,27489.26,1,0.95,0,0,0,0,CONSISTENT
SYN_2023,69520.79,8579.86,69520.79,50779.85,8579.86,1,0.95,0,0,0,0,SALARY_MISMATCH
SYN_2024,110819.52,19717.66,110819.52,110819.52,19717.66,0,0.95,0,0,0,0,EMPLOYMENT_MISMATCH
SYN_2025,69880.35,17347.53,69880.35,69880.35,17347.53,1,0.95,0,0,0,0,CONSISTENT
SYN_2026,83018.15,22375.93,83018.15,83018.15,22375.93,1,0.22,2,1,2,1,DATA_QUALITY_ISSUE
SYN_2027,102132.92,30532.3,102132.92,102132.92,30532.3,0,0.95,0,0,0,0,EMPLOYMENT_MISMATCH
SYN_2028,83411.54,8477.23,83411.54,83411.54,8477.23,1,0.95,0,0,0,0,CONSISTENT
SYN_2029,64786.96,11005.19,64786.96,43702.66,11005.19,1,0.95,0,0,0,0,SALARY_MISMATCH
SYN_2030,46827.32,6375.3,46827.32,46827.32,6375.3,1,0.95,0,0,0,0,CONSISTENT
SYN_2031,80602.46,9162.17,80602.46,80602.46,17475.76,1,0.95,0,0,0,0,EMI_MISMATCH
SYN_2032,60656.31,7728.16,60656.31,60656.31,7728.16,1,0.95,0,0,0,0,CONSISTENT
SYN_2033,100295.45,21630.92,100295.45,100295.45,49891.63,1,0.95,0,0,0,0,EMI_MISMATCH
SYN_2034,65438.64,22242.5,65438.64,65438.64,22242.5,1,0.95,0,0,0,0,CONSISTENT
SYN_2035,87554.64,21097.76,87554.64,87554.64,21097.76,1,0.95,0,0,0,0,CONSISTENT
SYN_2036,69690.32,19634.86,69690.32,46967.81,19634.86,1,0.95,0,0,0,0,SALARY_MISMATCH
SYN_2037,62621.78,18878.24,62621.78,62621.78,18878.24,1,0.95,0,0,0,0,CONSISTENT
SYN_2038,80882.87,15719.34,80882.87,80882.87,15719.34,1,0.23,2,1,2,1,DATA_QUALITY_ISSUE
SYN_2039,72678.75,22082.61,72678.75,72678.75,22082.61,1,0.37,2,1,2,1,DATA_QUALITY_ISSUE
SYN_2040,59101.13,9781.75,59101.13,59101.13,9781.75,0,0.95,0,0,0,0,EMPLOYMENT_MISMATCH
SYN_2041,73282.91,18574.4,73282.91,43969.75,37148.8,1,0.95,0,0,0,0,MULTIPLE_MISMATCH
SYN_2042,77216.34,15279.9,77216.34,77216.34,15279.9,1,0.95,0,0,0,0,CONSISTENT
SYN_2043,92577.15,15796.92,92577.15,92577.15,15796.92,0,0.95,0,0,0,0,EMPLOYMENT_MISMATCH
SYN_2044,97471.46,12255.72,97471.46,97471.46,12255.72,1,0.95,0,0,0,0,CONSISTENT
SYN_2045,103029.05,16715.01,103029.05,103029.05,16715.01,0,0.95,0,0,0,0,EMPLOYMENT_MISMATCH
SYN_2046,75522.11,13862.37,75522.11,75522.11,13862.37,1,0.95,0,0,0,0,CONSISTENT
SYN_2047,91348.57,29626.59,91348.57,91348.57,29626.59,1,0.95,0,0,0,0,CONSISTENT
SYN_2048,66432.24,14208.22,66432.24,33830.44,14208.22,1,0.95,0,0,0,0,SALARY_MISMATCH
SYN_2049,42913.29,14206.64,42913.29,25747.97,28413.28,1,0.95,0,0,0,0,MULTIPLE_MISMATCH
SYN_2050,72810.94,17864.62,72810.94,72810.94,17864.62,1,0.95,0,0,0,0,CONSISTENT
SYN_2051,69554.25,18297.36,69554.25,49949.64,18297.36,1,0.95,0,0,0,0,SALARY_MISMATCH
SYN_2052,53505.76,17882.34,53505.76,53505.76,17882.34,1,0.95,0,0,0,0,CONSISTENT
SYN_2053,63404.55,6939.95,63404.55,63404.55,6939.95,1,0.95,0,0,0,0,CONSISTENT
SYN_2054,61939.08,21467.31,61939.08,61939.08,21467.31,1,0.95,0,0,0,0,CONSISTENT
SYN_2055,85868.88,14102.94,85868.88,85868.88,14102.94,1,0.95,0,0,0,0,CONSISTENT
SYN_2056,81727.28,12730.86,81727.28,81727.28,12730.86,1,0.95,0,0,0,0,CONSISTENT
SYN_2057,72621.93,11436.47,72621.93,72621.93,11436.47,1,0.95,0,0,0,0,CONSISTENT
SYN_2058,61229.71,10003.31,61229.71,47891.5,10003.31,1,0.95,0,0,0,0,SALARY_MISMATCH
SYN_2059,45908.92,8965.4,45908.92,45908.92,8965.4,1,0.22,2,2,1,1,DATA_QUALITY_ISSUE
SYN_2060,88350.15,29367.22,88350.15,53010.09,58734.44,1,0.95,0,0,0,0,MULTIPLE_MISMATCH
SYN_2061,44514.17,8960.87,44514.17,44514.17,8960.87,1,0.95,0,0,0,0,CONSISTENT
SYN_2062,57113.81,17328.55,57113.81,57113.81,17328.55,1,0.95,0,0,0,0,CONSISTENT
SYN_2063,106176.21,16124.7,106176.21,106176.21,16124.7,1,0.95,0,0,0,0,CONSISTENT
SYN_2064,80436.17,24906.04,80436.17,80436.17,24906.04,1,0.24,1,2,1,1,DATA_QUALITY_ISSUE
SYN_2065,74083.54,22609.11,74083.54,50699.98,22609.11,1,0.95,0,0,0,0,SALARY_MISMATCH
SYN_2066,63768.0,14252.33,63768.0,38260.8,28504.66,1,0.95,0,0,0,0,MULTIPLE_MISMATCH
SYN_2067,89720.76,15605.87,89720.76,89720.76,15605.87,1,0.95,0,0,0,0,CONSISTENT
SYN_2068,85041.24,17457.24,85041.24,52994.03,17457.24,1,0.95,0,0,0,0,SALARY_MISMATCH
SYN_2069,70517.7,8027.25,70517.7,70517.7,8027.25,1,0.95,0,0,0,0,CONSISTENT
SYN_2070,69626.33,7122.79,69626.33,69626.33,7122.79,1,0.95,0,0,0,0,CONSISTENT
SYN_2071,66716.08,12640.05,66716.08,66716.08,19066.9,1,0.95,0,0,0,0,EMI_MISMATCH
SYN_2072,58542.85,6322.55,58542.85,35125.71,12645.1,1,0.95,0,0,0,0,MULTIPLE_MISMATCH
SYN_2073,76323.54,18004.64,76323.54,76323.54,18004.64,1,0.3,2,2,2,1,DATA_QUALITY_ISSUE
SYN_2074,89608.58,18279.92,89608.58,89608.58,18279.92,1,0.95,0,0,0,0,CONSISTENT
SYN_2075,75423.01,18180.62,75423.01,75423.01,18180.62,0,0.95,0,0,0,0,EMPLOYMENT_MISMATCH
SYN_2076,61346.28,17359.05,61346.28,37736.39,17359.05,1,0.95,0,0,0,0,SALARY_MISMATCH
SYN_2077,115246.85,35309.64,115246.85,115246.85,35309.64,1,0.18,1,1,2,1,DATA_QUALITY_ISSUE
SYN_2078,64716.14,20976.19,64716.14,51436.65,20976.19,1,0.95,0,0,0,0,SALARY_MISMATCH
SYN_2079,48988.19,8873.65,48988.19,48988.19,8873.65,1,0.95,0,0,0,0,CONSISTENT
SYN_2080,51101.19,14806.52,51101.19,51101.19,14806.52,0,0.95,0,0,0,0,EMPLOYMENT_MISMATCH
SYN_2081,73681.99,12752.57,73681.99,54769.75,12752.57,1,0.95,0,0,0,0,SALARY_MISMATCH
SYN_2082,71848.67,21656.54,71848.67,71848.67,21656.54,1,0.95,0,0,0,0,CONSISTENT
SYN_2083,67847.72,18314.23,67847.72,67847.72,38625.24,1,0.95,0,0,0,0,EMI_MISMATCH
SYN_2084,99525.23,21068.74,99525.23,99525.23,21068.74,0,0.95,0,0,0,0,EMPLOYMENT_MISMATCH
SYN_2085,63029.6,13177.04,63029.6,49893.3,13177.04,1,0.95,0,0,0,0,SALARY_MISMATCH
SYN_2086,79385.22,14210.05,79385.22,79385.22,14210.05,1,0.95,0,0,0,0,CONSISTENT
SYN_2087,62828.01,16155.34,62828.01,62828.01,16155.34,1,0.95,0,0,0,0,CONSISTENT
SYN_2088,79121.07,9790.32,79121.07,79121.07,9790.32,1,0.95,0,0,0,0,CONSISTENT
SYN_2089,74060.44,9500.77,74060.44,74060.44,9500.77,0,0.95,0,0,0,0,EMPLOYMENT_MISMATCH
SYN_2090,67081.31,23448.65,67081.31,67081.31,23448.65,1,0.95,0,0,0,0,CONSISTENT
SYN_2091,76261.57,19977.14,76261.57,45756.94,39954.28,1,0.95,0,0,0,0,MULTIPLE_MISMATCH
SYN_2092,65991.81,8993.13,65991.81,65991.81,8993.13,1,0.95,0,0,0,0,CONSISTENT
SYN_2093,84409.37,15736.66,84409.37,84409.37,15736.66,1,0.15,2,3,1,1,DATA_QUALITY_ISSUE
SYN_2094,91675.48,29651.84,91675.48,91675.48,29651.84,1,0.95,0,0,0,0,CONSISTENT
SYN_2095,89507.67,12314.26,89507.67,45790.11,12314.26,1,0.95,0,0,0,0,SALARY_MISMATCH
SYN_2096,82409.66,14729.35,82409.66,49445.8,29458.7,1,0.95,0,0,0,0,MULTIPLE_MISMATCH
SYN_2097,110878.8,11946.38,110878.8,110878.8,11946.38,1,0.95,0,0,0,0,CONSISTENT
SYN_2098,63489.29,6869.54,63489.29,63489.29,6869.54,1,0.95,0,0,0,0,CONSISTENT
SYN_2099,59405.49,19393.66,59405.49,38903.13,19393.66,1,0.95,0,0,0,0,SALARY_MISMATCH
SYN_2100,81316.27,26869.47,81316.27,81316.27,26869.47,1,0.95,0,0,0,0,CONSISTENT
SYN_2101,88798.07,13327.25,88798.07,88798.07,13327.25,0,0.95,0,0,0,0,EMPLOYMENT_MISMATCH
SYN_2102,90283.85,24563.82,90283.85,90283.85,24563.82,1,0.95,0,0,0,0,CONSISTENT
SYN_2103,96732.3,28631.61,96732.3,96732.3,28631.61,1,0.95,0,0,0,0,CONSISTENT
SYN_2104,70273.77,20944.92,70273.77,52816.82,20944.92,1,0.95,0,0,0,0,SALARY_MISMATCH
SYN_2105,63691.63,11382.35,63691.63,63691.63,18403.03,1,0.95,0,0,0,0,EMI_MISMATCH
SYN_2106,61410.52,9357.72,61410.52,61410.52,9357.72,1,0.95,0,0,0,0,CONSISTENT
SYN_2107,89382.24,11077.91,89382.24,69429.6,11077.91,1,0.95,0,0,0,0,SALARY_MISMATCH
SYN_2108,91915.29,17549.51,91915.29,91915.29,39601.15,1,0.95,0,0,0,0,EMI_MISMATCH
SYN_2109,73973.3,22920.78,73973.3,73973.3,22920.78,1,0.95,0,0,0,0,CONSISTENT
SYN_2110,75431.63,19549.86,75431.63,42722.31,19549.86,1,0.95,0,0,0,0,SALARY_MISMATCH
SYN_2111,72718.64,18501.93,72718.64,72718.64,36195.81,1,0.95,0,0,0,0,EMI_MISMATCH
SYN_2112,98186.0,22039.55,98186.0,58911.6,44079.1,1,0.95,0,0,0,0,MULTIPLE_MISMATCH
SYN_2113,69181.86,10897.6,69181.86,41509.12,21795.2,1,0.95,0,0,0,0,MULTIPLE_MISMATCH
SYN_2114,94591.08,28997.31,94591.08,53755.14,28997.31,1,0.95,0,0,0,0,SALARY_MISMATCH
SYN_2115,66936.35,17440.43,66936.35,38400.68,17440.43,1,0.95,0,0,0,0,SALARY_MISMATCH
SYN_2116,91845.59,27424.73,91845.59,91845.59,27424.73,1,0.95,0,0,0,0,CONSISTENT
SYN_2117,85363.66,15930.34,85363.66,85363.66,15930.34,1,0.95,0,0,0,0,CONSISTENT
SYN_2118,68327.9,23568.59,68327.9,68327.9,23568.59,1,0.18,2,2,1,1,DATA_QUALITY_ISSUE
SYN_2119,86608.53,14536.99,86608.53,86608.53,14536.99,1,0.95,0,0,0,0,CONSISTENT
SYN_2120,84267.55,23405.06,84267.55,53232.86,23405.06,1,0.95,0,0,0,0,SALARY_MISMATCH
SYN_2121,82722.02,21765.92,82722.02,82722.02,21765.92,1,0.95,0,0,0,0,CONSISTENT
SYN_2122,78862.19,14951.53,78862.19,78862.19,14951.53,0,0.95,0,0,0,0,EMPLOYMENT_MISMATCH
SYN_2123,54287.49,17101.56,54287.49,54287.49,17101.56,1,0.95,0,0,0,0,CONSISTENT
SYN_2124,92170.19,19205.13,92170.19,92170.19,19205.13,1,0.95,0,0,0,0,CONSISTENT
SYN_2125,67322.96,10786.45,67322.96,67322.96,10786.45,1,0.95,0,0,0,0,CONSISTENT
SYN_2126,83458.76,23273.23,83458.76,83458.76,23273.23,1,0.95,0,0,0,0,CONSISTENT
SYN_2127,56692.33,13537.56,56692.33,56692.33,13537.56,1,0.95,0,0,0,0,CONSISTENT
SYN_2128,60792.34,14177.94,60792.34,60792.34,14177.94,0,0.95,0,0,0,0,EMPLOYMENT_MISMATCH
SYN_2129,72895.8,21461.99,72895.8,72895.8,21461.99,1,0.32,1,3,1,1,DATA_QUALITY_ISSUE
SYN_2130,81856.96,25588.01,81856.96,46569.3,25588.01,1,0.95,0,0,0,0,SALARY_MISMATCH
SYN_2131,55501.41,13334.31,55501.41,55501.41,13334.31,1,0.95,0,0,0,0,CONSISTENT
SYN_2132,65788.22,11844.94,65788.22,65788.22,11844.94,1,0.95,0,0,0,0,CONSISTENT
SYN_2133,97495.85,12515.11,97495.85,97495.85,12515.11,1,0.17,2,2,2,1,DATA_QUALITY_ISSUE
SYN_2134,66773.68,7468.9,66773.68,66773.68,7468.9,1,0.95,0,0,0,0,CONSISTENT
SYN_2135,55996.55,12526.83,55996.55,33597.93,25053.66,1,0.95,0,0,0,0,MULTIPLE_MISMATCH
SYN_2136,81580.02,23870.55,81580.02,81580.02,23870.55,0,0.95,0,0,0,0,EMPLOYMENT_MISMATCH
SYN_2137,60444.24,10282.52,60444.24,43479.41,10282.52,1,0.95,0,0,0,0,SALARY_MISMATCH
SYN_2138,100913.28,14423.28,100913.28,100913.28,14423.28,1,0.95,0,0,0,0,CONSISTENT
SYN_2139,88200.99,11420.68,88200.99,61430.43,11420.68,1,0.95,0,0,0,0,SALARY_MISMATCH
SYN_2140,53492.91,5352.54,53492.91,53492.91,5352.54,1,0.95,0,0,0,0,CONSISTENT
SYN_2141,86064.39,21700.52,86064.39,86064.39,21700.52,1,0.95,0,0,0,0,CONSISTENT
SYN_2142,64411.81,12457.34,64411.81,64411.81,12457.34,1,0.3,1,3,2,1,DATA_QUALITY_ISSUE
SYN_2143,62590.1,19956.4,62590.1,62590.1,38226.35,1,0.95,0,0,0,0,EMI_MISMATCH
SYN_2144,99722.47,10874.92,99722.47,66349.59,10874.92,1,0.95,0,0,0,0,SALARY_MISMATCH
SYN_2145,69827.28,20620.99,69827.28,69827.28,20620.99,0,0.95,0,0,0,0,EMPLOYMENT_MISMATCH
SYN_2146,64749.55,10385.87,64749.55,64749.55,10385.87,1,0.95,0,0,0,0,CONSISTENT
SYN_2147,76307.68,9645.26,76307.68,76307.68,21282.75,1,0.95,0,0,0,0,EMI_MISMATCH
SYN_2148,73997.75,23492.98,73997.75,39800.32,23492.98,1,0.95,0,0,0,0,SALARY_MISMATCH
SYN_2149,63985.3,14259.24,63985.3,63985.3,31683.7,1,0.95,0,0,0,0,EMI_MISMATCH
SYN_2150,114862.67,14106.62,114862.67,114862.67,14106.62,1,0.11,1,3,2,1,DATA_QUALITY_ISSUE
SYN_2151,82760.06,24881.0,82760.06,53456.17,24881.0,1,0.95,0,0,0,0,SALARY_MISMATCH
SYN_2152,67505.8,17519.32,67505.8,67505.8,17519.32,1,0.95,0,0,0,0,CONSISTENT
SYN_2153,86762.2,9550.9,86762.2,86762.2,9550.9,1,0.95,0,0,0,0,CONSISTENT
SYN_2154,61529.59,6257.38,61529.59,61529.59,6257.38,1,0.95,0,0,0,0,CONSISTENT
SYN_2155,63509.32,10177.31,63509.32,63509.32,10177.31,1,0.95,0,0,0,0,CONSISTENT
SYN_2156,68080.99,15661.35,68080.99,68080.99,15661.35,1,0.21,2,2,1,1,DATA_QUALITY_ISSUE
SYN_2157,70361.92,13205.83,70361.92,70361.92,29815.26,1,0.95,0,0,0,0,EMI_MISMATCH
SYN_2158,68458.85,18637.92,68458.85,68458.85,38524.81,1,0.95,0,0,0,0,EMI_MISMATCH
SYN_2159,71684.33,20986.28,71684.33,71684.33,40613.29,1,0.95,0,0,0,0,EMI_MISMATCH
SYN_2160,61239.51,13282.68,61239.51,61239.51,13282.68,1,0.36,2,3,2,1,DATA_QUALITY_ISSUE
SYN_2161,79322.4,15210.03,79322.4,79322.4,15210.03,1,0.13,1,2,1,1,DATA_QUALITY_ISSUE
SYN_2162,82430.12,23356.61,82430.12,82430.12,23356.61,1,0.95,0,0,0,0,CONSISTENT
SYN_2163,70735.65,16823.01,70735.65,42441.39,33646.02,1,0.95,0,0,0,0,MULTIPLE_MISMATCH
SYN_2164,86301.07,11344.33,86301.07,86301.07,11344.33,1,0.95,0,0,0,0,CONSISTENT
SYN_2165,53500.14,11393.78,53500.14,53500.14,26170.91,1,0.95,0,0,0,0,EMI_MISMATCH
SYN_2166,76819.91,9543.29,76819.91,76819.91,19544.86,1,0.95,0,0,0,0,EMI_MISMATCH
SYN_2167,83091.03,11480.23,83091.03,83091.03,11480.23,0,0.95,0,0,0,0,EMPLOYMENT_MISMATCH
SYN_2168,93341.98,25140.31,93341.98,93341.98,25140.31,0,0.95,0,0,0,0,EMPLOYMENT_MISMATCH
SYN_2169,48831.53,13055.26,48831.53,48831.53,13055.26,1,0.95,0,0,0,0,CONSISTENT
SYN_2170,61175.2,15154.2,61175.2,61175.2,15154.2,1,0.95,0,0,0,0,CONSISTENT
SYN_2171,55969.62,17628.39,55969.62,55969.62,17628.39,1,0.18,2,3,1,1,DATA_QUALITY_ISSUE
SYN_2172,101798.96,15528.82,101798.96,101798.96,15528.82,1,0.95,0,0,0,0,CONSISTENT
SYN_2173,88969.6,9669.66,88969.6,53022.67,9669.66,1,0.95,0,0,0,0,SALARY_MISMATCH
SYN_2174,74165.69,18630.45,74165.69,74165.69,36890.64,1,0.95,0,0,0,0,EMI_MISMATCH
SYN_2175,58265.63,18728.06,58265.63,34959.38,37456.12,1,0.95,0,0,0,0,MULTIPLE_MISMATCH
SYN_2176,74760.31,10532.71,74760.31,74760.31,16153.49,1,0.95,0,0,0,0,EMI_MISMATCH
SYN_2177,57266.73,8958.85,57266.73,57266.73,8958.85,1,0.95,0,0,0,0,CONSISTENT
SYN_2178,81015.97,22743.83,81015.97,81015.97,22743.83,1,0.95,0,0,0,0,CONSISTENT
SYN_2179,69825.94,22751.06,69825.94,41895.56,45502.12,1,0.95,0,0,0,0,MULTIPLE_MISMATCH
SYN_2180,79124.0,25666.41,79124.0,79124.0,49976.62,1,0.95,0,0,0,0,EMI_MISMATCH
SYN_2181,72897.19,16782.28,72897.19,54739.61,16782.28,1,0.95,0,0,0,0,SALARY_MISMATCH
SYN_2182,76471.17,25926.27,76471.17,45882.7,51852.54,1,0.95,0,0,0,0,MULTIPLE_MISMATCH
SYN_2183,103827.4,16619.2,103827.4,103827.4,27001.17,1,0.95,0,0,0,0,EMI_MISMATCH
SYN_2184,31699.16,9226.48,31699.16,31699.16,23003.04,1,0.95,0,0,0,0,EMI_MISMATCH
SYN_2185,82495.29,28583.02,82495.29,82495.29,28583.02,0,0.95,0,0,0,0,EMPLOYMENT_MISMATCH
SYN_2186,93897.84,29583.77,93897.84,93897.84,72355.53,1,0.95,0,0,0,0,EMI_MISMATCH
SYN_2187,64466.17,9216.63,64466.17,64466.17,9216.63,1,0.12,2,3,1,1,DATA_QUALITY_ISSUE
SYN_2188,72035.28,10914.67,72035.28,72035.28,21187.88,1,0.95,0,0,0,0,EMI_MISMATCH
SYN_2189,72903.02,23749.94,72903.02,72903.02,23749.94,1,0.95,0,0,0,0,CONSISTENT
SYN_2190,76823.69,16605.11,76823.69,46094.21,33210.22,1,0.95,0,0,0,0,MULTIPLE_MISMATCH
SYN_2191,93268.91,19395.39,93268.91,93268.91,19395.39,0,0.95,0,0,0,0,EMPLOYMENT_MISMATCH
SYN_2192,82199.95,17723.48,82199.95,82199.95,17723.48,0,0.95,0,0,0,0,EMPLOYMENT_MISMATCH
SYN_2193,30159.1,8935.18,30159.1,30159.1,8935.18,1,0.35,2,1,1,1,DATA_QUALITY_ISSUE
SYN_2194,58652.35,6047.43,58652.35,58652.35,6047.43,1,0.95,0,0,0,0,CONSISTENT
SYN_2195,82805.71,25548.43,82805.71,49683.43,51096.86,1,0.95,0,0,0,0,MULTIPLE_MISMATCH
SYN_2196,73924.49,21485.62,73924.49,55444.35,21485.62,1,0.95,0,0,0,0,SALARY_MISMATCH
SYN_2197,73896.24,17140.37,73896.24,73896.24,17140.37,1,0.95,0,0,0,0,CONSISTENT
SYN_2198,89659.41,27868.45,89659.41,89659.41,27868.45,1,0.21,2,2,1,1,DATA_QUALITY_ISSUE
SYN_2199,70369.84,20932.65,70369.84,48238.8,20932.65,1,0.95,0,0,0,0,SALARY_MISMATCH
SYN_2200,98174.77,13654.43,98174.77,98174.77,13654.43,1,0.95,0,0,0,0,CONSISTENT
SYN_2201,97046.76,23794.34,97046.76,59823.5,23794.34,1,0.95,0,0,0,0,SALARY_MISMATCH
SYN_2202,65665.95,10290.46,65665.95,65665.95,10290.46,1,0.95,0,0,0,0,CONSISTENT
SYN_2203,82825.37,11816.64,82825.37,82825.37,25558.28,1,0.95,0,0,0,0,EMI_MISMATCH
SYN_2204,34864.73,5734.72,34864.73,20918.84,11469.44,1,0.95,0,0,0,0,MULTIPLE_MISMATCH
SYN_2205,62854.13,15808.05,62854.13,33117.18,15808.05,1,0.95,0,0,0,0,SALARY_MISMATCH
SYN_2206,77817.01,21704.38,77817.01,77817.01,21704.38,1,0.34,1,2,2,1,DATA_QUALITY_ISSUE
SYN_2207,86512.19,21267.57,86512.19,57229.13,21267.57,1,0.95,0,0,0,0,SALARY_MISMATCH
SYN_2208,74974.29,11420.23,74974.29,37570.81,11420.23,1,0.95,0,0,0,0,SALARY_MISMATCH
SYN_2209,39323.53,8341.36,39323.53,39323.53,8341.36,1,0.95,0,0,0,0,CONSISTENT
SYN_2210,77889.77,14609.64,77889.77,77889.77,14609.64,1,0.24,2,2,2,1,DATA_QUALITY_ISSUE
SYN_2211,61215.63,17536.63,61215.63,36729.38,35073.26,1,0.95,0,0,0,0,MULTIPLE_MISMATCH
SYN_2212,67496.78,14734.09,67496.78,67496.78,14734.09,1,0.95,0,0,0,0,CONSISTENT
SYN_2213,72493.57,21445.72,72493.57,72493.57,37923.32,1,0.95,0,0,0,0,EMI_MISMATCH
SYN_2214,87634.72,8798.08,87634.72,87634.72,20864.71,1,0.95,0,0,0,0,EMI_MISMATCH
SYN_2215,74686.96,15309.68,74686.96,74686.96,15309.68,1,0.95,0,0,0,0,CONSISTENT
SYN_2216,48843.9,8960.6,48843.9,48843.9,8960.6,1,0.95,0,0,0,0,CONSISTENT
SYN_2217,66988.49,19214.24,66988.49,66988.49,19214.24,0,0.95,0,0,0,0,EMPLOYMENT_MISMATCH
SYN_2218,78166.86,18426.4,78166.86,78166.86,18426.4,1,0.95,0,0,0,0,CONSISTENT
SYN_2219,51843.9,17950.41,51843.9,51843.9,17950.41,1,0.95,0,0,0,0,CONSISTENT
SYN_2220,83507.76,13402.17,83507.76,83507.76,13402.17,1,0.95,0,0,0,0,CONSISTENT
SYN_2221,79091.95,22357.0,79091.95,79091.95,22357.0,1,0.95,0,0,0,0,CONSISTENT
SYN_2222,86909.86,28503.66,86909.86,86909.86,28503.66,1,0.32,2,3,2,1,DATA_QUALITY_ISSUE
SYN_2223,78468.87,25531.53,78468.87,78468.87,25531.53,1,0.18,1,2,1,1,DATA_QUALITY_ISSUE
SYN_2224,73723.9,9235.55,73723.9,73723.9,9235.55,1,0.19,1,3,2,1,DATA_QUALITY_ISSUE
SYN_2225,89125.45,20556.18,89125.45,89125.45,20556.18,1,0.95,0,0,0,0,CONSISTENT
SYN_2226,92646.84,12869.76,92646.84,92646.84,12869.76,0,0.95,0,0,0,0,EMPLOYMENT_MISMATCH
SYN_2227,60029.46,12298.74,60029.46,60029.46,12298.74,1,0.95,0,0,0,0,CONSISTENT
SYN_2228,74615.9,8125.34,74615.9,74615.9,8125.34,1,0.95,0,0,0,0,CONSISTENT
SYN_2229,76342.83,25596.52,76342.83,76342.83,25596.52,1,0.95,0,0,0,0,CONSISTENT
SYN_2230,76008.05,13064.83,76008.05,45604.83,26129.66,1,0.95,0,0,0,0,MULTIPLE_MISMATCH
SYN_2231,58732.31,6200.26,58732.31,58732.31,6200.26,1,0.95,0,0,0,0,CONSISTENT
SYN_2232,71687.22,17099.71,71687.22,43012.33,34199.42,1,0.95,0,0,0,0,MULTIPLE_MISMATCH
SYN_2233,78212.92,21329.71,78212.92,78212.92,48780.38,1,0.95,0,0,0,0,EMI_MISMATCH
SYN_2234,83308.36,15831.97,83308.36,83308.36,15831.97,1,0.95,0,0,0,0,CONSISTENT
SYN_2235,92013.71,10314.64,92013.71,92013.71,10314.64,1,0.14,1,1,1,1,DATA_QUALITY_ISSUE
SYN_2236,72717.89,15585.56,72717.89,72717.89,15585.56,1,0.35,1,2,1,1,DATA_QUALITY_ISSUE
SYN_2237,93246.9,9849.3,93246.9,93246.9,9849.3,1,0.95,0,0,0,0,CONSISTENT
SYN_2238,39110.88,11550.97,39110.88,27534.6,11550.97,1,0.95,0,0,0,0,SALARY_MISMATCH
SYN_2239,96514.65,22713.16,96514.65,96514.65,41426.43,1,0.95,0,0,0,0,EMI_MISMATCH
SYN_2240,79271.32,25516.71,79271.32,79271.32,25516.71,1,0.95,0,0,0,0,CONSISTENT
SYN_2241,78349.54,21040.61,78349.54,58078.82,21040.61,1,0.95,0,0,0,0,SALARY_MISMATCH
SYN_2242,89752.23,17906.8,89752.23,89752.23,36057.73,1,0.95,0,0,0,0,EMI_MISMATCH
SYN_2243,54273.45,6725.7,54273.45,32564.07,13451.4,1,0.95,0,0,0,0,MULTIPLE_MISMATCH
SYN_2244,51592.53,6333.45,51592.53,51592.53,6333.45,1,0.29,1,3,2,1,DATA_QUALITY_ISSUE
SYN_2245,45409.18,7812.68,45409.18,45409.18,7812.68,1,0.18,1,1,2,1,DATA_QUALITY_ISSUE
SYN_2246,88004.8,23236.48,88004.8,52802.88,46472.96,1,0.95,0,0,0,0,MULTIPLE_MISMATCH
SYN_2247,119031.09,39251.64,119031.09,71418.65,78503.28,1,0.95,0,0,0,0,MULTIPLE_MISMATCH
SYN_2248,59581.14,12633.6,59581.14,35748.68,25267.2,1,0.95,0,0,0,0,MULTIPLE_MISMATCH
SYN_2249,51480.18,8840.01,51480.18,51480.18,8840.01,1,0.95,0,0,0,0,CONSISTENT
SYN_2250,52613.07,16587.1,52613.07,52613.07,16587.1,1,0.95,0,0,0,0,CONSISTENT
SYN_2251,60680.73,11294.29,60680.73,60680.73,11294.29,1,0.95,0,0,0,0,CONSISTENT
SYN_2252,82773.28,13863.98,82773.28,82773.28,13863.98,1,0.95,0,0,0,0,CONSISTENT
SYN_2253,71031.81,15334.84,71031.81,71031.81,15334.84,0,0.95,0,0,0,0,EMPLOYMENT_MISMATCH
SYN_2254,80486.4,25626.37,80486.4,58661.68,25626.37,1,0.95,0,0,0,0,SALARY_MISMATCH
SYN_2255,88623.33,9073.68,88623.33,55023.3,9073.68,1,0.95,0,0,0,0,SALARY_MISMATCH
SYN_2256,81696.74,23289.96,81696.74,81696.74,23289.96,1,0.26,1,1,1,1,DATA_QUALITY_ISSUE
SYN_2257,99771.67,30511.89,99771.67,99771.67,30511.89,1,0.95,0,0,0,0,CONSISTENT
SYN_2258,74714.79,16581.43,74714.79,44828.87,33162.86,1,0.95,0,0,0,0,MULTIPLE_MISMATCH
SYN_2259,74645.37,10353.61,74645.37,74645.37,19357.56,1,0.95,0,0,0,0,EMI_MISMATCH
SYN_2260,62534.06,12874.83,62534.06,62534.06,12874.83,1,0.95,0,0,0,0,CONSISTENT
SYN_2261,71750.22,24774.12,71750.22,71750.22,55965.43,1,0.95,0,0,0,0,EMI_MISMATCH
SYN_2262,87408.23,22814.13,87408.23,46384.69,22814.13,1,0.95,0,0,0,0,SALARY_MISMATCH
SYN_2263,78513.3,20343.36,78513.3,47107.98,40686.72,1,0.95,0,0,0,0,MULTIPLE_MISMATCH
SYN_2264,75595.28,22674.1,75595.28,45357.17,45348.2,1,0.95,0,0,0,0,MULTIPLE_MISMATCH
SYN_2265,68067.14,14757.66,68067.14,68067.14,14757.66,1,0.95,0,0,0,0,CONSISTENT
SYN_2266,51022.56,16513.42,51022.56,51022.56,16513.42,1,0.95,0,0,0,0,CONSISTENT
SYN_2267,84612.25,19140.87,84612.25,64824.15,19140.87,1,0.95,0,0,0,0,SALARY_MISMATCH
SYN_2268,76197.76,14832.7,76197.76,76197.76,14832.7,1,0.95,0,0,0,0,CONSISTENT
SYN_2269,106599.91,23889.01,106599.91,63085.86,23889.01,1,0.95,0,0,0,0,SALARY_MISMATCH
SYN_2270,102544.56,25343.53,102544.56,102544.56,25343.53,1,0.22,1,3,2,1,DATA_QUALITY_ISSUE
SYN_2271,81624.94,15742.66,81624.94,51805.19,15742.66,1,0.95,0,0,0,0,SALARY_MISMATCH
SYN_2272,53494.05,8071.39,53494.05,29246.56,8071.39,1,0.95,0,0,0,0,SALARY_MISMATCH
SYN_2273,45531.96,4958.57,45531.96,27319.18,9917.14,1,0.95,0,0,0,0,MULTIPLE_MISMATCH
SYN_2274,52782.81,12590.94,52782.81,35240.56,12590.94,1,0.95,0,0,0,0,SALARY_MISMATCH
SYN_2275,66694.37,20187.23,66694.37,66694.37,20187.23,0,0.95,0,0,0,0,EMPLOYMENT_MISMATCH
SYN_2276,64188.99,8600.25,64188.99,64188.99,8600.25,1,0.25,2,3,1,1,DATA_QUALITY_ISSUE
SYN_2277,113790.87,15600.78,113790.87,113790.87,15600.78,1,0.95,0,0,0,0,CONSISTENT
SYN_2278,74878.46,24417.89,74878.46,74878.46,24417.89,1,0.95,0,0,0,0,CONSISTENT
SYN_2279,99048.47,20220.55,99048.47,99048.47,20220.55,1,0.29,1,1,1,1,DATA_QUALITY_ISSUE
SYN_2280,61422.23,12714.7,61422.23,61422.23,12714.7,1,0.95,0,0,0,0,CONSISTENT
SYN_2281,111618.33,38030.33,111618.33,111618.33,79463.26,1,0.95,0,0,0,0,EMI_MISMATCH
SYN_2282,81556.9,19846.9,81556.9,63481.46,19846.9,1,0.95,0,0,0,0,SALARY_MISMATCH
SYN_2283,58193.73,9640.28,58193.73,34916.24,19280.56,1,0.95,0,0,0,0,MULTIPLE_MISMATCH
SYN_2284,63677.01,18212.41,63677.01,41451.55,18212.41,1,0.95,0,0,0,0,SALARY_MISMATCH
SYN_2285,87752.8,15126.34,87752.8,87752.8,15126.34,1,0.95,0,0,0,0,CONSISTENT
SYN_2286,84318.82,17424.31,84318.82,84318.82,41628.76,1,0.95,0,0,0,0,EMI_MISMATCH
SYN_2287,104000.4,33367.22,104000.4,62400.24,66734.44,1,0.95,0,0,0,0,MULTIPLE_MISMATCH
SYN_2288,78851.26,14060.18,78851.26,57253.89,14060.18,1,0.95,0,0,0,0,SALARY_MISMATCH
SYN_2289,89864.37,25261.38,89864.37,89864.37,25261.38,1,0.95,0,0,0,0,CONSISTENT
SYN_2290,70469.53,10830.19,70469.53,42760.24,10830.19,1,0.95,0,0,0,0,SALARY_MISMATCH
SYN_2291,83265.26,13573.69,83265.26,83265.26,13573.69,1,0.95,0,0,0,0,CONSISTENT
SYN_2292,63997.77,12573.31,63997.77,50854.11,12573.31,1,0.95,0,0,0,0,SALARY_MISMATCH
SYN_2293,100377.52,20546.25,100377.52,100377.52,20546.25,1,0.95,0,0,0,0,CONSISTENT
SYN_2294,98178.57,11141.61,98178.57,64303.42,11141.61,1,0.95,0,0,0,0,SALARY_MISMATCH
SYN_2295,56332.7,9174.2,56332.7,31099.69,9174.2,1,0.95,0,0,0,0,SALARY_MISMATCH
SYN_2296,81747.41,25640.43,81747.41,81747.41,25640.43,1,0.17,2,3,1,1,DATA_QUALITY_ISSUE
SYN_2297,66974.45,20192.99,66974.45,38574.75,20192.99,1,0.95,0,0,0,0,SALARY_MISMATCH
SYN_2298,79914.82,19786.53,79914.82,79914.82,19786.53,1,0.95,0,0,0,0,CONSISTENT
SYN_2299,88356.26,27532.59,88356.26,88356.26,27532.59,1,0.95,0,0,0,0,CONSISTENT
SYN_2300,76247.35,8331.01,76247.35,50367.16,8331.01,1,0.95,0,0,0,0,SALARY_MISMATCH
SYN_2301,63493.71,10771.2,63493.71,63493.71,10771.2,0,0.95,0,0,0,0,EMPLOYMENT_MISMATCH
SYN_2302,70241.85,13192.19,70241.85,70241.85,13192.19,0,0.95,0,0,0,0,EMPLOYMENT_MISMATCH
SYN_2303,61270.21,12803.15,61270.21,36762.13,25606.3,1,0.95,0,0,0,0,MULTIPLE_MISMATCH
SYN_2304,67634.96,7035.87,67634.96,36192.38,7035.87,1,0.95,0,0,0,0,SALARY_MISMATCH
SYN_2305,70170.83,23939.18,70170.83,70170.83,23939.18,1,0.95,0,0,0,0,CONSISTENT
SYN_2306,63224.85,16241.77,63224.85,38372.17,16241.77,1,0.95,0,0,0,0,SALARY_MISMATCH
SYN_2307,75004.57,16568.68,75004.57,75004.57,16568.68,1,0.95,0,0,0,0,CONSISTENT
SYN_2308,68468.6,19929.91,68468.6,68468.6,19929.91,1,0.95,0,0,0,0,CONSISTENT
SYN_2309,61258.65,14582.02,61258.65,44464.29,14582.02,1,0.95,0,0,0,0,SALARY_MISMATCH
SYN_2310,68734.08,10633.07,68734.08,68734.08,10633.07,1,0.95,0,0,0,0,CONSISTENT
SYN_2311,81747.45,20546.07,81747.45,43009.35,20546.07,1,0.95,0,0,0,0,SALARY_MISMATCH
SYN_2312,61042.22,15570.17,61042.22,61042.22,15570.17,1,0.95,0,0,0,0,CONSISTENT
SYN_2313,77464.69,13828.3,77464.69,77464.69,13828.3,1,0.95,0,0,0,0,CONSISTENT
SYN_2314,71071.04,11314.74,71071.04,48910.74,11314.74,1,0.95,0,0,0,0,SALARY_MISMATCH
SYN_2315,71365.34,14012.96,71365.34,71365.34,14012.96,1,0.95,0,0,0,0,CONSISTENT
SYN_2316,59149.97,18365.04,59149.97,39927.8,18365.04,1,0.95,0,0,0,0,SALARY_MISMATCH
SYN_2317,85042.15,15069.16,85042.15,85042.15,15069.16,1,0.95,0,0,0,0,CONSISTENT
SYN_2318,91871.52,27521.79,91871.52,91871.52,27521.79,1,0.95,0,0,0,0,CONSISTENT
SYN_2319,54840.47,13159.31,54840.47,54840.47,13159.31,0,0.95,0,0,0,0,EMPLOYMENT_MISMATCH
SYN_2320,60190.34,7262.97,60190.34,60190.34,7262.97,1,0.95,0,0,0,0,CONSISTENT
SYN_2321,75778.95,26375.66,75778.95,75778.95,26375.66,1,0.95,0,0,0,0,CONSISTENT
SYN_2322,54610.14,6297.9,54610.14,54610.14,12756.9,1,0.95,0,0,0,0,EMI_MISMATCH
SYN_2323,76840.92,15753.78,76840.92,52435.27,15753.78,1,0.95,0,0,0,0,SALARY_MISMATCH
SYN_2324,74779.51,15969.68,74779.51,74779.51,15969.68,1,0.95,0,0,0,0,CONSISTENT
SYN_2325,81955.17,25081.97,81955.17,81955.17,25081.97,1,0.95,0,0,0,0,CONSISTENT
SYN_2326,83220.32,25646.07,83220.32,83220.32,25646.07,0,0.95,0,0,0,0,EMPLOYMENT_MISMATCH
SYN_2327,103031.17,26720.94,103031.17,103031.17,26720.94,1,0.95,0,0,0,0,CONSISTENT
SYN_2328,67993.01,10611.3,67993.01,67993.01,10611.3,0,0.95,0,0,0,0,EMPLOYMENT_MISMATCH
SYN_2329,76776.04,10630.14,76776.04,76776.04,10630.14,1,0.95,0,0,0,0,CONSISTENT
SYN_2330,87302.47,28699.16,87302.47,87302.47,28699.16,0,0.95,0,0,0,0,EMPLOYMENT_MISMATCH
SYN_2331,43769.2,4456.5,43769.2,43769.2,4456.5,1,0.95,0,0,0,0,CONSISTENT
SYN_2332,85082.61,17629.95,85082.61,85082.61,17629.95,1,0.95,0,0,0,0,CONSISTENT
SYN_2333,68962.84,9907.38,68962.84,68962.84,9907.38,1,0.95,0,0,0,0,CONSISTENT
SYN_2334,56788.82,9912.42,56788.82,34073.29,19824.84,1,0.95,0,0,0,0,MULTIPLE_MISMATCH
SYN_2335,65071.53,21835.3,65071.53,65071.53,44265.09,1,0.95,0,0,0,0,EMI_MISMATCH
SYN_2336,75062.99,10473.66,75062.99,75062.99,10473.66,1,0.95,0,0,0,0,CONSISTENT
SYN_2337,74553.46,17361.37,74553.46,74553.46,17361.37,1,0.95,0,0,0,0,CONSISTENT
SYN_2338,73430.75,19961.68,73430.75,44058.45,39923.36,1,0.95,0,0,0,0,MULTIPLE_MISMATCH
SYN_2339,71555.23,10656.5,71555.23,71555.23,10656.5,1,0.95,0,0,0,0,CONSISTENT
SYN_2340,58117.82,17508.21,58117.82,58117.82,17508.21,1,0.95,0,0,0,0,CONSISTENT
SYN_2341,71271.82,24493.96,71271.82,71271.82,24493.96,1,0.95,0,0,0,0,CONSISTENT
SYN_2342,78464.13,22263.86,78464.13,78464.13,35855.58,1,0.95,0,0,0,0,EMI_MISMATCH
SYN_2343,81704.58,18430.0,81704.58,49022.75,36860.0,1,0.95,0,0,0,0,MULTIPLE_MISMATCH
SYN_2344,89864.39,9119.62,89864.39,89864.39,9119.62,0,0.95,0,0,0,0,EMPLOYMENT_MISMATCH
SYN_2345,68892.16,8754.29,68892.16,68892.16,16815.92,1,0.95,0,0,0,0,EMI_MISMATCH
SYN_2346,89828.08,11392.47,89828.08,89828.08,11392.47,0,0.95,0,0,0,0,EMPLOYMENT_MISMATCH
SYN_2347,80518.31,9317.83,80518.31,80518.31,9317.83,1,0.95,0,0,0,0,CONSISTENT
SYN_2348,68450.3,13116.05,68450.3,68450.3,29587.07,1,0.95,0,0,0,0,EMI_MISMATCH
SYN_2349,69860.6,21135.02,69860.6,69860.6,21135.02,1,0.18,1,2,1,1,DATA_QUALITY_ISSUE
SYN_2350,64327.34,10384.85,64327.34,64327.34,10384.85,1,0.27,2,2,1,1,DATA_QUALITY_ISSUE
SYN_2351,86424.32,27550.37,86424.32,86424.32,27550.37,1,0.95,0,0,0,0,CONSISTENT
SYN_2352,85940.29,20668.24,85940.29,85940.29,20668.24,1,0.95,0,0,0,0,CONSISTENT
SYN_2353,92107.41,13632.67,92107.41,92107.41,13632.67,1,0.95,0,0,0,0,CONSISTENT
SYN_2354,65447.36,17254.64,65447.36,65447.36,42344.51,1,0.95,0,0,0,0,EMI_MISMATCH
SYN_2355,77181.35,11322.13,77181.35,77181.35,11322.13,0,0.95,0,0,0,0,EMPLOYMENT_MISMATCH
SYN_2356,95959.41,22778.11,95959.41,67509.92,22778.11,1,0.95,0,0,0,0,SALARY_MISMATCH
SYN_2357,52730.47,7490.77,52730.47,52730.47,16433.59,1,0.95,0,0,0,0,EMI_MISMATCH
SYN_2358,64939.51,17653.36,64939.51,64939.51,33056.4,1,0.95,0,0,0,0,EMI_MISMATCH
SYN_2359,86547.55,18512.88,86547.55,86547.55,18512.88,1,0.95,0,0,0,0,CONSISTENT
SYN_2360,85959.89,16622.92,85959.89,85959.89,36602.79,1,0.95,0,0,0,0,EMI_MISMATCH
SYN_2361,76975.44,16523.89,76975.44,46185.26,33047.78,1,0.95,0,0,0,0,MULTIPLE_MISMATCH
SYN_2362,104552.07,28224.12,104552.07,104552.07,58105.83,1,0.95,0,0,0,0,EMI_MISMATCH
SYN_2363,66941.92,16113.13,66941.92,66941.92,24932.24,1,0.95,0,0,0,0,EMI_MISMATCH
SYN_2364,93585.17,15226.27,93585.17,93585.17,15226.27,1,0.95,0,0,0,0,CONSISTENT
SYN_2365,77884.97,18149.78,77884.97,77884.97,34526.5,1,0.95,0,0,0,0,EMI_MISMATCH
SYN_2366,92165.17,11943.55,92165.17,92165.17,11943.55,1,0.95,0,0,0,0,CONSISTENT
SYN_2367,73864.41,19563.83,73864.41,73864.41,19563.83,0,0.95,0,0,0,0,EMPLOYMENT_MISMATCH
SYN_2368,86637.29,10615.53,86637.29,86637.29,10615.53,1,0.33,2,1,2,1,DATA_QUALITY_ISSUE
SYN_2369,56129.7,17842.87,56129.7,56129.7,17842.87,1,0.95,0,0,0,0,CONSISTENT
SYN_2370,88187.07,15555.68,88187.07,57788.25,15555.68,1,0.95,0,0,0,0,SALARY_MISMATCH
SYN_2371,60310.5,21063.3,60310.5,60310.5,21063.3,1,0.95,0,0,0,0,CONSISTENT
SYN_2372,77450.41,14487.69,77450.41,55227.02,14487.69,1,0.95,0,0,0,0,SALARY_MISMATCH
SYN_2373,72432.65,20273.15,72432.65,72432.65,20273.15,1,0.95,0,0,0,0,CONSISTENT
SYN_2374,93710.78,29193.7,93710.78,93710.78,29193.7,1,0.95,0,0,0,0,CONSISTENT
SYN_2375,68026.11,12181.65,68026.11,68026.11,12181.65,0,0.95,0,0,0,0,EMPLOYMENT_MISMATCH
SYN_2376,69332.18,11384.89,69332.18,69332.18,11384.89,1,0.24,1,2,2,1,DATA_QUALITY_ISSUE
SYN_2377,77550.71,25738.33,77550.71,45934.62,25738.33,1,0.95,0,0,0,0,SALARY_MISMATCH
SYN_2378,74649.09,23136.83,74649.09,74649.09,23136.83,1,0.95,0,0,0,0,CONSISTENT
SYN_2379,60934.52,20437.94,60934.52,60934.52,20437.94,1,0.31,2,3,1,1,DATA_QUALITY_ISSUE
SYN_2380,54488.42,17063.95,54488.42,54488.42,17063.95,1,0.33,2,3,2,1,DATA_QUALITY_ISSUE
SYN_2381,67477.96,8971.37,67477.96,67477.96,8971.37,1,0.95,0,0,0,0,CONSISTENT
SYN_2382,75080.56,21617.19,75080.56,45048.34,43234.38,1,0.95,0,0,0,0,MULTIPLE_MISMATCH
SYN_2383,40590.88,11576.31,40590.88,29844.69,11576.31,1,0.95,0,0,0,0,SALARY_MISMATCH
SYN_2384,79539.41,22322.97,79539.41,79539.41,22322.97,0,0.95,0,0,0,0,EMPLOYMENT_MISMATCH
SYN_2385,69217.6,12645.93,69217.6,69217.6,12645.93,1,0.95,0,0,0,0,CONSISTENT
SYN_2386,43929.34,8010.0,43929.34,43929.34,8010.0,0,0.95,0,0,0,0,EMPLOYMENT_MISMATCH
SYN_2387,79083.55,12374.23,79083.55,79083.55,12374.23,1,0.95,0,0,0,0,CONSISTENT
SYN_2388,74140.94,15439.35,74140.94,74140.94,24255.6,1,0.95,0,0,0,0,EMI_MISMATCH
SYN_2389,76860.63,24443.72,76860.63,45092.68,24443.72,1,0.95,0,0,0,0,SALARY_MISMATCH
SYN_2390,103453.34,34568.04,103453.34,103453.34,34568.04,1,0.95,0,0,0,0,CONSISTENT
SYN_2391,95619.17,17314.57,95619.17,95619.17,17314.57,1,0.95,0,0,0,0,CONSISTENT
SYN_2392,80395.21,10761.28,80395.21,80395.21,10761.28,0,0.95,0,0,0,0,EMPLOYMENT_MISMATCH
SYN_2393,79716.67,12408.88,79716.67,79716.67,12408.88,1,0.95,0,0,0,0,CONSISTENT
SYN_2394,69615.62,23378.64,69615.62,69615.62,23378.64,0,0.95,0,0,0,0,EMPLOYMENT_MISMATCH
SYN_2395,44020.46,7988.5,44020.46,28291.8,7988.5,1,0.95,0,0,0,0,SALARY_MISMATCH
SYN_2396,106824.47,37014.45,106824.47,106824.47,90232.51,1,0.95,0,0,0,0,EMI_MISMATCH
SYN_2397,73771.58,19502.33,73771.58,44262.95,39004.66,1,0.95,0,0,0,0,MULTIPLE_MISMATCH
SYN_2398,89867.87,17815.2,89867.87,53920.72,35630.4,1,0.95,0,0,0,0,MULTIPLE_MISMATCH
SYN_2399,101632.36,28198.02,101632.36,101632.36,28198.02,1,0.39,1,1,2,1,DATA_QUALITY_ISSUE
SYN_2400,52812.06,8826.97,52812.06,38710.29,8826.97,1,0.95,0,0,0,0,SALARY_MISMATCH
SYN_2401,55944.57,12325.62,55944.57,55944.57,26097.7,1,0.95,0,0,0,0,EMI_MISMATCH
SYN_2402,92320.41,13810.5,92320.41,72793.92,13810.5,1,0.95,0,0,0,0,SALARY_MISMATCH
SYN_2403,66129.08,12484.04,66129.08,41142.16,12484.04,1,0.95,0,0,0,0,SALARY_MISMATCH
SYN_2404,98327.98,23209.83,98327.98,65195.48,23209.83,1,0.95,0,0,0,0,SALARY_MISMATCH
SYN_2405,74819.35,10645.0,74819.35,40240.89,10645.0,1,0.95,0,0,0,0,SALARY_MISMATCH
SYN_2406,58188.49,14619.13,58188.49,58188.49,14619.13,1,0.3,1,2,1,1,DATA_QUALITY_ISSUE
SYN_2407,72066.98,11151.83,72066.98,72066.98,11151.83,1,0.95,0,0,0,0,CONSISTENT
SYN_2408,82633.64,13985.7,82633.64,54577.14,13985.7,1,0.95,0,0,0,0,SALARY_MISMATCH
SYN_2409,69044.68,14472.45,69044.68,69044.68,14472.45,1,0.95,0,0,0,0,CONSISTENT
SYN_2410,65640.25,19210.32,65640.25,65640.25,19210.32,1,0.95,0,0,0,0,CONSISTENT
SYN_2411,90208.59,22333.69,90208.59,90208.59,54374.76,1,0.95,0,0,0,0,EMI_MISMATCH
SYN_2412,108475.32,12143.8,108475.32,108475.32,12143.8,1,0.95,0,0,0,0,CONSISTENT
SYN_2413,69068.3,18509.34,69068.3,69068.3,18509.34,1,0.95,0,0,0,0,CONSISTENT
SYN_2414,68809.81,23942.01,68809.81,39088.5,23942.01,1,0.95,0,0,0,0,SALARY_MISMATCH
SYN_2415,112870.76,35079.61,112870.76,112870.76,35079.61,1,0.95,0,0,0,0,CONSISTENT
SYN_2416,54051.43,8189.11,54051.43,40459.3,8189.11,1,0.95,0,0,0,0,SALARY_MISMATCH
SYN_2417,75291.87,15306.9,75291.87,57451.67,15306.9,1,0.95,0,0,0,0,SALARY_MISMATCH
SYN_2418,56870.92,18130.59,56870.92,56870.92,18130.59,1,0.95,0,0,0,0,CONSISTENT
SYN_2419,57849.9,15920.55,57849.9,45009.65,15920.55,1,0.95,0,0,0,0,SALARY_MISMATCH
SYN_2420,70147.93,11251.46,70147.93,70147.93,11251.46,1,0.95,0,0,0,0,CONSISTENT
SYN_2421,93803.25,16841.25,93803.25,93803.25,32864.4,1,0.95,0,0,0,0,EMI_MISMATCH
SYN_2422,100594.96,29924.13,100594.96,100594.96,29924.13,1,0.95,0,0,0,0,CONSISTENT
SYN_2423,39931.14,6901.94,39931.14,39931.14,16031.39,1,0.95,0,0,0,0,EMI_MISMATCH
SYN_2424,85673.85,19307.62,85673.85,56223.35,19307.62,1,0.95,0,0,0,0,SALARY_MISMATCH
SYN_2425,66916.57,8340.1,66916.57,48664.32,8340.1,1,0.95,0,0,0,0,SALARY_MISMATCH
SYN_2426,69806.82,7952.27,69806.82,69806.82,7952.27,1,0.95,0,0,0,0,CONSISTENT
SYN_2427,80653.27,14893.5,80653.27,80653.27,14893.5,0,0.95,0,0,0,0,EMPLOYMENT_MISMATCH
SYN_2428,59372.8,12089.5,59372.8,59372.8,12089.5,1,0.95,0,0,0,0,CONSISTENT
SYN_2429,75733.1,10208.06,75733.1,75733.1,10208.06,1,0.95,0,0,0,0,CONSISTENT
SYN_2430,93522.76,19826.25,93522.76,93522.76,19826.25,1,0.95,0,0,0,0,CONSISTENT
SYN_2431,78842.94,24295.63,78842.94,78842.94,24295.63,1,0.95,0,0,0,0,CONSISTENT
SYN_2432,49138.55,13721.64,49138.55,37492.97,13721.64,1,0.95,0,0,0,0,SALARY_MISMATCH
SYN_2433,84061.99,15907.41,84061.99,84061.99,15907.41,1,0.95,0,0,0,0,CONSISTENT
SYN_2434,85814.87,14214.64,85814.87,85814.87,14214.64,1,0.18,1,3,1,1,DATA_QUALITY_ISSUE
SYN_2435,92245.73,10256.61,92245.73,92245.73,18425.39,1,0.95,0,0,0,0,EMI_MISMATCH
SYN_2436,82397.55,11247.61,82397.55,82397.55,11247.61,1,0.95,0,0,0,0,CONSISTENT
SYN_2437,78358.9,20837.68,78358.9,78358.9,20837.68,1,0.95,0,0,0,0,CONSISTENT
SYN_2438,45802.12,12818.53,45802.12,45802.12,12818.53,1,0.95,0,0,0,0,CONSISTENT
SYN_2439,80330.07,8509.29,80330.07,80330.07,8509.29,1,0.95,0,0,0,0,CONSISTENT
SYN_2440,47860.98,9787.21,47860.98,47860.98,9787.21,1,0.95,0,0,0,0,CONSISTENT
SYN_2441,68167.99,21239.75,68167.99,68167.99,21239.75,1,0.32,2,2,1,1,DATA_QUALITY_ISSUE
SYN_2442,78674.36,17938.21,78674.36,78674.36,17938.21,1,0.95,0,0,0,0,CONSISTENT
SYN_2443,110539.31,37271.23,110539.31,85189.74,37271.23,1,0.95,0,0,0,0,SALARY_MISMATCH
SYN_2444,95931.51,28813.43,95931.51,57558.91,57626.86,1,0.95,0,0,0,0,MULTIPLE_MISMATCH
SYN_2445,70928.92,15871.34,70928.92,70928.92,15871.34,1,0.35,2,1,2,1,DATA_QUALITY_ISSUE
SYN_2446,68040.78,11097.69,68040.78,68040.78,11097.69,1,0.95,0,0,0,0,CONSISTENT
SYN_2447,68230.46,11341.03,68230.46,68230.46,11341.03,0,0.95,0,0,0,0,EMPLOYMENT_MISMATCH
SYN_2448,59731.33,16550.42,59731.33,59731.33,16550.42,1,0.95,0,0,0,0,CONSISTENT
SYN_2449,61267.84,18457.21,61267.84,61267.84,18457.21,1,0.95,0,0,0,0,CONSISTENT
SYN_2450,76896.89,20157.25,76896.89,76896.89,20157.25,1,0.95,0,0,0,0,CONSISTENT
SYN_2451,79592.02,20220.84,79592.02,79592.02,20220.84,0,0.95,0,0,0,0,EMPLOYMENT_MISMATCH
SYN_2452,71534.11,10414.21,71534.11,55989.05,10414.21,1,0.95,0,0,0,0,SALARY_MISMATCH
SYN_2453,65743.83,19882.15,65743.83,65743.83,19882.15,0,0.95,0,0,0,0,EMPLOYMENT_MISMATCH
SYN_2454,58347.17,17005.05,58347.17,58347.17,33010.22,1,0.95,0,0,0,0,EMI_MISMATCH
SYN_2455,55712.04,14383.14,55712.04,55712.04,14383.14,0,0.95,0,0,0,0,EMPLOYMENT_MISMATCH
SYN_2456,67417.65,11976.76,67417.65,67417.65,11976.76,1,0.24,2,1,1,1,DATA_QUALITY_ISSUE
SYN_2457,80616.62,25319.37,80616.62,48369.97,50638.74,1,0.95,0,0,0,0,MULTIPLE_MISMATCH
SYN_2458,88518.1,16547.08,88518.1,88518.1,16547.08,1,0.95,0,0,0,0,CONSISTENT
SYN_2459,82974.98,11671.51,82974.98,49784.99,23343.02,1,0.95,0,0,0,0,MULTIPLE_MISMATCH
SYN_2460,81849.0,22237.71,81849.0,49109.4,44475.42,1,0.95,0,0,0,0,MULTIPLE_MISMATCH
SYN_2461,70574.59,10480.22,70574.59,41318.3,10480.22,1,0.95,0,0,0,0,SALARY_MISMATCH
SYN_2462,93098.81,21676.45,93098.81,69048.99,21676.45,1,0.95,0,0,0,0,SALARY_MISMATCH
SYN_2463,96109.5,14218.76,96109.5,96109.5,14218.76,0,0.95,0,0,0,0,EMPLOYMENT_MISMATCH
SYN_2464,81117.15,25828.39,81117.15,81117.15,25828.39,1,0.95,0,0,0,0,CONSISTENT
SYN_2465,87243.33,17654.73,87243.33,87243.33,17654.73,1,0.95,0,0,0,0,CONSISTENT
SYN_2466,59121.48,10316.4,59121.48,35472.89,20632.8,1,0.95,0,0,0,0,MULTIPLE_MISMATCH
SYN_2467,85076.14,16503.46,85076.14,85076.14,16503.46,1,0.95,0,0,0,0,CONSISTENT
SYN_2468,49273.2,15725.52,49273.2,38124.92,15725.52,1,0.95,0,0,0,0,SALARY_MISMATCH
SYN_2469,109331.86,36875.24,109331.86,109331.86,36875.24,1,0.95,0,0,0,0,CONSISTENT
SYN_2470,48551.45,7712.49,48551.45,48551.45,7712.49,1,0.32,2,3,1,1,DATA_QUALITY_ISSUE
SYN_2471,58857.51,13633.16,58857.51,58857.51,13633.16,0,0.95,0,0,0,0,EMPLOYMENT_MISMATCH
SYN_2472,76723.89,11131.79,76723.89,76723.89,11131.79,1,0.95,0,0,0,0,CONSISTENT
SYN_2473,71068.23,17707.19,71068.23,42640.94,35414.38,1,0.95,0,0,0,0,MULTIPLE_MISMATCH
SYN_2474,73210.19,20164.17,73210.19,73210.19,20164.17,1,0.95,0,0,0,0,CONSISTENT
SYN_2475,72664.07,23553.54,72664.07,72664.07,23553.54,1,0.95,0,0,0,0,CONSISTENT
SYN_2476,69712.07,20393.07,69712.07,69712.07,33476.29,1,0.95,0,0,0,0,EMI_MISMATCH
SYN_2477,52214.85,18068.86,52214.85,31328.91,36137.72,1,0.95,0,0,0,0,MULTIPLE_MISMATCH
SYN_2478,96203.24,33637.42,96203.24,96203.24,33637.42,1,0.95,0,0,0,0,CONSISTENT
SYN_2479,64788.34,10905.97,64788.34,64788.34,26443.3,1,0.95,0,0,0,0,EMI_MISMATCH
SYN_2480,76360.98,20267.22,76360.98,76360.98,20267.22,1,0.95,0,0,0,0,CONSISTENT
SYN_2481,82661.68,22658.35,82661.68,82661.68,22658.35,1,0.15,2,2,2,1,DATA_QUALITY_ISSUE
SYN_2482,51140.08,8150.66,51140.08,51140.08,8150.66,1,0.95,0,0,0,0,CONSISTENT
SYN_2483,65914.8,22585.27,65914.8,65914.8,22585.27,1,0.95,0,0,0,0,CONSISTENT
SYN_2484,74519.36,13472.99,74519.36,74519.36,13472.99,0,0.95,0,0,0,0,EMPLOYMENT_MISMATCH
SYN_2485,106669.45,14570.33,106669.45,106669.45,14570.33,1,0.95,0,0,0,0,CONSISTENT
SYN_2486,62091.52,19550.05,62091.52,62091.52,19550.05,1,0.95,0,0,0,0,CONSISTENT
SYN_2487,89222.14,23714.08,89222.14,89222.14,23714.08,1,0.95,0,0,0,0,CONSISTENT
SYN_2488,70410.68,19076.01,70410.68,70410.68,19076.01,1,0.95,0,0,0,0,CONSISTENT
SYN_2489,73569.88,22313.42,73569.88,73569.88,22313.42,1,0.95,0,0,0,0,CONSISTENT
SYN_2490,100954.83,33461.19,100954.83,100954.83,33461.19,1,0.37,1,1,1,1,DATA_QUALITY_ISSUE
SYN_2491,65843.82,9361.37,65843.82,65843.82,9361.37,1,0.95,0,0,0,0,CONSISTENT
SYN_2492,80437.97,19986.3,80437.97,80437.97,19986.3,1,0.95,0,0,0,0,CONSISTENT
SYN_2493,64100.39,12397.57,64100.39,64100.39,27135.4,1,0.95,0,0,0,0,EMI_MISMATCH
SYN_2494,72324.06,10128.92,72324.06,72324.06,15272.22,1,0.95,0,0,0,0,EMI_MISMATCH
SYN_2495,109057.42,18977.73,109057.42,109057.42,18977.73,0,0.95,0,0,0,0,EMPLOYMENT_MISMATCH
SYN_2496,75807.47,10789.9,75807.47,75807.47,10789.9,0,0.95,0,0,0,0,EMPLOYMENT_MISMATCH
SYN_2497,102999.38,15701.62,102999.38,61799.63,31403.24,1,0.95,0,0,0,0,MULTIPLE_MISMATCH
SYN_2498,98980.36,21397.69,98980.36,98980.36,21397.69,1,0.95,0,0,0,0,CONSISTENT
SYN_2499,75532.47,25493.51,75532.47,75532.47,42814.95,1,0.95,0,0,0,0,EMI_MISMATCH
SYN_2500,80627.5,8857.12,80627.5,80627.5,8857.12,1,0.95,0,0,0,0,CONSISTENT
SYN_2501,68517.21,20940.88,68517.21,68517.21,35991.93,1,0.95,0,0,0,0,EMI_MISMATCH
SYN_2502,63112.94,16445.8,63112.94,63112.94,16445.8,1,0.95,0,0,0,0,CONSISTENT
SYN_2503,64414.97,14342.76,64414.97,64414.97,14342.76,1,0.95,0,0,0,0,CONSISTENT
SYN_2504,62833.39,19356.42,62833.39,62833.39,19356.42,1,0.19,2,1,2,1,DATA_QUALITY_ISSUE
SYN_2505,68061.79,19217.69,68061.79,68061.79,19217.69,1,0.39,2,1,1,1,DATA_QUALITY_ISSUE
SYN_2506,59050.84,12081.56,59050.84,35430.5,24163.12,1,0.95,0,0,0,0,MULTIPLE_MISMATCH
SYN_2507,93912.74,10184.58,93912.74,63667.84,10184.58,1,0.95,0,0,0,0,SALARY_MISMATCH
SYN_2508,84249.96,15711.55,84249.96,84249.96,15711.55,1,0.95,0,0,0,0,CONSISTENT
SYN_2509,44261.91,5614.19,44261.91,44261.91,5614.19,1,0.95,0,0,0,0,CONSISTENT
SYN_2510,69266.22,7505.65,69266.22,69266.22,7505.65,1,0.95,0,0,0,0,CONSISTENT
SYN_2511,95855.0,29396.99,95855.0,51002.14,29396.99,1,0.95,0,0,0,0,SALARY_MISMATCH
SYN_2512,94738.31,25984.14,94738.31,64047.47,25984.14,1,0.95,0,0,0,0,SALARY_MISMATCH
SYN_2513,78125.73,18242.9,78125.73,46875.44,36485.8,1,0.95,0,0,0,0,MULTIPLE_MISMATCH
SYN_2514,67989.21,12582.68,67989.21,67989.21,12582.68,1,0.95,0,0,0,0,CONSISTENT
SYN_2515,74854.52,22919.02,74854.52,74854.52,43595.56,1,0.95,0,0,0,0,EMI_MISMATCH
SYN_2516,89874.71,10369.42,89874.71,89874.71,10369.42,1,0.95,0,0,0,0,CONSISTENT
SYN_2517,52009.74,14535.9,52009.74,52009.74,14535.9,1,0.95,0,0,0,0,CONSISTENT
SYN_2518,58071.14,6545.4,58071.14,58071.14,6545.4,0,0.95,0,0,0,0,EMPLOYMENT_MISMATCH
SYN_2519,80445.06,10950.89,80445.06,80445.06,10950.89,1,0.95,0,0,0,0,CONSISTENT
SYN_2520,49183.84,16523.17,49183.84,49183.84,16523.17,1,0.95,0,0,0,0,CONSISTENT
SYN_2521,69623.95,13152.35,69623.95,41774.37,26304.7,1,0.95,0,0,0,0,MULTIPLE_MISMATCH
SYN_2522,56625.0,12885.2,56625.0,56625.0,12885.2,0,0.95,0,0,0,0,EMPLOYMENT_MISMATCH
SYN_2523,65397.68,10838.43,65397.68,65397.68,10838.43,1,0.95,0,0,0,0,CONSISTENT
SYN_2524,97256.16,21828.09,97256.16,97256.16,21828.09,1,0.95,0,0,0,0,CONSISTENT
SYN_2525,66571.05,6976.2,66571.05,66571.05,6976.2,1,0.95,0,0,0,0,CONSISTENT
SYN_2526,53566.43,7645.87,53566.43,53566.43,7645.87,0,0.95,0,0,0,0,EMPLOYMENT_MISMATCH
SYN_2527,92838.4,28172.49,92838.4,92838.4,28172.49,1,0.95,0,0,0,0,CONSISTENT
SYN_2528,85008.68,12865.39,85008.68,61305.57,12865.39,1,0.95,0,0,0,0,SALARY_MISMATCH
SYN_2529,80563.63,10158.5,80563.63,80563.63,25220.39,1,0.95,0,0,0,0,EMI_MISMATCH
SYN_2530,71500.67,19446.37,71500.67,42900.4,38892.74,1,0.95,0,0,0,0,MULTIPLE_MISMATCH
SYN_2531,62302.53,13117.11,62302.53,62302.53,13117.11,1,0.12,2,1,1,1,DATA_QUALITY_ISSUE
SYN_2532,84119.21,20244.15,84119.21,84119.21,20244.15,1,0.95,0,0,0,0,CONSISTENT
SYN_2533,52710.05,18376.38,52710.05,31626.03,36752.76,1,0.95,0,0,0,0,MULTIPLE_MISMATCH
SYN_2534,68904.44,21420.31,68904.44,68904.44,21420.31,1,0.31,2,3,1,1,DATA_QUALITY_ISSUE
SYN_2535,74339.92,7835.93,74339.92,74339.92,7835.93,1,0.95,0,0,0,0,CONSISTENT
SYN_2536,69892.32,15744.07,69892.32,41690.68,15744.07,1,0.95,0,0,0,0,SALARY_MISMATCH
SYN_2537,97575.93,28843.34,97575.93,97575.93,28843.34,1,0.95,0,0,0,0,CONSISTENT
SYN_2538,58799.96,14550.56,58799.96,32938.85,14550.56,1,0.95,0,0,0,0,SALARY_MISMATCH
SYN_2539,67585.42,10558.31,67585.42,67585.42,10558.31,1,0.95,0,0,0,0,CONSISTENT
SYN_2540,65000.57,15643.83,65000.57,50926.92,15643.83,1,0.95,0,0,0,0,SALARY_MISMATCH
SYN_2541,91526.07,21971.78,91526.07,91526.07,21971.78,1,0.95,0,0,0,0,CONSISTENT
SYN_2542,82379.9,13645.21,82379.9,82379.9,13645.21,1,0.95,0,0,0,0,CONSISTENT
SYN_2543,91093.94,10191.54,91093.94,91093.94,10191.54,1,0.95,0,0,0,0,CONSISTENT
SYN_2544,62199.01,17201.64,62199.01,62199.01,17201.64,1,0.95,0,0,0,0,CONSISTENT
SYN_2545,102780.6,20246.55,102780.6,102780.6,20246.55,0,0.95,0,0,0,0,EMPLOYMENT_MISMATCH
SYN_2546,68733.25,13714.85,68733.25,68733.25,13714.85,1,0.95,0,0,0,0,CONSISTENT
SYN_2547,43974.36,9985.61,43974.36,43974.36,15217.82,1,0.95,0,0,0,0,EMI_MISMATCH
SYN_2548,76340.93,23281.47,76340.93,76340.93,23281.47,1,0.95,0,0,0,0,CONSISTENT
SYN_2549,48518.57,8467.01,48518.57,48518.57,15944.24,1,0.95,0,0,0,0,EMI_MISMATCH
SYN_2550,68898.37,23549.69,68898.37,41339.02,47099.38,1,0.95,0,0,0,0,MULTIPLE_MISMATCH
SYN_2551,91253.75,18864.55,91253.75,60738.99,18864.55,1,0.95,0,0,0,0,SALARY_MISMATCH
SYN_2552,69998.09,20010.75,69998.09,69998.09,20010.75,1,0.95,0,0,0,0,CONSISTENT
SYN_2553,83565.47,12848.29,83565.47,59723.46,12848.29,1,0.95,0,0,0,0,SALARY_MISMATCH
SYN_2554,84428.99,15748.27,84428.99,50657.39,31496.54,1,0.95,0,0,0,0,MULTIPLE_MISMATCH
SYN_2555,74938.91,14096.62,74938.91,74938.91,14096.62,1,0.95,0,0,0,0,CONSISTENT
SYN_2556,74381.11,10934.79,74381.11,74381.11,25802.45,1,0.95,0,0,0,0,EMI_MISMATCH
SYN_2557,73365.07,16486.07,73365.07,73365.07,16486.07,1,0.95,0,0,0,0,CONSISTENT
SYN_2558,51808.62,8702.04,51808.62,51808.62,8702.04,1,0.95,0,0,0,0,CONSISTENT
SYN_2559,89076.23,19203.24,89076.23,89076.23,19203.24,1,0.95,0,0,0,0,CONSISTENT
SYN_2560,86385.49,24532.08,86385.49,86385.49,24532.08,0,0.95,0,0,0,0,EMPLOYMENT_MISMATCH
SYN_2561,66588.08,8750.69,66588.08,66588.08,8750.69,1,0.95,0,0,0,0,CONSISTENT
SYN_2562,67079.08,19254.41,67079.08,67079.08,19254.41,1,0.95,0,0,0,0,CONSISTENT
SYN_2563,85559.49,21488.54,85559.49,60397.3,21488.54,1,0.95,0,0,0,0,SALARY_MISMATCH
SYN_2564,87132.31,15504.71,87132.31,87132.31,15504.71,1,0.95,0,0,0,0,CONSISTENT
SYN_2565,81673.44,13585.76,81673.44,81673.44,29725.14,1,0.95,0,0,0,0,EMI_MISMATCH
SYN_2566,87760.79,15507.21,87760.79,87760.79,15507.21,0,0.95,0,0,0,0,EMPLOYMENT_MISMATCH
SYN_2567,72068.37,9125.33,72068.37,72068.37,9125.33,1,0.95,0,0,0,0,CONSISTENT
SYN_2568,83194.98,24302.66,83194.98,47129.47,24302.66,1,0.95,0,0,0,0,SALARY_MISMATCH
SYN_2569,79990.79,26502.24,79990.79,79990.79,26502.24,1,0.95,0,0,0,0,CONSISTENT
SYN_2570,55002.78,18850.2,55002.78,55002.78,18850.2,1,0.95,0,0,0,0,CONSISTENT
SYN_2571,71289.96,18429.44,71289.96,71289.96,18429.44,1,0.33,2,3,1,1,DATA_QUALITY_ISSUE
SYN_2572,79998.46,24452.25,79998.46,46511.72,24452.25,1,0.95,0,0,0,0,SALARY_MISMATCH
SYN_2573,80427.85,18385.88,80427.85,80427.85,18385.88,1,0.95,0,0,0,0,CONSISTENT
SYN_2574,104469.82,11357.97,104469.82,104469.82,11357.97,1,0.95,0,0,0,0,CONSISTENT
SYN_2575,73788.27,8342.6,73788.27,39009.14,8342.6,1,0.95,0,0,0,0,SALARY_MISMATCH
SYN_2576,66867.05,17504.31,66867.05,66867.05,26835.02,1,0.95,0,0,0,0,EMI_MISMATCH
SYN_2577,76322.03,18786.22,76322.03,76322.03,18786.22,1,0.95,0,0,0,0,CONSISTENT
SYN_2578,72882.82,16181.75,72882.82,72882.82,16181.75,1,0.95,0,0,0,0,CONSISTENT
SYN_2579,62408.51,9937.4,62408.51,62408.51,9937.4,0,0.95,0,0,0,0,EMPLOYMENT_MISMATCH
SYN_2580,69033.57,23669.61,69033.57,69033.57,23669.61,0,0.95,0,0,0,0,EMPLOYMENT_MISMATCH
SYN_2581,65372.06,11518.77,65372.06,37716.17,11518.77,1,0.95,0,0,0,0,SALARY_MISMATCH
SYN_2582,48533.91,5044.32,48533.91,48533.91,8875.74,1,0.95,0,0,0,0,EMI_MISMATCH
SYN_2583,85174.3,24804.59,85174.3,85174.3,37756.47,1,0.95,0,0,0,0,EMI_MISMATCH
SYN_2584,69436.15,11711.93,69436.15,48229.91,11711.93,1,0.95,0,0,0,0,SALARY_MISMATCH
SYN_2585,73855.94,25747.11,73855.94,73855.94,25747.11,0,0.95,0,0,0,0,EMPLOYMENT_MISMATCH
SYN_2586,91886.56,29453.47,91886.56,91886.56,29453.47,1,0.27,1,1,2,1,DATA_QUALITY_ISSUE
SYN_2587,87580.07,21974.54,87580.07,87580.07,21974.54,1,0.95,0,0,0,0,CONSISTENT
SYN_2588,60579.15,6815.49,60579.15,60579.15,6815.49,1,0.15,2,3,1,1,DATA_QUALITY_ISSUE
SYN_2589,80137.78,27879.82,80137.78,80137.78,27879.82,0,0.95,0,0,0,0,EMPLOYMENT_MISMATCH
SYN_2590,79451.23,22052.55,79451.23,79451.23,22052.55,1,0.95,0,0,0,0,CONSISTENT
SYN_2591,91592.8,17577.99,91592.8,91592.8,17577.99,1,0.95,0,0,0,0,CONSISTENT
SYN_2592,70556.26,15941.72,70556.26,70556.26,34210.16,1,0.95,0,0,0,0,EMI_MISMATCH
SYN_2593,76592.74,24184.71,76592.74,76592.74,24184.71,1,0.24,2,2,2,1,DATA_QUALITY_ISSUE
SYN_2594,65432.87,9070.52,65432.87,65432.87,9070.52,1,0.95,0,0,0,0,CONSISTENT
SYN_2595,88556.36,23589.41,88556.36,70269.26,23589.41,1,0.95,0,0,0,0,SALARY_MISMATCH
SYN_2596,44620.37,11643.11,44620.37,44620.37,11643.11,0,0.95,0,0,0,0,EMPLOYMENT_MISMATCH
SYN_2597,64444.54,17918.61,64444.54,64444.54,17918.61,1,0.95,0,0,0,0,CONSISTENT
SYN_2598,84614.26,12096.81,84614.26,84614.26,21310.04,1,0.95,0,0,0,0,EMI_MISMATCH
SYN_2599,96229.66,27290.84,96229.66,64702.16,27290.84,1,0.95,0,0,0,0,SALARY_MISMATCH
SYN_2600,68779.24,16552.92,68779.24,41267.54,33105.84,1,0.95,0,0,0,0,MULTIPLE_MISMATCH
SYN_2601,85611.82,16479.08,85611.82,85611.82,16479.08,1,0.18,1,3,2,1,DATA_QUALITY_ISSUE
SYN_2602,60986.36,17031.17,60986.36,60986.36,17031.17,1,0.95,0,0,0,0,CONSISTENT
SYN_2603,83984.95,23717.49,83984.95,83984.95,23717.49,1,0.95,0,0,0,0,CONSISTENT
SYN_2604,87800.23,24534.91,87800.23,87800.23,24534.91,1,0.95,0,0,0,0,CONSISTENT
SYN_2605,74117.51,10168.71,74117.51,74117.51,20931.11,1,0.95,0,0,0,0,EMI_MISMATCH
SYN_2606,71686.02,14184.51,71686.02,71686.02,14184.51,1,0.35,2,2,2,1,DATA_QUALITY_ISSUE
SYN_2607,72267.86,9933.91,72267.86,72267.86,9933.91,1,0.95,0,0,0,0,CONSISTENT
SYN_2608,99406.11,33495.81,99406.11,99406.11,33495.81,1,0.95,0,0,0,0,CONSISTENT
SYN_2609,70884.71,16714.97,70884.71,70884.71,16714.97,1,0.95,0,0,0,0,CONSISTENT
SYN_2610,83587.7,19264.36,83587.7,83587.7,19264.36,1,0.95,0,0,0,0,CONSISTENT
SYN_2611,81562.44,21352.39,81562.44,81562.44,46695.24,1,0.95,0,0,0,0,EMI_MISMATCH
SYN_2612,52911.45,9409.5,52911.45,52911.45,9409.5,0,0.95,0,0,0,0,EMPLOYMENT_MISMATCH
SYN_2613,73080.74,21685.4,73080.74,73080.74,45970.84,1,0.95,0,0,0,0,EMI_MISMATCH
SYN_2614,82630.05,25284.39,82630.05,82630.05,25284.39,1,0.95,0,0,0,0,CONSISTENT
SYN_2615,72735.71,9724.72,72735.71,72735.71,23472.26,1,0.95,0,0,0,0,EMI_MISMATCH
SYN_2616,62253.43,15083.24,62253.43,48460.05,15083.24,1,0.95,0,0,0,0,SALARY_MISMATCH
SYN_2617,92266.84,19441.78,92266.84,54948.67,19441.78,1,0.95,0,0,0,0,SALARY_MISMATCH
SYN_2618,66492.6,19974.47,66492.6,66492.6,19974.47,0,0.95,0,0,0,0,EMPLOYMENT_MISMATCH
SYN_2619,82937.75,8297.61,82937.75,82937.75,8297.61,0,0.95,0,0,0,0,EMPLOYMENT_MISMATCH
SYN_2620,80993.72,23034.68,80993.72,80993.72,23034.68,1,0.95,0,0,0,0,CONSISTENT
SYN_2621,66729.3,12291.41,66729.3,66729.3,25416.52,1,0.95,0,0,0,0,EMI_MISMATCH
SYN_2622,61412.86,20458.03,61412.86,36847.72,40916.06,1,0.95,0,0,0,0,MULTIPLE_MISMATCH
SYN_2623,73407.91,14493.94,73407.91,73407.91,14493.94,0,0.95,0,0,0,0,EMPLOYMENT_MISMATCH
SYN_2624,93258.61,23688.59,93258.61,93258.61,23688.59,1,0.95,0,0,0,0,CONSISTENT
SYN_2625,102080.16,21408.98,102080.16,102080.16,21408.98,1,0.95,0,0,0,0,CONSISTENT
SYN_2626,88036.26,22189.83,88036.26,88036.26,22189.83,1,0.17,1,2,1,1,DATA_QUALITY_ISSUE
SYN_2627,71886.23,13031.77,71886.23,71886.23,13031.77,1,0.95,0,0,0,0,CONSISTENT
SYN_2628,94819.74,28890.1,94819.74,50954.64,28890.1,1,0.95,0,0,0,0,SALARY_MISMATCH
SYN_2629,54898.13,10617.86,54898.13,32938.88,21235.72,1,0.95,0,0,0,0,MULTIPLE_MISMATCH
SYN_2630,67714.82,9753.54,67714.82,67714.82,9753.54,1,0.95,0,0,0,0,CONSISTENT
SYN_2631,91689.51,9904.98,91689.51,91689.51,21234.97,1,0.95,0,0,0,0,EMI_MISMATCH
SYN_2632,73933.2,21431.14,73933.2,73933.2,21431.14,0,0.95,0,0,0,0,EMPLOYMENT_MISMATCH
SYN_2633,79575.01,14575.29,79575.01,47745.01,29150.58,1,0.95,0,0,0,0,MULTIPLE_MISMATCH
SYN_2634,77449.29,8017.54,77449.29,38886.3,8017.54,1,0.95,0,0,0,0,SALARY_MISMATCH
SYN_2635,70880.34,10225.26,70880.34,70880.34,10225.26,1,0.95,0,0,0,0,CONSISTENT
SYN_2636,68141.72,22304.56,68141.72,68141.72,22304.56,1,0.95,0,0,0,0,CONSISTENT
SYN_2637,64663.32,21213.28,64663.32,64663.32,21213.28,1,0.95,0,0,0,0,CONSISTENT
SYN_2638,82015.35,21609.02,82015.35,49209.21,43218.04,1,0.95,0,0,0,0,MULTIPLE_MISMATCH
SYN_2639,56151.52,18160.08,56151.52,56151.52,32534.09,1,0.95,0,0,0,0,EMI_MISMATCH
SYN_2640,94338.05,11785.91,94338.05,94338.05,28544.95,1,0.95,0,0,0,0,EMI_MISMATCH
SYN_2641,79705.85,23196.26,79705.85,79705.85,23196.26,1,0.95,0,0,0,0,CONSISTENT
SYN_2642,52730.93,8333.25,52730.93,52730.93,12507.73,1,0.95,0,0,0,0,EMI_MISMATCH
SYN_2643,88646.75,17947.59,88646.75,88646.75,17947.59,0,0.95,0,0,0,0,EMPLOYMENT_MISMATCH
SYN_2644,73655.04,16151.26,73655.04,46718.45,16151.26,1,0.95,0,0,0,0,SALARY_MISMATCH
SYN_2645,45418.66,7473.17,45418.66,45418.66,7473.17,0,0.95,0,0,0,0,EMPLOYMENT_MISMATCH
SYN_2646,79320.43,19496.87,79320.43,79320.43,19496.87,1,0.95,0,0,0,0,CONSISTENT
SYN_2647,81173.49,21941.38,81173.49,81173.49,21941.38,1,0.95,0,0,0,0,CONSISTENT
SYN_2648,60878.95,13752.2,60878.95,60878.95,13752.2,0,0.95,0,0,0,0,EMPLOYMENT_MISMATCH
SYN_2649,53767.14,18589.25,53767.14,32260.28,37178.5,1,0.95,0,0,0,0,MULTIPLE_MISMATCH
SYN_2650,89668.08,13509.77,89668.08,89668.08,13509.77,1,0.95,0,0,0,0,CONSISTENT
SYN_2651,95280.59,25149.22,95280.59,61847.31,25149.22,1,0.95,0,0,0,0,SALARY_MISMATCH
SYN_2652,106491.11,26950.54,106491.11,106491.11,26950.54,1,0.95,0,0,0,0,CONSISTENT
SYN_2653,97376.73,15263.83,97376.73,97376.73,15263.83,0,0.95,0,0,0,0,EMPLOYMENT_MISMATCH
SYN_2654,67759.75,9510.37,67759.75,67759.75,9510.37,1,0.95,0,0,0,0,CONSISTENT
SYN_2655,79427.9,15544.52,79427.9,79427.9,15544.52,1,0.95,0,0,0,0,CONSISTENT
SYN_2656,79685.81,22328.29,79685.81,79685.81,38878.17,1,0.95,0,0,0,0,EMI_MISMATCH
SYN_2657,76198.73,26315.53,76198.73,76198.73,26315.53,1,0.95,0,0,0,0,CONSISTENT
SYN_2658,79813.95,22009.33,79813.95,79813.95,22009.33,1,0.95,0,0,0,0,CONSISTENT
SYN_2659,76282.7,13723.6,76282.7,76282.7,13723.6,1,0.95,0,0,0,0,CONSISTENT
SYN_2660,49264.38,8164.1,49264.38,49264.38,8164.1,1,0.95,0,0,0,0,CONSISTENT
SYN_2661,73907.13,9132.02,73907.13,73907.13,9132.02,1,0.95,0,0,0,0,CONSISTENT
SYN_2662,103339.18,12982.88,103339.18,103339.18,12982.88,1,0.95,0,0,0,0,CONSISTENT
SYN_2663,78309.46,8232.5,78309.46,78309.46,14401.74,1,0.95,0,0,0,0,EMI_MISMATCH
SYN_2664,69718.68,19495.63,69718.68,41831.21,38991.26,1,0.95,0,0,0,0,MULTIPLE_MISMATCH
SYN_2665,74567.25,23242.3,74567.25,74567.25,23242.3,1,0.95,0,0,0,0,CONSISTENT
SYN_2666,94952.39,25680.66,94952.39,94952.39,64034.77,1,0.95,0,0,0,0,EMI_MISMATCH
SYN_2667,64388.41,7073.9,64388.41,64388.41,7073.9,1,0.95,0,0,0,0,CONSISTENT
SYN_2668,108147.83,14038.36,108147.83,108147.83,14038.36,1,0.95,0,0,0,0,CONSISTENT
SYN_2669,99793.7,10774.15,99793.7,99793.7,21217.57,1,0.95,0,0,0,0,EMI_MISMATCH
SYN_2670,106166.66,21169.42,106166.66,106166.66,21169.42,1,0.29,2,2,1,1,DATA_QUALITY_ISSUE
SYN_2671,73958.65,10676.52,73958.65,44375.19,21353.04,1,0.95,0,0,0,0,MULTIPLE_MISMATCH
SYN_2672,93198.6,20843.81,93198.6,60297.59,20843.81,1,0.95,0,0,0,0,SALARY_MISMATCH
SYN_2673,63852.72,13316.27,63852.72,34438.09,13316.27,1,0.95,0,0,0,0,SALARY_MISMATCH
SYN_2674,54803.46,16584.48,54803.46,41015.89,16584.48,1,0.95,0,0,0,0,SALARY_MISMATCH
SYN_2675,67134.05,18032.75,67134.05,41715.87,18032.75,1,0.95,0,0,0,0,SALARY_MISMATCH
SYN_2676,75317.24,23982.38,75317.24,48093.85,23982.38,1,0.95,0,0,0,0,SALARY_MISMATCH
SYN_2677,72924.26,15029.62,72924.26,72924.26,15029.62,1,0.95,0,0,0,0,CONSISTENT
SYN_2678,51797.71,12200.14,51797.71,31078.63,24400.28,1,0.95,0,0,0,0,MULTIPLE_MISMATCH
SYN_2679,37183.7,7867.02,37183.7,37183.7,15033.26,1,0.95,0,0,0,0,EMI_MISMATCH
SYN_2680,55775.65,9069.73,55775.65,42797.58,9069.73,1,0.95,0,0,0,0,SALARY_MISMATCH
SYN_2681,74428.51,10933.75,74428.51,74428.51,10933.75,1,0.95,0,0,0,0,CONSISTENT
SYN_2682,71395.36,16421.28,71395.36,71395.36,16421.28,1,0.95,0,0,0,0,CONSISTENT
SYN_2683,73792.33,21097.76,73792.33,73792.33,52444.96,1,0.95,0,0,0,0,EMI_MISMATCH
SYN_2684,62198.39,10027.0,62198.39,62198.39,22225.38,1,0.95,0,0,0,0,EMI_MISMATCH
SYN_2685,82183.67,16999.78,82183.67,82183.67,41853.08,1,0.95,0,0,0,0,EMI_MISMATCH
SYN_2686,69103.46,18045.73,69103.46,69103.46,18045.73,0,0.95,0,0,0,0,EMPLOYMENT_MISMATCH
SYN_2687,87260.37,27295.2,87260.37,87260.37,27295.2,0,0.95,0,0,0,0,EMPLOYMENT_MISMATCH
SYN_2688,23619.55,7660.08,23619.55,23619.55,18313.92,1,0.95,0,0,0,0,EMI_MISMATCH
SYN_2689,75329.91,10665.05,75329.91,75329.91,10665.05,1,0.31,1,3,2,1,DATA_QUALITY_ISSUE
SYN_2690,103697.18,35387.48,103697.18,103697.18,35387.48,0,0.95,0,0,0,0,EMPLOYMENT_MISMATCH
SYN_2691,75515.0,20894.82,75515.0,75515.0,20894.82,1,0.95,0,0,0,0,CONSISTENT
SYN_2692,69562.51,10325.49,69562.51,69562.51,10325.49,0,0.95,0,0,0,0,EMPLOYMENT_MISMATCH
SYN_2693,43914.67,13838.74,43914.67,43914.67,13838.74,1,0.95,0,0,0,0,CONSISTENT
SYN_2694,77310.48,23185.0,77310.48,52121.64,23185.0,1,0.95,0,0,0,0,SALARY_MISMATCH
SYN_2695,89611.85,15112.42,89611.85,89611.85,15112.42,0,0.95,0,0,0,0,EMPLOYMENT_MISMATCH
SYN_2696,67622.71,10380.21,67622.71,43458.27,10380.21,1,0.95,0,0,0,0,SALARY_MISMATCH
SYN_2697,81605.31,28238.8,81605.31,81605.31,28238.8,1,0.95,0,0,0,0,CONSISTENT
SYN_2698,67185.47,18459.67,67185.47,67185.47,18459.67,1,0.95,0,0,0,0,CONSISTENT
SYN_2699,73448.06,24517.29,73448.06,73448.06,24517.29,1,0.95,0,0,0,0,CONSISTENT
SYN_2700,67656.44,16709.21,67656.44,67656.44,16709.21,1,0.95,0,0,0,0,CONSISTENT
SYN_2701,92302.54,24669.7,92302.54,72245.23,24669.7,1,0.95,0,0,0,0,SALARY_MISMATCH
SYN_2702,92438.61,10213.84,92438.61,55463.17,20427.68,1,0.95,0,0,0,0,MULTIPLE_MISMATCH
SYN_2703,50760.35,10803.54,50760.35,31230.72,10803.54,1,0.95,0,0,0,0,SALARY_MISMATCH
SYN_2704,61971.05,21368.58,61971.05,32633.33,21368.58,1,0.95,0,0,0,0,SALARY_MISMATCH
SYN_2705,109849.0,33783.59,109849.0,109849.0,33783.59,1,0.21,2,2,2,1,DATA_QUALITY_ISSUE
SYN_2706,69434.15,23009.25,69434.15,69434.15,23009.25,1,0.95,0,0,0,0,CONSISTENT
SYN_2707,61667.1,15711.13,61667.1,37000.26,31422.26,1,0.95,0,0,0,0,MULTIPLE_MISMATCH
SYN_2708,72603.77,16741.94,72603.77,72603.77,16741.94,1,0.95,0,0,0,0,CONSISTENT
SYN_2709,92103.76,20355.83,92103.76,92103.76,20355.83,1,0.95,0,0,0,0,CONSISTENT
SYN_2710,57296.52,18250.43,57296.52,57296.52,18250.43,1,0.21,2,2,1,1,DATA_QUALITY_ISSUE
SYN_2711,65691.83,12612.59,65691.83,65691.83,12612.59,0,0.95,0,0,0,0,EMPLOYMENT_MISMATCH
SYN_2712,87907.19,24470.33,87907.19,87907.19,24470.33,1,0.95,0,0,0,0,CONSISTENT
SYN_2713,59480.72,10372.65,59480.72,59480.72,10372.65,1,0.95,0,0,0,0,CONSISTENT
SYN_2714,102299.08,15160.8,102299.08,102299.08,15160.8,1,0.22,2,3,2,1,DATA_QUALITY_ISSUE
SYN_2715,85922.59,12690.97,85922.59,57211.77,12690.97,1,0.95,0,0,0,0,SALARY_MISMATCH
SYN_2716,60310.21,20439.45,60310.21,60310.21,20439.45,1,0.95,0,0,0,0,CONSISTENT
SYN_2717,65549.27,13340.39,65549.27,65549.27,13340.39,1,0.95,0,0,0,0,CONSISTENT
SYN_2718,63987.57,14258.82,63987.57,63987.57,14258.82,1,0.95,0,0,0,0,CONSISTENT
SYN_2719,84415.21,10319.83,84415.21,50649.13,20639.66,1,0.95,0,0,0,0,MULTIPLE_MISMATCH
SYN_2720,99969.63,14156.06,99969.63,99969.63,32365.95,1,0.95,0,0,0,0,EMI_MISMATCH
SYN_2721,47826.12,15051.05,47826.12,47826.12,15051.05,1,0.95,0,0,0,0,CONSISTENT
SYN_2722,59925.36,14466.65,59925.36,59925.36,14466.65,1,0.95,0,0,0,0,CONSISTENT
SYN_2723,83326.35,17386.2,83326.35,83326.35,17386.2,1,0.95,0,0,0,0,CONSISTENT
SYN_2724,79209.56,26286.14,79209.56,51985.03,26286.14,1,0.95,0,0,0,0,SALARY_MISMATCH
SYN_2725,101187.88,12822.61,101187.88,75519.87,12822.61,1,0.95,0,0,0,0,SALARY_MISMATCH
SYN_2726,85840.12,10136.61,85840.12,63165.86,10136.61,1,0.95,0,0,0,0,SALARY_MISMATCH
SYN_2727,78937.54,25262.6,78937.54,78937.54,25262.6,1,0.95,0,0,0,0,CONSISTENT
SYN_2728,63237.54,21463.82,63237.54,37942.52,42927.64,1,0.95,0,0,0,0,MULTIPLE_MISMATCH
SYN_2729,67938.67,17010.97,67938.67,40763.2,34021.94,1,0.95,0,0,0,0,MULTIPLE_MISMATCH
SYN_2730,91817.82,17560.74,91817.82,91817.82,42224.34,1,0.95,0,0,0,0,EMI_MISMATCH
SYN_2731,76492.06,17086.42,76492.06,42339.84,17086.42,1,0.95,0,0,0,0,SALARY_MISMATCH
SYN_2732,74894.39,22730.76,74894.39,54901.94,22730.76,1,0.95,0,0,0,0,SALARY_MISMATCH
SYN_2733,59809.38,18871.12,59809.38,59809.38,18871.12,0,0.95,0,0,0,0,EMPLOYMENT_MISMATCH
SYN_2734,87856.95,13050.11,87856.95,52714.17,26100.22,1,0.95,0,0,0,0,MULTIPLE_MISMATCH
SYN_2735,106465.43,25162.12,106465.43,106465.43,25162.12,1,0.95,0,0,0,0,CONSISTENT
SYN_2736,83959.55,24043.98,83959.55,83959.55,24043.98,1,0.95,0,0,0,0,CONSISTENT
SYN_2737,75591.91,16853.43,75591.91,41691.72,16853.43,1,0.95,0,0,0,0,SALARY_MISMATCH
SYN_2738,108119.98,15105.79,108119.98,108119.98,15105.79,1,0.95,0,0,0,0,CONSISTENT
SYN_2739,84184.05,21260.23,84184.05,84184.05,21260.23,1,0.95,0,0,0,0,CONSISTENT
SYN_2740,51608.46,15401.48,51608.46,51608.46,15401.48,1,0.95,0,0,0,0,CONSISTENT
SYN_2741,63194.46,21138.36,63194.46,63194.46,21138.36,0,0.95,0,0,0,0,EMPLOYMENT_MISMATCH
SYN_2742,60326.02,16556.43,60326.02,36195.61,33112.86,1,0.95,0,0,0,0,MULTIPLE_MISMATCH
SYN_2743,97282.16,14286.16,97282.16,97282.16,14286.16,1,0.95,0,0,0,0,CONSISTENT
SYN_2744,44288.44,11083.47,44288.44,26493.92,11083.47,1,0.95,0,0,0,0,SALARY_MISMATCH
SYN_2745,67889.53,21022.96,67889.53,67889.53,21022.96,0,0.95,0,0,0,0,EMPLOYMENT_MISMATCH
SYN_2746,88723.85,27454.02,88723.85,88723.85,27454.02,1,0.95,0,0,0,0,CONSISTENT
SYN_2747,78436.42,17097.91,78436.42,78436.42,17097.91,1,0.95,0,0,0,0,CONSISTENT
SYN_2748,64890.79,12380.99,64890.79,64890.79,12380.99,1,0.19,1,2,1,1,DATA_QUALITY_ISSUE
SYN_2749,52411.85,7259.26,52411.85,52411.85,7259.26,1,0.95,0,0,0,0,CONSISTENT
SYN_2750,92833.01,15210.93,92833.01,92833.01,15210.93,1,0.95,0,0,0,0,CONSISTENT
SYN_2751,84530.72,15368.75,84530.72,84530.72,27506.03,1,0.95,0,0,0,0,EMI_MISMATCH
SYN_2752,69591.86,9479.33,69591.86,69591.86,9479.33,1,0.95,0,0,0,0,CONSISTENT
SYN_2753,70876.78,15255.73,70876.78,70876.78,23196.22,1,0.95,0,0,0,0,EMI_MISMATCH
SYN_2754,56848.9,13078.27,56848.9,56848.9,13078.27,1,0.95,0,0,0,0,CONSISTENT
SYN_2755,105142.37,32608.68,105142.37,105142.37,71173.17,1,0.95,0,0,0,0,EMI_MISMATCH
SYN_2756,59345.11,12785.46,59345.11,59345.11,12785.46,1,0.95,0,0,0,0,CONSISTENT
SYN_2757,74773.69,25396.24,74773.69,74773.69,25396.24,1,0.32,1,3,1,1,DATA_QUALITY_ISSUE
SYN_2758,44116.94,7111.54,44116.94,44116.94,7111.54,0,0.95,0,0,0,0,EMPLOYMENT_MISMATCH
SYN_2759,77571.15,13998.62,77571.15,77571.15,13998.62,1,0.95,0,0,0,0,CONSISTENT
SYN_2760,83806.47,8569.33,83806.47,83806.47,8569.33,1,0.95,0,0,0,0,CONSISTENT
SYN_2761,79665.23,11283.5,79665.23,79665.23,11283.5,1,0.95,0,0,0,0,CONSISTENT
SYN_2762,59932.37,14835.01,59932.37,35324.89,14835.01,1,0.95,0,0,0,0,SALARY_MISMATCH
SYN_2763,62035.72,18553.34,62035.72,62035.72,18553.34,1,0.95,0,0,0,0,CONSISTENT
SYN_2764,92034.31,19626.27,92034.31,60177.99,19626.27,1,0.95,0,0,0,0,SALARY_MISMATCH
SYN_2765,65880.1,15746.29,65880.1,65880.1,15746.29,0,0.95,0,0,0,0,EMPLOYMENT_MISMATCH
SYN_2766,69541.33,14646.99,69541.33,69541.33,14646.99,1,0.95,0,0,0,0,CONSISTENT
SYN_2767,110751.86,26142.98,110751.86,110751.86,58554.95,1,0.95,0,0,0,0,EMI_MISMATCH
SYN_2768,73253.93,17108.27,73253.93,73253.93,17108.27,0,0.95,0,0,0,0,EMPLOYMENT_MISMATCH
SYN_2769,72191.59,14668.66,72191.59,72191.59,33213.45,1,0.95,0,0,0,0,EMI_MISMATCH
SYN_2770,90489.86,10655.33,90489.86,90489.86,25488.74,1,0.95,0,0,0,0,EMI_MISMATCH
SYN_2771,87472.48,29590.0,87472.48,87472.48,29590.0,1,0.95,0,0,0,0,CONSISTENT
SYN_2772,86971.37,21674.5,86971.37,86971.37,21674.5,1,0.95,0,0,0,0,CONSISTENT
SYN_2773,65382.53,15735.19,65382.53,42087.53,15735.19,1,0.95,0,0,0,0,SALARY_MISMATCH
SYN_2774,71024.03,17977.77,71024.03,71024.03,17977.77,1,0.95,0,0,0,0,CONSISTENT
SYN_2775,79288.08,16045.35,79288.08,79288.08,16045.35,0,0.95,0,0,0,0,EMPLOYMENT_MISMATCH
SYN_2776,77827.3,24621.24,77827.3,77827.3,24621.24,1,0.19,1,3,1,1,DATA_QUALITY_ISSUE
SYN_2777,58899.93,15454.02,58899.93,30740.79,15454.02,1,0.95,0,0,0,0,SALARY_MISMATCH
SYN_2778,73617.04,20429.27,73617.04,73617.04,20429.27,1,0.95,0,0,0,0,CONSISTENT
SYN_2779,47046.66,4808.54,47046.66,47046.66,4808.54,1,0.95,0,0,0,0,CONSISTENT
SYN_2780,86821.76,29105.83,86821.76,86821.76,29105.83,1,0.95,0,0,0,0,CONSISTENT
SYN_2781,75098.26,17722.0,75098.26,46377.15,17722.0,1,0.95,0,0,0,0,SALARY_MISMATCH
SYN_2782,76968.68,12537.15,76968.68,76968.68,12537.15,1,0.95,0,0,0,0,CONSISTENT
SYN_2783,54474.56,8509.95,54474.56,54474.56,8509.95,1,0.95,0,0,0,0,CONSISTENT
SYN_2784,72324.5,15355.57,72324.5,72324.5,15355.57,1,0.95,0,0,0,0,CONSISTENT
SYN_2785,68352.48,9974.82,68352.48,68352.48,18741.17,1,0.95,0,0,0,0,EMI_MISMATCH
SYN_2786,86121.85,8824.49,86121.85,51673.11,17648.98,1,0.95,0,0,0,0,MULTIPLE_MISMATCH
SYN_2787,56391.96,10164.95,56391.96,56391.96,17534.03,1,0.95,0,0,0,0,EMI_MISMATCH
SYN_2788,73746.12,16258.69,73746.12,44247.67,32517.38,1,0.95,0,0,0,0,MULTIPLE_MISMATCH
SYN_2789,101005.96,22614.12,101005.96,101005.96,34325.37,1,0.95,0,0,0,0,EMI_MISMATCH
SYN_2790,92450.84,13494.89,92450.84,92450.84,13494.89,1,0.95,0,0,0,0,CONSISTENT
SYN_2791,76418.25,11665.85,76418.25,76418.25,28567.87,1,0.95,0,0,0,0,EMI_MISMATCH
SYN_2792,65146.25,11811.36,65146.25,65146.25,11811.36,1,0.95,0,0,0,0,CONSISTENT
SYN_2793,82322.97,8729.74,82322.97,82322.97,8729.74,1,0.19,1,1,1,1,DATA_QUALITY_ISSUE
SYN_2794,73692.36,9949.66,73692.36,73692.36,9949.66,0,0.95,0,0,0,0,EMPLOYMENT_MISMATCH
SYN_2795,78744.14,26164.24,78744.14,78744.14,26164.24,1,0.95,0,0,0,0,CONSISTENT
SYN_2796,38389.44,5130.03,38389.44,23033.66,10260.06,1,0.95,0,0,0,0,MULTIPLE_MISMATCH
SYN_2797,54532.94,13834.61,54532.94,54532.94,13834.61,1,0.95,0,0,0,0,CONSISTENT
SYN_2798,61076.01,20800.83,61076.01,61076.01,20800.83,1,0.3,2,2,2,1,DATA_QUALITY_ISSUE
SYN_2799,115218.02,29302.57,115218.02,115218.02,29302.57,1,0.95,0,0,0,0,CONSISTENT
SYN_2800,69271.5,12198.15,69271.5,48818.94,12198.15,1,0.95,0,0,0,0,SALARY_MISMATCH
SYN_2801,81388.98,22733.23,81388.98,48833.39,45466.46,1,0.95,0,0,0,0,MULTIPLE_MISMATCH
SYN_2802,77862.79,11054.63,77862.79,77862.79,11054.63,0,0.95,0,0,0,0,EMPLOYMENT_MISMATCH
SYN_2803,49649.02,11525.27,49649.02,29155.77,11525.27,1,0.95,0,0,0,0,SALARY_MISMATCH
SYN_2804,73445.42,15979.68,73445.42,73445.42,31301.11,1,0.95,0,0,0,0,EMI_MISMATCH
SYN_2805,50757.45,9118.63,50757.45,50757.45,9118.63,1,0.37,2,1,1,1,DATA_QUALITY_ISSUE
SYN_2806,56065.18,11663.2,56065.18,56065.18,11663.2,1,0.26,2,1,2,1,DATA_QUALITY_ISSUE
SYN_2807,89915.97,20511.51,89915.97,53949.58,41023.02,1,0.95,0,0,0,0,MULTIPLE_MISMATCH
SYN_2808,88916.14,18287.54,88916.14,88916.14,18287.54,0,0.95,0,0,0,0,EMPLOYMENT_MISMATCH
SYN_2809,71919.87,14626.22,71919.87,71919.87,28693.4,1,0.95,0,0,0,0,EMI_MISMATCH
SYN_2810,73274.95,20658.21,73274.95,73274.95,20658.21,1,0.95,0,0,0,0,CONSISTENT
SYN_2811,85872.22,17971.43,85872.22,85872.22,17971.43,1,0.95,0,0,0,0,CONSISTENT
SYN_2812,62873.01,15207.19,62873.01,62873.01,15207.19,0,0.95,0,0,0,0,EMPLOYMENT_MISMATCH
SYN_2813,72019.35,13555.43,72019.35,72019.35,13555.43,1,0.14,1,1,2,1,DATA_QUALITY_ISSUE
SYN_2814,75600.86,16177.0,75600.86,75600.86,16177.0,1,0.95,0,0,0,0,CONSISTENT
SYN_2815,65447.32,18413.8,65447.32,65447.32,18413.8,1,0.95,0,0,0,0,CONSISTENT
SYN_2816,86115.25,29173.66,86115.25,86115.25,29173.66,1,0.95,0,0,0,0,CONSISTENT
SYN_2817,77364.52,26455.96,77364.52,77364.52,26455.96,1,0.95,0,0,0,0,CONSISTENT
SYN_2818,77924.33,21962.92,77924.33,47628.38,21962.92,1,0.95,0,0,0,0,SALARY_MISMATCH
SYN_2819,56568.36,19545.0,56568.36,56568.36,19545.0,1,0.95,0,0,0,0,CONSISTENT
SYN_2820,71861.03,17771.44,71861.03,71861.03,17771.44,1,0.95,0,0,0,0,CONSISTENT
SYN_2821,105617.86,13629.48,105617.86,105617.86,28008.83,1,0.95,0,0,0,0,EMI_MISMATCH
SYN_2822,82188.75,27536.85,82188.75,82188.75,27536.85,1,0.95,0,0,0,0,CONSISTENT
SYN_2823,61714.29,6343.53,61714.29,61714.29,6343.53,0,0.95,0,0,0,0,EMPLOYMENT_MISMATCH
SYN_2824,65627.48,17699.34,65627.48,65627.48,17699.34,1,0.95,0,0,0,0,CONSISTENT
SYN_2825,90109.57,24639.51,90109.57,90109.57,24639.51,1,0.95,0,0,0,0,CONSISTENT
SYN_2826,75350.78,14551.53,75350.78,75350.78,14551.53,1,0.95,0,0,0,0,CONSISTENT
SYN_2827,81875.84,15641.41,81875.84,61874.36,15641.41,1,0.95,0,0,0,0,SALARY_MISMATCH
SYN_2828,58428.38,14760.66,58428.38,58428.38,14760.66,0,0.95,0,0,0,0,EMPLOYMENT_MISMATCH
SYN_2829,84744.14,18779.49,84744.14,84744.14,18779.49,1,0.95,0,0,0,0,CONSISTENT
SYN_2830,64764.82,9636.59,64764.82,64764.82,9636.59,1,0.95,0,0,0,0,CONSISTENT
SYN_2831,64418.52,14923.23,64418.52,64418.52,14923.23,1,0.95,0,0,0,0,CONSISTENT
SYN_2832,85821.54,21017.93,85821.54,65494.41,21017.93,1,0.95,0,0,0,0,SALARY_MISMATCH
SYN_2833,70173.71,14498.66,70173.71,42104.23,28997.32,1,0.95,0,0,0,0,MULTIPLE_MISMATCH
SYN_2834,74512.78,17841.43,74512.78,74512.78,38382.91,1,0.95,0,0,0,0,EMI_MISMATCH
SYN_2835,58704.12,16885.12,58704.12,58704.12,16885.12,1,0.95,0,0,0,0,CONSISTENT
SYN_2836,82524.6,22898.42,82524.6,82524.6,22898.42,1,0.95,0,0,0,0,CONSISTENT
SYN_2837,99466.73,15588.19,99466.73,99466.73,15588.19,1,0.95,0,0,0,0,CONSISTENT
SYN_2838,64004.96,16493.75,64004.96,64004.96,16493.75,0,0.95,0,0,0,0,EMPLOYMENT_MISMATCH
SYN_2839,71056.39,17717.01,71056.39,71056.39,34946.13,1,0.95,0,0,0,0,EMI_MISMATCH
SYN_2840,42088.64,8772.29,42088.64,42088.64,14932.83,1,0.95,0,0,0,0,EMI_MISMATCH
SYN_2841,86687.81,13056.65,86687.81,86687.81,13056.65,1,0.95,0,0,0,0,CONSISTENT
SYN_2842,84890.11,19151.27,84890.11,84890.11,19151.27,1,0.38,1,3,1,1,DATA_QUALITY_ISSUE
SYN_2843,55708.4,18070.17,55708.4,55708.4,42695.99,1,0.95,0,0,0,0,EMI_MISMATCH
SYN_2844,84554.01,17613.67,84554.01,51836.41,17613.67,1,0.95,0,0,0,0,SALARY_MISMATCH
SYN_2845,59336.4,15894.12,59336.4,59336.4,15894.12,0,0.95,0,0,0,0,EMPLOYMENT_MISMATCH
SYN_2846,83850.35,8774.07,83850.35,83850.35,8774.07,1,0.95,0,0,0,0,CONSISTENT
SYN_2847,58660.35,13575.27,58660.35,58660.35,33220.98,1,0.95,0,0,0,0,EMI_MISMATCH
SYN_2848,101526.04,26850.69,101526.04,101526.04,41992.1,1,0.95,0,0,0,0,EMI_MISMATCH
SYN_2849,80529.25,23687.5,80529.25,80529.25,23687.5,1,0.95,0,0,0,0,CONSISTENT
SYN_2850,47051.7,8897.27,47051.7,47051.7,8897.27,1,0.95,0,0,0,0,CONSISTENT
SYN_2851,59668.53,16740.73,59668.53,59668.53,16740.73,1,0.95,0,0,0,0,CONSISTENT
SYN_2852,81035.35,21605.45,81035.35,81035.35,21605.45,0,0.95,0,0,0,0,EMPLOYMENT_MISMATCH
SYN_2853,61501.76,18706.08,61501.76,61501.76,18706.08,1,0.95,0,0,0,0,CONSISTENT
SYN_2854,71841.77,16293.78,71841.77,71841.77,30029.69,1,0.95,0,0,0,0,EMI_MISMATCH
SYN_2855,75861.51,22695.05,75861.51,75861.51,22695.05,1,0.95,0,0,0,0,CONSISTENT
SYN_2856,83124.96,20094.33,83124.96,83124.96,20094.33,1,0.95,0,0,0,0,CONSISTENT
SYN_2857,94384.38,21772.05,94384.38,94384.38,21772.05,1,0.95,0,0,0,0,CONSISTENT
SYN_2858,68628.1,8529.87,68628.1,68628.1,13923.57,1,0.95,0,0,0,0,EMI_MISMATCH
SYN_2859,74114.76,23296.64,74114.76,74114.76,37378.83,1,0.95,0,0,0,0,EMI_MISMATCH
SYN_2860,102770.1,17653.57,102770.1,54611.14,17653.57,1,0.95,0,0,0,0,SALARY_MISMATCH
SYN_2861,118293.71,23991.6,118293.71,118293.71,23991.6,0,0.95,0,0,0,0,EMPLOYMENT_MISMATCH
SYN_2862,83230.36,10737.08,83230.36,58417.34,10737.08,1,0.95,0,0,0,0,SALARY_MISMATCH
SYN_2863,67500.63,10210.4,67500.63,46827.07,10210.4,1,0.95,0,0,0,0,SALARY_MISMATCH
SYN_2864,82821.72,18059.23,82821.72,49693.03,36118.46,1,0.95,0,0,0,0,MULTIPLE_MISMATCH
SYN_2865,87934.19,14236.96,87934.19,87934.19,14236.96,0,0.95,0,0,0,0,EMPLOYMENT_MISMATCH
SYN_2866,88190.64,17750.62,88190.64,52914.38,35501.24,1,0.95,0,0,0,0,MULTIPLE_MISMATCH
SYN_2867,73147.26,17479.28,73147.26,73147.26,17479.28,1,0.22,2,3,2,1,DATA_QUALITY_ISSUE
SYN_2868,62912.85,16433.44,62912.85,62912.85,16433.44,0,0.95,0,0,0,0,EMPLOYMENT_MISMATCH
SYN_2869,61293.98,8814.11,61293.98,61293.98,8814.11,1,0.95,0,0,0,0,CONSISTENT
SYN_2870,88057.98,27359.33,88057.98,88057.98,54213.59,1,0.95,0,0,0,0,EMI_MISMATCH
SYN_2871,74211.02,9869.75,74211.02,58385.46,9869.75,1,0.95,0,0,0,0,SALARY_MISMATCH
SYN_2872,46083.67,12304.03,46083.67,27650.2,24608.06,1,0.95,0,0,0,0,MULTIPLE_MISMATCH
SYN_2873,74605.53,13055.48,74605.53,40892.21,13055.48,1,0.95,0,0,0,0,SALARY_MISMATCH
SYN_2874,96982.88,32232.88,96982.88,96982.88,53300.89,1,0.95,0,0,0,0,EMI_MISMATCH
SYN_2875,94999.42,16480.56,94999.42,94999.42,16480.56,1,0.95,0,0,0,0,CONSISTENT
SYN_2876,70673.37,18021.11,70673.37,70673.37,18021.11,1,0.95,0,0,0,0,CONSISTENT
SYN_2877,67140.26,23011.94,67140.26,47237.16,23011.94,1,0.95,0,0,0,0,SALARY_MISMATCH
SYN_2878,107229.38,23617.77,107229.38,107229.38,23617.77,1,0.95,0,0,0,0,CONSISTENT
SYN_2879,65996.61,10823.13,65996.61,33632.23,10823.13,1,0.95,0,0,0,0,SALARY_MISMATCH
SYN_2880,85174.11,20966.08,85174.11,85174.11,20966.08,1,0.95,0,0,0,0,CONSISTENT
SYN_2881,90965.79,20029.32,90965.79,45563.75,20029.32,1,0.95,0,0,0,0,SALARY_MISMATCH
SYN_2882,79074.01,14307.83,79074.01,79074.01,14307.83,1,0.95,0,0,0,0,CONSISTENT
SYN_2883,67811.95,22138.51,67811.95,67811.95,22138.51,1,0.39,1,2,2,1,DATA_QUALITY_ISSUE
SYN_2884,90783.84,13325.98,90783.84,46280.45,13325.98,1,0.95,0,0,0,0,SALARY_MISMATCH
SYN_2885,92696.21,24587.68,92696.21,92696.21,24587.68,1,0.22,1,2,1,1,DATA_QUALITY_ISSUE
SYN_2886,70068.07,13643.12,70068.07,70068.07,13643.12,1,0.15,2,2,2,1,DATA_QUALITY_ISSUE
SYN_2887,68350.23,23009.49,68350.23,68350.23,40188.78,1,0.95,0,0,0,0,EMI_MISMATCH
SYN_2888,56417.77,16081.17,56417.77,56417.77,31328.19,1,0.95,0,0,0,0,EMI_MISMATCH
SYN_2889,70505.74,17085.92,70505.74,70505.74,17085.92,1,0.31,1,1,2,1,DATA_QUALITY_ISSUE
SYN_2890,100278.35,20061.56,100278.35,100278.35,20061.56,1,0.95,0,0,0,0,CONSISTENT
SYN_2891,51451.94,15453.23,51451.94,51451.94,24265.24,1,0.95,0,0,0,0,EMI_MISMATCH
SYN_2892,81823.72,11761.06,81823.72,81823.72,24655.71,1,0.95,0,0,0,0,EMI_MISMATCH
SYN_2893,87146.52,19996.76,87146.52,52287.91,39993.52,1,0.95,0,0,0,0,MULTIPLE_MISMATCH
SYN_2894,87249.18,21552.84,87249.18,52349.51,43105.68,1,0.95,0,0,0,0,MULTIPLE_MISMATCH
SYN_2895,80869.8,12582.39,80869.8,80869.8,12582.39,1,0.26,2,3,1,1,DATA_QUALITY_ISSUE
SYN_2896,120775.67,32490.35,120775.67,72465.4,64980.7,1,0.95,0,0,0,0,MULTIPLE_MISMATCH
SYN_2897,105558.16,35896.43,105558.16,105558.16,35896.43,1,0.95,0,0,0,0,CONSISTENT
SYN_2898,77206.15,24609.02,77206.15,77206.15,24609.02,1,0.95,0,0,0,0,CONSISTENT
SYN_2899,82658.03,16487.77,82658.03,82658.03,16487.77,1,0.39,2,3,1,1,DATA_QUALITY_ISSUE
SYN_2900,78026.08,9200.82,78026.08,78026.08,20298.97,1,0.95,0,0,0,0,EMI_MISMATCH
SYN_2901,73185.57,9028.43,73185.57,73185.57,9028.43,1,0.95,0,0,0,0,CONSISTENT
SYN_2902,93245.36,20730.55,93245.36,93245.36,20730.55,0,0.95,0,0,0,0,EMPLOYMENT_MISMATCH
SYN_2903,74333.44,9024.62,74333.44,74333.44,9024.62,1,0.95,0,0,0,0,CONSISTENT
SYN_2904,71063.09,11855.62,71063.09,71063.09,11855.62,1,0.95,0,0,0,0,CONSISTENT
SYN_2905,63561.84,21745.0,63561.84,63561.84,51908.98,1,0.95,0,0,0,0,EMI_MISMATCH
SYN_2906,75793.76,9897.5,75793.76,75793.76,9897.5,1,0.95,0,0,0,0,CONSISTENT
SYN_2907,46314.42,10309.1,46314.42,46314.42,10309.1,1,0.33,2,1,2,1,DATA_QUALITY_ISSUE
SYN_2908,69097.06,16226.55,69097.06,69097.06,16226.55,0,0.95,0,0,0,0,EMPLOYMENT_MISMATCH
SYN_2909,78947.47,16763.37,78947.47,47368.48,33526.74,1,0.95,0,0,0,0,MULTIPLE_MISMATCH
SYN_2910,59791.37,9754.38,59791.37,36573.42,9754.38,1,0.95,0,0,0,0,SALARY_MISMATCH
SYN_2911,62266.46,17445.01,62266.46,62266.46,17445.01,1,0.95,0,0,0,0,CONSISTENT
SYN_2912,61129.21,16064.64,61129.21,61129.21,16064.64,1,0.95,0,0,0,0,CONSISTENT
SYN_2913,71430.63,11151.62,71430.63,71430.63,11151.62,1,0.95,0,0,0,0,CONSISTENT
SYN_2914,67507.34,12782.12,67507.34,67507.34,31520.63,1,0.95,0,0,0,0,EMI_MISMATCH
SYN_2915,96033.92,9921.95,96033.92,96033.92,9921.95,1,0.26,1,2,1,1,DATA_QUALITY_ISSUE
SYN_2916,70988.01,24777.39,70988.01,42592.81,49554.78,1,0.95,0,0,0,0,MULTIPLE_MISMATCH
SYN_2917,97171.82,27170.25,97171.82,97171.82,27170.25,1,0.95,0,0,0,0,CONSISTENT
SYN_2918,52764.05,17213.34,52764.05,52764.05,17213.34,1,0.95,0,0,0,0,CONSISTENT
SYN_2919,105768.7,35771.08,105768.7,105768.7,82078.61,1,0.95,0,0,0,0,EMI_MISMATCH
SYN_2920,64592.93,11825.51,64592.93,64592.93,11825.51,1,0.95,0,0,0,0,CONSISTENT
SYN_2921,92123.38,28242.01,92123.38,66273.88,28242.01,1,0.95,0,0,0,0,SALARY_MISMATCH
SYN_2922,59134.45,9942.68,59134.45,59134.45,9942.68,1,0.36,2,3,1,1,DATA_QUALITY_ISSUE
SYN_2923,62305.81,16107.25,62305.81,62305.81,16107.25,1,0.11,2,1,2,1,DATA_QUALITY_ISSUE
SYN_2924,49457.64,7535.94,49457.64,49457.64,11532.98,1,0.95,0,0,0,0,EMI_MISMATCH
SYN_2925,90234.42,29962.72,90234.42,59432.14,29962.72,1,0.95,0,0,0,0,SALARY_MISMATCH
SYN_2926,77811.89,16326.94,77811.89,77811.89,16326.94,0,0.95,0,0,0,0,EMPLOYMENT_MISMATCH
SYN_2927,67037.99,17333.14,67037.99,67037.99,17333.14,0,0.95,0,0,0,0,EMPLOYMENT_MISMATCH
SYN_2928,56770.91,15930.79,56770.91,56770.91,15930.79,1,0.95,0,0,0,0,CONSISTENT
SYN_2929,58244.86,18220.19,58244.86,34946.92,36440.38,1,0.95,0,0,0,0,MULTIPLE_MISMATCH
SYN_2930,42537.95,7318.12,42537.95,42537.95,7318.12,0,0.95,0,0,0,0,EMPLOYMENT_MISMATCH
SYN_2931,84838.02,11924.61,84838.02,84838.02,11924.61,1,0.95,0,0,0,0,CONSISTENT
SYN_2932,102845.91,33424.49,102845.91,102845.91,33424.49,1,0.95,0,0,0,0,CONSISTENT
SYN_2933,69535.65,12981.61,69535.65,69535.65,30667.81,1,0.95,0,0,0,0,EMI_MISMATCH
SYN_2934,105376.37,11125.16,105376.37,63225.82,22250.32,1,0.95,0,0,0,0,MULTIPLE_MISMATCH
SYN_2935,57620.95,17747.84,57620.95,57620.95,32120.75,1,0.95,0,0,0,0,EMI_MISMATCH
SYN_2936,47765.27,6921.59,47765.27,47765.27,6921.59,1,0.3,1,3,1,1,DATA_QUALITY_ISSUE
SYN_2937,74985.83,14059.97,74985.83,74985.83,14059.97,1,0.27,1,1,1,1,DATA_QUALITY_ISSUE
SYN_2938,70343.51,8546.27,70343.51,52968.64,8546.27,1,0.95,0,0,0,0,SALARY_MISMATCH
SYN_2939,77163.8,25857.62,77163.8,77163.8,25857.62,0,0.95,0,0,0,0,EMPLOYMENT_MISMATCH
SYN_2940,79961.76,19994.81,79961.76,79961.76,49526.57,1,0.95,0,0,0,0,EMI_MISMATCH
SYN_2941,101454.29,35260.23,101454.29,101454.29,56087.11,1,0.95,0,0,0,0,EMI_MISMATCH
SYN_2942,87946.32,15025.58,87946.32,87946.32,32156.1,1,0.95,0,0,0,0,EMI_MISMATCH
SYN_2943,68977.62,17617.39,68977.62,68977.62,28685.16,1,0.95,0,0,0,0,EMI_MISMATCH
SYN_2944,67883.24,20963.12,67883.24,67883.24,20963.12,1,0.95,0,0,0,0,CONSISTENT
SYN_2945,85597.58,13420.61,85597.58,85597.58,13420.61,1,0.95,0,0,0,0,CONSISTENT
SYN_2946,74713.17,18798.91,74713.17,74713.17,18798.91,1,0.95,0,0,0,0,CONSISTENT
SYN_2947,64399.96,6839.43,64399.96,64399.96,6839.43,0,0.95,0,0,0,0,EMPLOYMENT_MISMATCH
SYN_2948,85793.99,11615.41,85793.99,85793.99,11615.41,1,0.95,0,0,0,0,CONSISTENT
SYN_2949,69843.65,21592.06,69843.65,69843.65,21592.06,0,0.95,0,0,0,0,EMPLOYMENT_MISMATCH
SYN_2950,76821.92,15983.32,76821.92,76821.92,15983.32,1,0.95,0,0,0,0,CONSISTENT
SYN_2951,50023.12,5823.04,50023.12,50023.12,11072.18,1,0.95,0,0,0,0,EMI_MISMATCH
SYN_2952,44973.9,14787.15,44973.9,44973.9,14787.15,0,0.95,0,0,0,0,EMPLOYMENT_MISMATCH
SYN_2953,100677.1,33796.6,100677.1,58404.63,33796.6,1,0.95,0,0,0,0,SALARY_MISMATCH
SYN_2954,65316.72,19529.26,65316.72,44605.32,19529.26,1,0.95,0,0,0,0,SALARY_MISMATCH
SYN_2955,57636.48,13115.41,57636.48,57636.48,13115.41,1,0.95,0,0,0,0,CONSISTENT
SYN_2956,82080.17,26187.75,82080.17,52428.57,26187.75,1,0.95,0,0,0,0,SALARY_MISMATCH
SYN_2957,81949.52,11698.52,81949.52,81949.52,11698.52,1,0.95,0,0,0,0,CONSISTENT
SYN_2958,70004.29,10276.16,70004.29,51242.53,10276.16,1,0.95,0,0,0,0,SALARY_MISMATCH
SYN_2959,55599.82,17405.72,55599.82,37036.83,17405.72,1,0.95,0,0,0,0,SALARY_MISMATCH
SYN_2960,54209.27,17577.88,54209.27,54209.27,17577.88,0,0.95,0,0,0,0,EMPLOYMENT_MISMATCH
SYN_2961,80081.37,8506.16,80081.37,80081.37,8506.16,1,0.21,1,1,2,1,DATA_QUALITY_ISSUE
SYN_2962,73074.03,12835.86,73074.03,73074.03,12835.86,1,0.95,0,0,0,0,CONSISTENT
SYN_2963,100155.89,32423.23,100155.89,100155.89,70494.57,1,0.95,0,0,0,0,EMI_MISMATCH
SYN_2964,68158.11,22708.27,68158.11,68158.11,22708.27,1,0.95,0,0,0,0,CONSISTENT
SYN_2965,60350.7,8128.88,60350.7,60350.7,8128.88,1,0.95,0,0,0,0,CONSISTENT
SYN_2966,77404.03,13190.67,77404.03,77404.03,13190.67,1,0.95,0,0,0,0,CONSISTENT
SYN_2967,83471.64,13824.67,83471.64,83471.64,24128.34,1,0.95,0,0,0,0,EMI_MISMATCH
SYN_2968,85267.29,8702.3,85267.29,85267.29,8702.3,1,0.36,2,2,1,1,DATA_QUALITY_ISSUE
SYN_2969,76911.43,12028.56,76911.43,76911.43,28924.55,1,0.95,0,0,0,0,EMI_MISMATCH
SYN_2970,67325.23,10501.7,67325.23,50894.08,10501.7,1,0.95,0,0,0,0,SALARY_MISMATCH
SYN_2971,88196.53,15628.25,88196.53,88196.53,15628.25,1,0.95,0,0,0,0,CONSISTENT
SYN_2972,67364.97,12591.62,67364.97,36034.88,12591.62,1,0.95,0,0,0,0,SALARY_MISMATCH
SYN_2973,87884.99,14992.43,87884.99,87884.99,14992.43,1,0.95,0,0,0,0,CONSISTENT
SYN_2974,94934.28,31921.79,94934.28,94934.28,31921.79,1,0.95,0,0,0,0,CONSISTENT
SYN_2975,96107.4,27310.98,96107.4,96107.4,27310.98,1,0.19,2,2,1,1,DATA_QUALITY_ISSUE
SYN_2976,73146.08,21570.94,73146.08,73146.08,21570.94,1,0.28,1,3,1,1,DATA_QUALITY_ISSUE
SYN_2977,82626.02,8535.91,82626.02,82626.02,18646.48,1,0.95,0,0,0,0,EMI_MISMATCH
SYN_2978,80755.49,22346.51,80755.49,80755.49,22346.51,1,0.95,0,0,0,0,CONSISTENT
SYN_2979,81415.05,9532.64,81415.05,81415.05,22176.72,1,0.95,0,0,0,0,EMI_MISMATCH
SYN_2980,66523.19,18108.47,66523.19,66523.19,18108.47,1,0.95,0,0,0,0,CONSISTENT
SYN_2981,75578.2,16308.23,75578.2,75578.2,16308.23,1,0.15,2,3,1,1,DATA_QUALITY_ISSUE
SYN_2982,42999.42,8584.23,42999.42,23691.22,8584.23,1,0.95,0,0,0,0,SALARY_MISMATCH
SYN_2983,69993.62,23650.91,69993.62,69993.62,23650.91,1,0.95,0,0,0,0,CONSISTENT
SYN_2984,88592.73,12068.51,88592.73,88592.73,12068.51,1,0.15,2,1,1,1,DATA_QUALITY_ISSUE
SYN_2985,73601.45,19387.28,73601.45,73601.45,19387.28,1,0.95,0,0,0,0,CONSISTENT
SYN_2986,81770.25,10779.76,81770.25,81770.25,10779.76,1,0.95,0,0,0,0,CONSISTENT
SYN_2987,73407.18,7661.29,73407.18,73407.18,7661.29,0,0.95,0,0,0,0,EMPLOYMENT_MISMATCH
SYN_2988,69701.58,20082.28,69701.58,69701.58,20082.28,1,0.95,0,0,0,0,CONSISTENT
SYN_2989,76781.22,12551.44,76781.22,76781.22,12551.44,1,0.14,2,2,2,1,DATA_QUALITY_ISSUE
SYN_2990,62308.54,18664.85,62308.54,62308.54,18664.85,1,0.95,0,0,0,0,CONSISTENT
SYN_2991,73519.19,21032.07,73519.19,47058.91,21032.07,1,0.95,0,0,0,0,SALARY_MISMATCH
SYN_2992,87396.33,13095.25,87396.33,87396.33,13095.25,1,0.95,0,0,0,0,CONSISTENT
SYN_2993,83788.68,22803.7,83788.68,48991.07,22803.7,1,0.95,0,0,0,0,SALARY_MISMATCH
SYN_2994,96370.78,10706.68,96370.78,71821.26,10706.68,1,0.95,0,0,0,0,SALARY_MISMATCH
SYN_2995,73053.42,10406.33,73053.42,73053.42,10406.33,1,0.3,1,2,2,1,DATA_QUALITY_ISSUE
SYN_2996,74629.34,9827.22,74629.34,74629.34,21944.42,1,0.95,0,0,0,0,EMI_MISMATCH
SYN_2997,90082.7,30865.77,90082.7,90082.7,30865.77,1,0.95,0,0,0,0,CONSISTENT
SYN_2998,72977.07,22528.07,72977.07,37656.51,22528.07,1,0.95,0,0,0,0,SALARY_MISMATCH
SYN_2999,71975.13,23211.33,71975.13,43185.08,46422.66,1,0.95,0,0,0,0,MULTIPLE_MISMATCH
SYN_3000,109687.23,19111.49,109687.23,65812.34,38222.98,1,0.95,0,0,0,0,MULTIPLE_MISMATCH
