case_id,declared_salary,salary_slip_salary,bank_salary_average,salary_credit_count,declared_emi,liability_emi,bank_recurring_emi,recurring_emi_count,salary_difference,salary_variance_pct,emi_difference,emi_variance_pct,employment_date_difference,missing_document_count,missing_field_count,extraction_failure_count,low_confidence_count,consistency_pattern
CASE-0001,100000.0,57710.81,57710.81,2,5000.0,5000.0,5000.0,1,42289.19,42.29,0.0,0.0,0,0,0,0,0,SALARY_MISMATCH
CASE-0002,45000.0,45000.0,45000.0,3,5000.0,8299.67,8299.67,2,0.0,0.0,3299.67,65.99,0,0,0,0,0,EMI_MISMATCH
CASE-0003,100000.0,79999.66,79999.66,3,8000.0,8000.0,8000.0,1,20000.34,20.0,0.0,0.0,0,0,0,0,0,SALARY_MISMATCH
CASE-0004,100000.0,100000.0,100000.0,6,3000.0,14385.98,14385.98,1,0.0,0.0,11385.98,379.53,0,0,0,0,0,EMI_MISMATCH
CASE-0005,45000.0,45000.0,45000.0,6,8000.0,8000.0,0.0,0,0.0,0.0,8000.0,100.0,0,1,1,0,0,DATA_QUALITY_ISSUE
CASE-0006,80000.0,80079.22,79782.22,2,3000.0,2974.95,3013.42,2,217.78,0.27,13.42,0.45,1,0,0,0,0,CONSISTENT
CASE-0007,80000.0,79572.36,79859.42,3,8000.0,8091.26,7903.9,4,140.58,0.18,96.1,1.2,0,0,0,0,0,CONSISTENT
CASE-0008,30000.0,16470.63,16470.63,2,5000.0,5000.0,5000.0,2,13529.37,45.1,0.0,0.0,0,0,0,0,0,SALARY_MISMATCH
CASE-0009,30000.0,30000.0,30000.0,4,3000.0,17335.51,17335.51,3,0.0,0.0,14335.51,477.85,0,0,0,0,0,EMI_MISMATCH
CASE-0010,45000.0,45000.0,45000.0,3,3000.0,3000.0,3000.0,2,0.0,0.0,0.0,0.0,0,2,1,0,0,DATA_QUALITY_ISSUE
CASE-0011,100000.0,100736.93,99760.61,4,3000.0,2954.64,2999.42,3,239.39,0.24,0.58,0.02,0,0,0,0,0,CONSISTENT
CASE-0012,150000.0,148552.68,150975.13,5,0.0,0.0,0.0,0,975.13,0.65,0.0,0.0,0,0,0,0,0,CONSISTENT
CASE-0013,150000.0,150280.26,148109.13,5,20000.0,20375.67,20220.11,1,1890.87,1.26,220.11,1.1,0,0,0,0,0,CONSISTENT
CASE-0014,150000.0,150000.0,150000.0,6,8000.0,8000.0,8000.0,3,0.0,0.0,0.0,0.0,0,1,3,0,0,DATA_QUALITY_ISSUE
CASE-0015,150000.0,150000.0,150000.0,4,8000.0,10587.95,10587.95,1,0.0,0.0,2587.95,32.35,0,0,0,0,0,EMI_MISMATCH
CASE-0016,100000.0,100158.77,100347.0,3,3000.0,3055.83,3012.84,1,347.0,0.35,12.84,0.43,1,0,0,0,0,CONSISTENT
CASE-0017,100000.0,98298.2,101947.55,4,12000.0,12130.68,11855.38,4,1947.55,1.95,144.62,1.21,0,0,0,0,0,CONSISTENT
CASE-0018,60000.0,60496.46,60549.62,3,5000.0,5054.25,4914.81,3,549.62,0.92,85.19,1.7,0,0,0,0,0,CONSISTENT
CASE-0019,30000.0,16437.41,16437.41,3,8000.0,8000.0,8000.0,3,13562.59,45.21,0.0,0.0,0,0,0,0,0,SALARY_MISMATCH
CASE-0020,45000.0,45000.0,45000.0,2,0.0,2826.26,2826.26,0,0.0,0.0,2826.26,100.0,0,0,0,0,0,EMI_MISMATCH
CASE-0021,100000.0,100365.19,99098.89,6,5000.0,5012.25,4976.59,2,901.11,0.9,23.41,0.47,0,0,0,0,0,CONSISTENT
CASE-0022,60000.0,60000.0,0.0,0,0.0,0.0,0.0,0,60000.0,100.0,0.0,0.0,0,2,2,0,1,DATA_QUALITY_ISSUE
CASE-0023,150000.0,150000.0,150000.0,6,5000.0,5000.0,5000.0,2,0.0,0.0,0.0,0.0,380,0,0,0,0,EMPLOYMENT_MISMATCH
CASE-0024,45000.0,58669.55,58669.55,4,3000.0,3000.0,3000.0,1,13669.55,30.38,0.0,0.0,0,0,0,0,0,SALARY_MISMATCH
CASE-0025,30000.0,30075.93,30234.62,2,8000.0,7884.59,8033.41,3,234.62,0.78,33.41,0.42,1,0,0,0,0,CONSISTENT
CASE-0026,100000.0,147999.87,147999.87,4,8000.0,8000.0,8000.0,1,47999.87,48.0,0.0,0.0,0,0,0,0,0,SALARY_MISMATCH
CASE-0027,60000.0,60000.0,60000.0,6,20000.0,33446.08,33446.08,3,0.0,0.0,13446.08,67.23,0,0,0,0,0,EMI_MISMATCH
CASE-0028,150000.0,150000.0,150000.0,3,0.0,3371.43,3371.43,0,0.0,0.0,3371.43,100.0,0,0,0,0,0,EMI_MISMATCH
CASE-0029,80000.0,56337.72,56337.72,5,8000.0,8000.0,8000.0,4,23662.28,29.58,0.0,0.0,0,0,0,0,0,SALARY_MISMATCH
CASE-0030,45000.0,31500.0,31500.0,5,8000.0,8000.0,16000.0,2,13500.0,30.0,8000.0,100.0,82,0,0,0,0,MULTIPLE_MISMATCH
CASE-0031,150000.0,186786.94,186786.94,3,0.0,0.0,0.0,0,36786.94,24.52,0.0,0.0,0,0,0,0,0,SALARY_MISMATCH
CASE-0032,30000.0,30000.0,30000.0,6,8000.0,14583.4,14583.4,3,0.0,0.0,6583.4,82.29,0,0,0,0,0,EMI_MISMATCH
CASE-0033,150000.0,149504.47,148332.65,6,5000.0,4923.97,4967.52,4,1667.35,1.11,32.48,0.65,1,0,0,0,0,CONSISTENT
CASE-0034,150000.0,150000.0,150000.0,4,0.0,0.0,0.0,0,0.0,0.0,0.0,0.0,0,1,1,0,2,DATA_QUALITY_ISSUE
CASE-0035,150000.0,185830.56,185830.56,2,0.0,0.0,0.0,0,35830.56,23.89,0.0,0.0,0,0,0,0,0,SALARY_MISMATCH
CASE-0036,45000.0,44641.58,44612.71,3,5000.0,4907.38,5021.91,4,387.29,0.86,21.91,0.44,0,0,0,0,0,CONSISTENT
CASE-0037,150000.0,109383.76,109383.76,5,12000.0,12000.0,12000.0,4,40616.24,27.08,0.0,0.0,0,0,0,0,0,SALARY_MISMATCH
CASE-0038,150000.0,150000.0,150000.0,5,3000.0,11902.15,11902.15,3,0.0,0.0,8902.15,296.74,0,0,0,0,0,EMI_MISMATCH
CASE-0039,150000.0,123255.2,123255.2,6,8000.0,8000.0,8000.0,1,26744.8,17.83,0.0,0.0,0,0,0,0,0,SALARY_MISMATCH
CASE-0040,30000.0,21638.28,21638.28,2,20000.0,20000.0,20000.0,3,8361.72,27.87,0.0,0.0,0,0,0,0,0,SALARY_MISMATCH
CASE-0041,150000.0,150000.0,150000.0,4,20000.0,28965.07,28965.07,1,0.0,0.0,8965.07,44.83,0,0,0,0,0,EMI_MISMATCH
CASE-0042,30000.0,29784.94,29623.82,4,0.0,0.0,0.0,0,376.18,1.25,0.0,0.0,1,0,0,0,0,CONSISTENT
CASE-0043,80000.0,80568.21,78453.08,3,8000.0,8003.87,7912.48,4,1546.92,1.93,87.52,1.09,0,0,0,0,0,CONSISTENT
CASE-0044,80000.0,80000.0,80000.0,4,0.0,10982.19,10982.19,0,0.0,0.0,10982.19,100.0,0,0,0,0,0,EMI_MISMATCH
CASE-0045,45000.0,27607.88,27607.88,6,0.0,0.0,0.0,0,17392.12,38.65,0.0,0.0,0,0,0,0,0,SALARY_MISMATCH
CASE-0046,45000.0,45000.0,45000.0,6,20000.0,20000.0,20000.0,1,0.0,0.0,0.0,0.0,475,0,0,0,0,EMPLOYMENT_MISMATCH
CASE-0047,80000.0,80000.0,80000.0,4,3000.0,17768.19,17768.19,2,0.0,0.0,14768.19,492.27,0,0,0,0,0,EMI_MISMATCH
CASE-0048,30000.0,15039.34,15039.34,3,3000.0,3000.0,3000.0,3,14960.66,49.87,0.0,0.0,0,0,0,0,0,SALARY_MISMATCH
CASE-0049,100000.0,100000.0,100000.0,6,12000.0,12000.0,12000.0,1,0.0,0.0,0.0,0.0,0,2,2,0,0,DATA_QUALITY_ISSUE
CASE-0050,30000.0,21000.0,21000.0,4,0.0,0.0,8000.0,0,9000.0,30.0,8000.0,100.0,76,0,0,0,0,MULTIPLE_MISMATCH
CASE-0051,60000.0,60929.01,60671.7,2,8000.0,8045.45,7866.92,2,671.7,1.12,133.08,1.66,0,0,0,0,0,CONSISTENT
CASE-0052,150000.0,150484.12,149233.7,2,8000.0,8140.84,8151.57,4,766.3,0.51,151.57,1.89,0,0,0,0,0,CONSISTENT
CASE-0053,150000.0,149913.68,149690.54,6,3000.0,3059.33,2961.11,2,309.46,0.21,38.89,1.3,0,0,0,0,0,CONSISTENT
CASE-0054,150000.0,148072.94,149198.81,5,12000.0,12117.2,12106.05,2,801.19,0.53,106.05,0.88,0,0,0,0,0,CONSISTENT
CASE-0055,80000.0,79576.69,79248.65,6,5000.0,4948.8,5094.6,4,751.35,0.94,94.6,1.89,0,0,0,0,0,CONSISTENT
CASE-0056,150000.0,104694.3,104694.3,6,5000.0,5000.0,5000.0,2,45305.7,30.2,0.0,0.0,0,0,0,0,0,SALARY_MISMATCH
CASE-0057,30000.0,41523.7,41523.7,5,8000.0,8000.0,8000.0,3,11523.7,38.41,0.0,0.0,0,0,0,0,0,SALARY_MISMATCH
CASE-0058,80000.0,56000.0,56000.0,6,12000.0,12000.0,20000.0,4,24000.0,30.0,8000.0,66.67,45,0,0,0,0,MULTIPLE_MISMATCH
CASE-0059,80000.0,113519.51,113519.51,3,5000.0,5000.0,5000.0,2,33519.51,41.9,0.0,0.0,0,0,0,0,0,SALARY_MISMATCH
CASE-0060,80000.0,79903.82,79294.59,2,8000.0,8122.72,8079.27,2,705.41,0.88,79.27,0.99,0,0,0,0,0,CONSISTENT
CASE-0061,100000.0,100000.0,100000.0,2,0.0,0.0,0.0,0,0.0,0.0,0.0,0.0,0,1,3,0,2,DATA_QUALITY_ISSUE
CASE-0062,60000.0,60000.0,60000.0,2,8000.0,21089.12,21089.12,3,0.0,0.0,13089.12,163.61,0,0,0,0,0,EMI_MISMATCH
CASE-0063,100000.0,99267.69,98677.97,2,0.0,0.0,0.0,0,1322.03,1.32,0.0,0.0,0,0,0,0,0,CONSISTENT
CASE-0064,150000.0,150000.0,150000.0,4,3000.0,17090.22,17090.22,4,0.0,0.0,14090.22,469.67,0,0,0,0,0,EMI_MISMATCH
CASE-0065,45000.0,44745.56,44557.49,3,20000.0,19836.23,19858.04,2,442.51,0.98,141.96,0.71,1,0,0,0,0,CONSISTENT
CASE-0066,30000.0,21000.0,21000.0,3,5000.0,5000.0,13000.0,4,9000.0,30.0,8000.0,160.0,119,0,0,0,0,MULTIPLE_MISMATCH
CASE-0067,100000.0,100000.0,100000.0,3,3000.0,3000.0,3000.0,1,0.0,0.0,0.0,0.0,79,0,0,0,0,EMPLOYMENT_MISMATCH
CASE-0068,60000.0,60000.0,60000.0,5,3000.0,3000.0,3000.0,3,0.0,0.0,0.0,0.0,246,0,0,0,0,EMPLOYMENT_MISMATCH
CASE-0069,100000.0,70000.0,70000.0,5,8000.0,8000.0,16000.0,4,30000.0,30.0,8000.0,100.0,28,0,0,0,0,MULTIPLE_MISMATCH
CASE-0070,30000.0,42882.1,42882.1,2,8000.0,8000.0,8000.0,1,12882.1,42.94,0.0,0.0,0,0,0,0,0,SALARY_MISMATCH
CASE-0071,150000.0,150000.0,150000.0,4,20000.0,33570.07,33570.07,1,0.0,0.0,13570.07,67.85,0,0,0,0,0,EMI_MISMATCH
CASE-0072,80000.0,78700.74,80250.5,3,3000.0,2944.31,2995.87,2,250.5,0.31,4.13,0.14,0,0,0,0,0,CONSISTENT
CASE-0073,100000.0,135679.16,135679.16,6,20000.0,20000.0,20000.0,4,35679.16,35.68,0.0,0.0,0,0,0,0,0,SALARY_MISMATCH
CASE-0074,80000.0,81032.32,79552.61,3,3000.0,2955.25,3002.67,3,447.39,0.56,2.67,0.09,1,0,0,0,0,CONSISTENT
CASE-0075,80000.0,80000.0,80000.0,3,8000.0,8000.0,8000.0,1,0.0,0.0,0.0,0.0,256,0,0,0,0,EMPLOYMENT_MISMATCH
CASE-0076,80000.0,80000.0,80000.0,6,20000.0,22671.86,22671.86,1,0.0,0.0,2671.86,13.36,0,0,0,0,0,EMI_MISMATCH
CASE-0077,60000.0,48212.35,48212.35,2,8000.0,8000.0,8000.0,1,11787.65,19.65,0.0,0.0,0,0,0,0,0,SALARY_MISMATCH
CASE-0078,45000.0,45000.0,45000.0,3,20000.0,20000.0,20000.0,2,0.0,0.0,0.0,0.0,0,2,2,0,1,DATA_QUALITY_ISSUE
CASE-0079,60000.0,60585.7,59402.07,2,8000.0,7898.99,7865.88,2,597.93,1.0,134.12,1.68,1,0,0,0,0,CONSISTENT
CASE-0080,80000.0,93629.42,93629.42,2,12000.0,12000.0,12000.0,4,13629.42,17.04,0.0,0.0,0,0,0,0,0,SALARY_MISMATCH
CASE-0081,45000.0,31500.0,31500.0,5,20000.0,20000.0,28000.0,3,13500.0,30.0,8000.0,40.0,123,0,0,0,0,MULTIPLE_MISMATCH
CASE-0082,30000.0,29735.92,30545.84,6,12000.0,12114.19,12026.09,4,545.84,1.82,26.09,0.22,0,0,0,0,0,CONSISTENT
CASE-0083,60000.0,60000.0,60000.0,3,8000.0,17358.48,17358.48,3,0.0,0.0,9358.48,116.98,0,0,0,0,0,EMI_MISMATCH
CASE-0084,150000.0,149051.28,147550.79,3,0.0,0.0,0.0,0,2449.21,1.63,0.0,0.0,0,0,0,0,0,CONSISTENT
CASE-0085,150000.0,152877.06,148051.98,6,20000.0,19613.73,20210.69,1,1948.02,1.3,210.69,1.05,0,0,0,0,0,CONSISTENT
CASE-0086,80000.0,80000.0,80000.0,2,0.0,0.0,0.0,0,0.0,0.0,0.0,0.0,55,0,0,0,0,EMPLOYMENT_MISMATCH
CASE-0087,100000.0,63445.25,63445.25,6,3000.0,3000.0,3000.0,4,36554.75,36.55,0.0,0.0,0,0,0,0,0,SALARY_MISMATCH
CASE-0088,45000.0,45000.0,45000.0,6,8000.0,14869.96,14869.96,2,0.0,0.0,6869.96,85.87,0,0,0,0,0,EMI_MISMATCH
CASE-0089,45000.0,45000.0,45000.0,2,0.0,9011.91,9011.91,0,0.0,0.0,9011.91,100.0,0,0,0,0,0,EMI_MISMATCH
CASE-0090,45000.0,45000.0,45000.0,6,0.0,13273.59,13273.59,0,0.0,0.0,13273.59,100.0,0,0,0,0,0,EMI_MISMATCH
CASE-0091,80000.0,80000.0,80000.0,2,8000.0,15046.21,15046.21,2,0.0,0.0,7046.21,88.08,0,0,0,0,0,EMI_MISMATCH
CASE-0092,30000.0,30000.0,30000.0,2,12000.0,21093.02,21093.02,1,0.0,0.0,9093.02,75.78,0,0,0,0,0,EMI_MISMATCH
CASE-0093,60000.0,60000.0,60000.0,3,0.0,0.0,0.0,0,0.0,0.0,0.0,0.0,0,2,1,0,2,DATA_QUALITY_ISSUE
CASE-0094,45000.0,45000.0,0.0,0,5000.0,5000.0,5000.0,1,45000.0,100.0,0.0,0.0,0,2,3,0,2,DATA_QUALITY_ISSUE
CASE-0095,100000.0,98403.11,98072.89,4,8000.0,7870.22,8058.56,2,1927.11,1.93,58.56,0.73,0,0,0,0,0,CONSISTENT
CASE-0096,100000.0,100726.45,99362.5,3,3000.0,2971.28,2999.52,3,637.5,0.64,0.48,0.02,1,0,0,0,0,CONSISTENT
CASE-0097,45000.0,45000.0,45000.0,3,12000.0,26176.43,26176.43,3,0.0,0.0,14176.43,118.14,0,0,0,0,0,EMI_MISMATCH
CASE-0098,30000.0,30561.1,30057.57,5,12000.0,11963.27,12032.89,3,57.57,0.19,32.89,0.27,0,0,0,0,0,CONSISTENT
CASE-0099,60000.0,60000.0,60000.0,2,8000.0,14836.24,14836.24,4,0.0,0.0,6836.24,85.45,0,0,0,0,0,EMI_MISMATCH
CASE-0100,150000.0,150000.0,150000.0,6,12000.0,12000.0,12000.0,1,0.0,0.0,0.0,0.0,67,0,0,0,0,EMPLOYMENT_MISMATCH
CASE-0101,100000.0,98952.94,99510.92,6,0.0,0.0,0.0,0,489.08,0.49,0.0,0.0,0,0,0,0,0,CONSISTENT
CASE-0102,80000.0,100961.39,100961.39,6,0.0,0.0,0.0,0,20961.39,26.2,0.0,0.0,0,0,0,0,0,SALARY_MISMATCH
CASE-0103,30000.0,21000.0,21000.0,4,8000.0,8000.0,16000.0,1,9000.0,30.0,8000.0,100.0,77,0,0,0,0,MULTIPLE_MISMATCH
CASE-0104,30000.0,29509.54,29783.18,4,5000.0,5090.01,5090.12,3,216.82,0.72,90.12,1.8,0,0,0,0,0,CONSISTENT
CASE-0105,100000.0,100000.0,100000.0,5,12000.0,17811.74,17811.74,3,0.0,0.0,5811.74,48.43,0,0,0,0,0,EMI_MISMATCH
CASE-0106,60000.0,60605.7,60699.79,6,12000.0,12139.02,11803.78,1,699.79,1.17,196.22,1.64,0,0,0,0,0,CONSISTENT
CASE-0107,150000.0,195680.35,195680.35,2,3000.0,3000.0,3000.0,2,45680.35,30.45,0.0,0.0,0,0,0,0,0,SALARY_MISMATCH
CASE-0108,60000.0,42000.0,42000.0,2,5000.0,5000.0,13000.0,2,18000.0,30.0,8000.0,160.0,84,0,0,0,0,MULTIPLE_MISMATCH
CASE-0109,80000.0,80836.83,80378.3,4,0.0,0.0,0.0,0,378.3,0.47,0.0,0.0,0,0,0,0,0,CONSISTENT
CASE-0110,150000.0,148335.46,149379.91,4,12000.0,12188.11,11830.37,2,620.09,0.41,169.63,1.41,0,0,0,0,0,CONSISTENT
CASE-0111,150000.0,203018.53,203018.53,6,5000.0,5000.0,5000.0,4,53018.53,35.35,0.0,0.0,0,0,0,0,0,SALARY_MISMATCH
CASE-0112,150000.0,105000.0,105000.0,2,8000.0,8000.0,16000.0,1,45000.0,30.0,8000.0,100.0,177,0,0,0,0,MULTIPLE_MISMATCH
CASE-0113,30000.0,30304.05,29851.51,5,12000.0,11800.08,12133.03,3,148.49,0.49,133.03,1.11,0,0,0,0,0,CONSISTENT
CASE-0114,60000.0,60000.0,60000.0,2,3000.0,16782.61,16782.61,3,0.0,0.0,13782.61,459.42,0,0,0,0,0,EMI_MISMATCH
CASE-0115,60000.0,58827.25,59924.79,3,12000.0,11787.03,11817.03,3,75.21,0.13,182.97,1.52,0,0,0,0,0,CONSISTENT
CASE-0116,30000.0,30217.25,29685.01,5,0.0,0.0,0.0,0,314.99,1.05,0.0,0.0,1,0,0,0,0,CONSISTENT
CASE-0117,80000.0,94320.96,94320.96,6,0.0,0.0,0.0,0,14320.96,17.9,0.0,0.0,0,0,0,0,0,SALARY_MISMATCH
CASE-0118,100000.0,56926.18,56926.18,2,20000.0,20000.0,20000.0,2,43073.82,43.07,0.0,0.0,0,0,0,0,0,SALARY_MISMATCH
CASE-0119,100000.0,100000.0,100000.0,4,12000.0,12000.0,0.0,0,0.0,0.0,12000.0,100.0,0,2,1,0,0,DATA_QUALITY_ISSUE
CASE-0120,150000.0,152957.79,147442.78,2,12000.0,12025.85,12225.27,3,2557.22,1.7,225.27,1.88,0,0,0,0,0,CONSISTENT
CASE-0121,30000.0,18194.64,18194.64,3,0.0,0.0,0.0,0,11805.36,39.35,0.0,0.0,0,0,0,0,0,SALARY_MISMATCH
CASE-0122,100000.0,64549.0,64549.0,4,20000.0,20000.0,20000.0,4,35451.0,35.45,0.0,0.0,0,0,0,0,0,SALARY_MISMATCH
CASE-0123,30000.0,21000.0,21000.0,3,5000.0,5000.0,13000.0,2,9000.0,30.0,8000.0,160.0,56,0,0,0,0,MULTIPLE_MISMATCH
CASE-0124,150000.0,147640.54,149013.96,3,8000.0,7894.3,8046.99,4,986.04,0.66,46.99,0.59,0,0,0,0,0,CONSISTENT
CASE-0125,80000.0,60553.74,60553.74,3,3000.0,3000.0,3000.0,3,19446.26,24.31,0.0,0.0,0,0,0,0,0,SALARY_MISMATCH
CASE-0126,80000.0,111548.53,111548.53,5,5000.0,5000.0,5000.0,2,31548.53,39.44,0.0,0.0,0,0,0,0,0,SALARY_MISMATCH
CASE-0127,30000.0,16955.15,16955.15,2,12000.0,12000.0,12000.0,4,13044.85,43.48,0.0,0.0,0,0,0,0,0,SALARY_MISMATCH
CASE-0128,100000.0,100000.0,100000.0,5,12000.0,25842.05,25842.05,2,0.0,0.0,13842.05,115.35,0,0,0,0,0,EMI_MISMATCH
CASE-0129,45000.0,31500.0,31500.0,3,5000.0,5000.0,13000.0,4,13500.0,30.0,8000.0,160.0,104,0,0,0,0,MULTIPLE_MISMATCH
CASE-0130,30000.0,30000.0,30000.0,4,3000.0,3000.0,3000.0,2,0.0,0.0,0.0,0.0,144,0,0,0,0,EMPLOYMENT_MISMATCH
CASE-0131,150000.0,150309.53,147989.01,2,3000.0,2989.35,3033.31,2,2010.99,1.34,33.31,1.11,1,0,0,0,0,CONSISTENT
CASE-0132,30000.0,19261.63,19261.63,4,5000.0,5000.0,5000.0,3,10738.37,35.79,0.0,0.0,0,0,0,0,0,SALARY_MISMATCH
CASE-0133,150000.0,83288.76,83288.76,4,5000.0,5000.0,5000.0,3,66711.24,44.47,0.0,0.0,0,0,0,0,0,SALARY_MISMATCH
CASE-0134,45000.0,31500.0,31500.0,5,0.0,0.0,8000.0,0,13500.0,30.0,8000.0,100.0,188,0,0,0,0,MULTIPLE_MISMATCH
CASE-0135,30000.0,24908.06,24908.06,6,12000.0,12000.0,12000.0,3,5091.94,16.97,0.0,0.0,0,0,0,0,0,SALARY_MISMATCH
CASE-0136,30000.0,21000.0,21000.0,2,12000.0,12000.0,20000.0,3,9000.0,30.0,8000.0,66.67,60,0,0,0,0,MULTIPLE_MISMATCH
CASE-0137,150000.0,150000.0,150000.0,6,5000.0,5000.0,0.0,0,0.0,0.0,5000.0,100.0,0,1,1,0,2,DATA_QUALITY_ISSUE
CASE-0138,100000.0,100000.0,100000.0,4,12000.0,26281.95,26281.95,4,0.0,0.0,14281.95,119.02,0,0,0,0,0,EMI_MISMATCH
CASE-0139,30000.0,21000.0,21000.0,6,12000.0,12000.0,20000.0,1,9000.0,30.0,8000.0,66.67,113,0,0,0,0,MULTIPLE_MISMATCH
CASE-0140,150000.0,222587.68,222587.68,6,0.0,0.0,0.0,0,72587.68,48.39,0.0,0.0,0,0,0,0,0,SALARY_MISMATCH
CASE-0141,150000.0,150000.0,150000.0,2,0.0,10732.11,10732.11,0,0.0,0.0,10732.11,100.0,0,0,0,0,0,EMI_MISMATCH
CASE-0142,80000.0,80000.0,80000.0,5,3000.0,11476.15,11476.15,1,0.0,0.0,8476.15,282.54,0,0,0,0,0,EMI_MISMATCH
CASE-0143,60000.0,75463.32,75463.32,6,5000.0,5000.0,5000.0,2,15463.32,25.77,0.0,0.0,0,0,0,0,0,SALARY_MISMATCH
CASE-0144,80000.0,80000.0,80000.0,2,12000.0,12000.0,12000.0,3,0.0,0.0,0.0,0.0,349,0,0,0,0,EMPLOYMENT_MISMATCH
CASE-0145,60000.0,60215.89,59952.11,4,0.0,0.0,0.0,0,47.89,0.08,0.0,0.0,0,0,0,0,0,CONSISTENT
CASE-0146,100000.0,62622.35,62622.35,4,12000.0,12000.0,12000.0,3,37377.65,37.38,0.0,0.0,0,0,0,0,0,SALARY_MISMATCH
CASE-0147,150000.0,150000.0,150000.0,4,8000.0,8000.0,8000.0,4,0.0,0.0,0.0,0.0,386,0,0,0,0,EMPLOYMENT_MISMATCH
CASE-0148,45000.0,45000.0,0.0,0,3000.0,3000.0,0.0,0,45000.0,100.0,3000.0,100.0,0,1,2,0,2,DATA_QUALITY_ISSUE
CASE-0149,60000.0,60000.0,60000.0,3,5000.0,18754.06,18754.06,3,0.0,0.0,13754.06,275.08,0,0,0,0,0,EMI_MISMATCH
CASE-0150,150000.0,151701.92,149379.26,5,0.0,0.0,0.0,0,620.74,0.41,0.0,0.0,0,0,0,0,0,CONSISTENT
CASE-0151,60000.0,60000.0,60000.0,4,0.0,14343.77,14343.77,0,0.0,0.0,14343.77,100.0,0,0,0,0,0,EMI_MISMATCH
CASE-0152,30000.0,30322.7,29479.48,4,3000.0,2945.5,3014.5,2,520.52,1.74,14.5,0.48,1,0,0,0,0,CONSISTENT
CASE-0153,150000.0,150477.9,149049.38,6,5000.0,5007.45,4992.02,3,950.62,0.63,7.98,0.16,1,0,0,0,0,CONSISTENT
CASE-0154,60000.0,60000.0,60000.0,5,20000.0,31069.68,31069.68,4,0.0,0.0,11069.68,55.35,0,0,0,0,0,EMI_MISMATCH
CASE-0155,80000.0,81269.72,79916.68,3,0.0,0.0,0.0,0,83.32,0.1,0.0,0.0,1,0,0,0,0,CONSISTENT
CASE-0156,45000.0,45000.0,45000.0,3,12000.0,16499.76,16499.76,1,0.0,0.0,4499.76,37.5,0,0,0,0,0,EMI_MISMATCH
CASE-0157,100000.0,99114.36,98708.04,4,3000.0,2950.64,2954.48,3,1291.96,1.29,45.52,1.52,0,0,0,0,0,CONSISTENT
CASE-0158,45000.0,57487.25,57487.25,3,20000.0,20000.0,20000.0,3,12487.25,27.75,0.0,0.0,0,0,0,0,0,SALARY_MISMATCH
CASE-0159,100000.0,116375.92,116375.92,3,5000.0,5000.0,5000.0,2,16375.92,16.38,0.0,0.0,0,0,0,0,0,SALARY_MISMATCH
CASE-0160,30000.0,30000.0,30000.0,3,20000.0,20000.0,20000.0,4,0.0,0.0,0.0,0.0,342,0,0,0,0,EMPLOYMENT_MISMATCH
CASE-0161,150000.0,152525.23,147366.47,2,5000.0,4955.38,5061.24,4,2633.53,1.76,61.24,1.22,1,0,0,0,0,CONSISTENT
CASE-0162,100000.0,100000.0,100000.0,6,8000.0,8000.0,8000.0,2,0.0,0.0,0.0,0.0,397,0,0,0,0,EMPLOYMENT_MISMATCH
CASE-0163,150000.0,150709.53,149213.48,5,20000.0,19970.03,20197.98,4,786.52,0.52,197.98,0.99,1,0,0,0,0,CONSISTENT
CASE-0164,60000.0,60948.5,60028.03,3,5000.0,5006.42,4921.43,2,28.03,0.05,78.57,1.57,0,0,0,0,0,CONSISTENT
CASE-0165,60000.0,74091.88,74091.88,2,5000.0,5000.0,5000.0,4,14091.88,23.49,0.0,0.0,0,0,0,0,0,SALARY_MISMATCH
CASE-0166,100000.0,98080.28,99288.32,6,8000.0,7907.66,7944.8,4,711.68,0.71,55.2,0.69,0,0,0,0,0,CONSISTENT
CASE-0167,30000.0,30112.31,30214.92,6,12000.0,12138.8,11999.25,2,214.92,0.72,0.75,0.01,0,0,0,0,0,CONSISTENT
CASE-0168,150000.0,150346.45,150519.21,5,3000.0,3007.74,2985.45,2,519.21,0.35,14.55,0.48,1,0,0,0,0,CONSISTENT
CASE-0169,80000.0,80344.18,79181.93,6,3000.0,2999.79,2979.64,3,818.07,1.02,20.36,0.68,1,0,0,0,0,CONSISTENT
CASE-0170,100000.0,100000.0,0.0,0,20000.0,20000.0,20000.0,4,100000.0,100.0,0.0,0.0,0,2,1,0,2,DATA_QUALITY_ISSUE
CASE-0171,150000.0,152104.91,147527.33,3,8000.0,8097.88,7857.81,3,2472.67,1.65,142.19,1.78,1,0,0,0,0,CONSISTENT
CASE-0172,60000.0,42000.0,42000.0,3,5000.0,5000.0,13000.0,3,18000.0,30.0,8000.0,160.0,127,0,0,0,0,MULTIPLE_MISMATCH
CASE-0173,100000.0,101989.02,101586.44,2,8000.0,8024.32,8133.57,3,1586.44,1.59,133.57,1.67,0,0,0,0,0,CONSISTENT
CASE-0174,150000.0,149944.49,151337.38,4,0.0,0.0,0.0,0,1337.38,0.89,0.0,0.0,0,0,0,0,0,CONSISTENT
CASE-0175,45000.0,31500.0,31500.0,4,5000.0,5000.0,13000.0,1,13500.0,30.0,8000.0,160.0,50,0,0,0,0,MULTIPLE_MISMATCH
CASE-0176,60000.0,60000.0,60000.0,3,12000.0,24003.41,24003.41,2,0.0,0.0,12003.41,100.03,0,0,0,0,0,EMI_MISMATCH
CASE-0177,150000.0,149552.62,150045.66,5,8000.0,7917.57,7876.75,2,45.66,0.03,123.25,1.54,0,0,0,0,0,CONSISTENT
CASE-0178,150000.0,150000.0,150000.0,2,12000.0,20579.35,20579.35,4,0.0,0.0,8579.35,71.49,0,0,0,0,0,EMI_MISMATCH
CASE-0179,100000.0,100000.0,100000.0,5,5000.0,5000.0,5000.0,3,0.0,0.0,0.0,0.0,0,2,2,0,0,DATA_QUALITY_ISSUE
CASE-0180,150000.0,150000.0,150000.0,6,3000.0,10905.48,10905.48,1,0.0,0.0,7905.48,263.52,0,0,0,0,0,EMI_MISMATCH
CASE-0181,45000.0,54927.25,54927.25,6,8000.0,8000.0,8000.0,4,9927.25,22.06,0.0,0.0,0,0,0,0,0,SALARY_MISMATCH
CASE-0182,80000.0,80000.0,80000.0,4,0.0,3804.72,3804.72,0,0.0,0.0,3804.72,100.0,0,0,0,0,0,EMI_MISMATCH
CASE-0183,30000.0,29967.8,30127.32,4,5000.0,5058.86,4921.34,4,127.32,0.42,78.66,1.57,1,0,0,0,0,CONSISTENT
CASE-0184,80000.0,56000.0,56000.0,6,8000.0,8000.0,16000.0,2,24000.0,30.0,8000.0,100.0,139,0,0,0,0,MULTIPLE_MISMATCH
CASE-0185,100000.0,147841.92,147841.92,3,5000.0,5000.0,5000.0,3,47841.92,47.84,0.0,0.0,0,0,0,0,0,SALARY_MISMATCH
CASE-0186,60000.0,60578.69,60178.74,2,0.0,0.0,0.0,0,178.74,0.3,0.0,0.0,1,0,0,0,0,CONSISTENT
CASE-0187,60000.0,42000.0,42000.0,4,0.0,0.0,8000.0,0,18000.0,30.0,8000.0,100.0,186,0,0,0,0,MULTIPLE_MISMATCH
CASE-0188,80000.0,80000.0,80000.0,5,20000.0,20000.0,20000.0,2,0.0,0.0,0.0,0.0,460,0,0,0,0,EMPLOYMENT_MISMATCH
CASE-0189,100000.0,70000.0,70000.0,5,12000.0,12000.0,20000.0,2,30000.0,30.0,8000.0,66.67,174,0,0,0,0,MULTIPLE_MISMATCH
CASE-0190,150000.0,152447.2,148897.18,6,3000.0,3010.6,3021.96,1,1102.82,0.74,21.96,0.73,1,0,0,0,0,CONSISTENT
CASE-0191,150000.0,205265.33,205265.33,6,5000.0,5000.0,5000.0,1,55265.33,36.84,0.0,0.0,0,0,0,0,0,SALARY_MISMATCH
CASE-0192,30000.0,38231.31,38231.31,5,0.0,0.0,0.0,0,8231.31,27.44,0.0,0.0,0,0,0,0,0,SALARY_MISMATCH
CASE-0193,45000.0,52799.25,52799.25,5,20000.0,20000.0,20000.0,2,7799.25,17.33,0.0,0.0,0,0,0,0,0,SALARY_MISMATCH
CASE-0194,60000.0,61055.6,60306.5,5,20000.0,19867.92,19711.42,3,306.5,0.51,288.58,1.44,0,0,0,0,0,CONSISTENT
CASE-0195,100000.0,100000.0,100000.0,5,0.0,0.0,0.0,0,0.0,0.0,0.0,0.0,197,0,0,0,0,EMPLOYMENT_MISMATCH
CASE-0196,60000.0,89951.54,89951.54,4,8000.0,8000.0,8000.0,4,29951.54,49.92,0.0,0.0,0,0,0,0,0,SALARY_MISMATCH
CASE-0197,100000.0,100000.0,100000.0,5,12000.0,12000.0,12000.0,3,0.0,0.0,0.0,0.0,457,0,0,0,0,EMPLOYMENT_MISMATCH
CASE-0198,30000.0,30000.0,30000.0,2,20000.0,20000.0,20000.0,4,0.0,0.0,0.0,0.0,39,0,0,0,0,EMPLOYMENT_MISMATCH
CASE-0199,45000.0,44989.17,45458.34,6,3000.0,2952.35,3004.38,1,458.34,1.02,4.38,0.15,0,0,0,0,0,CONSISTENT
CASE-0200,100000.0,71094.94,71094.94,3,8000.0,8000.0,8000.0,1,28905.06,28.91,0.0,0.0,0,0,0,0,0,SALARY_MISMATCH
CASE-0201,100000.0,100000.0,100000.0,2,12000.0,12000.0,12000.0,1,0.0,0.0,0.0,0.0,156,0,0,0,0,EMPLOYMENT_MISMATCH
CASE-0202,80000.0,80704.12,80451.67,3,12000.0,12093.1,12020.51,1,451.67,0.56,20.51,0.17,0,0,0,0,0,CONSISTENT
CASE-0203,100000.0,98726.39,101633.8,3,8000.0,8026.69,7968.27,2,1633.8,1.63,31.73,0.4,1,0,0,0,0,CONSISTENT
CASE-0204,150000.0,180550.95,180550.95,2,5000.0,5000.0,5000.0,2,30550.95,20.37,0.0,0.0,0,0,0,0,0,SALARY_MISMATCH
CASE-0205,150000.0,150000.0,150000.0,4,3000.0,12948.91,12948.91,3,0.0,0.0,9948.91,331.63,0,0,0,0,0,EMI_MISMATCH
CASE-0206,80000.0,81382.78,80208.43,3,5000.0,5039.33,5084.5,1,208.43,0.26,84.5,1.69,0,0,0,0,0,CONSISTENT
CASE-0207,45000.0,45000.0,45000.0,4,0.0,0.0,0.0,0,0.0,0.0,0.0,0.0,85,0,0,0,0,EMPLOYMENT_MISMATCH
CASE-0208,45000.0,45000.0,45000.0,6,0.0,7513.7,7513.7,0,0.0,0.0,7513.7,100.0,0,0,0,0,0,EMI_MISMATCH
CASE-0209,30000.0,30000.0,30000.0,2,20000.0,20000.0,20000.0,3,0.0,0.0,0.0,0.0,324,0,0,0,0,EMPLOYMENT_MISMATCH
CASE-0210,30000.0,21000.0,21000.0,5,20000.0,20000.0,28000.0,4,9000.0,30.0,8000.0,40.0,198,0,0,0,0,MULTIPLE_MISMATCH
CASE-0211,45000.0,44435.38,45607.48,3,20000.0,19865.72,19849.16,1,607.48,1.35,150.84,0.75,0,0,0,0,0,CONSISTENT
CASE-0212,100000.0,100977.0,98822.32,2,0.0,0.0,0.0,0,1177.68,1.18,0.0,0.0,0,0,0,0,0,CONSISTENT
CASE-0213,45000.0,45000.0,45000.0,6,0.0,0.0,0.0,0,0.0,0.0,0.0,0.0,442,0,0,0,0,EMPLOYMENT_MISMATCH
CASE-0214,80000.0,81163.26,81353.47,2,0.0,0.0,0.0,0,1353.47,1.69,0.0,0.0,0,0,0,0,0,CONSISTENT
CASE-0215,60000.0,31712.45,31712.45,4,3000.0,3000.0,3000.0,4,28287.55,47.15,0.0,0.0,0,0,0,0,0,SALARY_MISMATCH
CASE-0216,60000.0,60000.0,60000.0,2,8000.0,21865.74,21865.74,3,0.0,0.0,13865.74,173.32,0,0,0,0,0,EMI_MISMATCH
CASE-0217,30000.0,29902.71,30497.82,2,8000.0,7955.97,8025.79,4,497.82,1.66,25.79,0.32,1,0,0,0,0,CONSISTENT
CASE-0218,80000.0,80000.0,80000.0,2,3000.0,13625.99,13625.99,4,0.0,0.0,10625.99,354.2,0,0,0,0,0,EMI_MISMATCH
CASE-0219,80000.0,78875.72,79726.8,4,0.0,0.0,0.0,0,273.2,0.34,0.0,0.0,1,0,0,0,0,CONSISTENT
CASE-0220,100000.0,99198.38,99239.75,3,0.0,0.0,0.0,0,760.25,0.76,0.0,0.0,1,0,0,0,0,CONSISTENT
CASE-0221,60000.0,34204.58,34204.58,3,5000.0,5000.0,5000.0,3,25795.42,42.99,0.0,0.0,0,0,0,0,0,SALARY_MISMATCH
CASE-0222,150000.0,150749.86,149266.36,6,12000.0,12161.55,12041.98,4,733.64,0.49,41.98,0.35,1,0,0,0,0,CONSISTENT
CASE-0223,60000.0,60058.54,59857.83,5,3000.0,2988.09,3007.16,3,142.17,0.24,7.16,0.24,0,0,0,0,0,CONSISTENT
CASE-0224,30000.0,29490.6,30303.9,3,12000.0,11890.7,12190.77,1,303.9,1.01,190.77,1.59,0,0,0,0,0,CONSISTENT
CASE-0225,30000.0,16682.22,16682.22,5,8000.0,8000.0,8000.0,2,13317.78,44.39,0.0,0.0,0,0,0,0,0,SALARY_MISMATCH
CASE-0226,30000.0,21000.0,21000.0,6,0.0,0.0,8000.0,0,9000.0,30.0,8000.0,100.0,171,0,0,0,0,MULTIPLE_MISMATCH
CASE-0227,60000.0,60228.12,59614.25,5,12000.0,12033.33,12185.98,3,385.75,0.64,185.98,1.55,0,0,0,0,0,CONSISTENT
CASE-0228,45000.0,45000.0,45000.0,5,5000.0,10161.24,10161.24,3,0.0,0.0,5161.24,103.22,0,0,0,0,0,EMI_MISMATCH
CASE-0229,150000.0,150000.0,150000.0,3,5000.0,5000.0,5000.0,4,0.0,0.0,0.0,0.0,138,0,0,0,0,EMPLOYMENT_MISMATCH
CASE-0230,80000.0,80000.0,0.0,0,12000.0,12000.0,12000.0,3,80000.0,100.0,0.0,0.0,0,2,2,0,2,DATA_QUALITY_ISSUE
CASE-0231,150000.0,147078.01,147513.05,2,3000.0,2964.95,2943.18,2,2486.95,1.66,56.82,1.89,0,0,0,0,0,CONSISTENT
CASE-0232,80000.0,79748.56,81256.55,3,12000.0,12152.37,11924.07,4,1256.55,1.57,75.93,0.63,1,0,0,0,0,CONSISTENT
CASE-0233,45000.0,45162.53,44582.51,6,5000.0,5024.83,4981.88,2,417.49,0.93,18.12,0.36,1,0,0,0,0,CONSISTENT
CASE-0234,45000.0,45000.0,45000.0,5,12000.0,17828.05,17828.05,4,0.0,0.0,5828.05,48.57,0,0,0,0,0,EMI_MISMATCH
CASE-0235,150000.0,150000.0,0.0,0,8000.0,8000.0,8000.0,1,150000.0,100.0,0.0,0.0,0,2,1,0,1,DATA_QUALITY_ISSUE
CASE-0236,45000.0,44977.38,45710.19,6,20000.0,20239.88,19940.17,3,710.19,1.58,59.83,0.3,1,0,0,0,0,CONSISTENT
CASE-0237,150000.0,150249.81,150800.87,6,0.0,0.0,0.0,0,800.87,0.53,0.0,0.0,0,0,0,0,0,CONSISTENT
CASE-0238,150000.0,152009.58,152906.41,5,20000.0,20020.55,19737.34,3,2906.41,1.94,262.66,1.31,0,0,0,0,0,CONSISTENT
CASE-0239,60000.0,60994.32,59082.6,5,20000.0,20061.21,19819.24,3,917.4,1.53,180.76,0.9,0,0,0,0,0,CONSISTENT
CASE-0240,30000.0,30000.0,30000.0,4,20000.0,32786.64,32786.64,2,0.0,0.0,12786.64,63.93,0,0,0,0,0,EMI_MISMATCH
CASE-0241,45000.0,44346.39,45720.03,2,20000.0,20299.11,20077.93,2,720.03,1.6,77.93,0.39,0,0,0,0,0,CONSISTENT
CASE-0242,30000.0,30000.0,30000.0,2,12000.0,16279.83,16279.83,2,0.0,0.0,4279.83,35.67,0,0,0,0,0,EMI_MISMATCH
CASE-0243,45000.0,31500.0,31500.0,3,12000.0,12000.0,20000.0,2,13500.0,30.0,8000.0,66.67,138,0,0,0,0,MULTIPLE_MISMATCH
CASE-0244,45000.0,37510.29,37510.29,4,20000.0,20000.0,20000.0,3,7489.71,16.64,0.0,0.0,0,0,0,0,0,SALARY_MISMATCH
CASE-0245,60000.0,58998.72,60247.57,3,0.0,0.0,0.0,0,247.57,0.41,0.0,0.0,0,0,0,0,0,CONSISTENT
CASE-0246,100000.0,99154.77,99422.69,3,5000.0,5043.81,4959.42,3,577.31,0.58,40.58,0.81,0,0,0,0,0,CONSISTENT
CASE-0247,45000.0,45000.0,45000.0,4,20000.0,23755.02,23755.02,1,0.0,0.0,3755.02,18.78,0,0,0,0,0,EMI_MISMATCH
CASE-0248,45000.0,60252.52,60252.52,6,8000.0,8000.0,8000.0,2,15252.52,33.89,0.0,0.0,0,0,0,0,0,SALARY_MISMATCH
CASE-0249,80000.0,81108.51,81456.76,2,5000.0,4930.93,5024.67,3,1456.76,1.82,24.67,0.49,0,0,0,0,0,CONSISTENT
CASE-0250,30000.0,38191.17,38191.17,5,0.0,0.0,0.0,0,8191.17,27.3,0.0,0.0,0,0,0,0,0,SALARY_MISMATCH
CASE-0251,100000.0,135940.01,135940.01,2,5000.0,5000.0,5000.0,3,35940.01,35.94,0.0,0.0,0,0,0,0,0,SALARY_MISMATCH
CASE-0252,60000.0,70633.07,70633.07,5,5000.0,5000.0,5000.0,3,10633.07,17.72,0.0,0.0,0,0,0,0,0,SALARY_MISMATCH
CASE-0253,60000.0,58812.61,59047.42,2,20000.0,19851.68,20245.94,3,952.58,1.59,245.94,1.23,1,0,0,0,0,CONSISTENT
CASE-0254,30000.0,30000.0,0.0,0,3000.0,3000.0,0.0,0,30000.0,100.0,3000.0,100.0,0,2,2,0,0,DATA_QUALITY_ISSUE
CASE-0255,30000.0,30000.0,30000.0,3,8000.0,17044.71,17044.71,2,0.0,0.0,9044.71,113.06,0,0,0,0,0,EMI_MISMATCH
CASE-0256,100000.0,70000.0,70000.0,6,0.0,0.0,8000.0,0,30000.0,30.0,8000.0,100.0,92,0,0,0,0,MULTIPLE_MISMATCH
CASE-0257,150000.0,150000.0,150000.0,2,20000.0,34747.5,34747.5,2,0.0,0.0,14747.5,73.74,0,0,0,0,0,EMI_MISMATCH
CASE-0258,80000.0,56000.0,56000.0,2,5000.0,5000.0,13000.0,4,24000.0,30.0,8000.0,160.0,170,0,0,0,0,MULTIPLE_MISMATCH
CASE-0259,100000.0,100000.0,100000.0,6,3000.0,3000.0,0.0,0,0.0,0.0,3000.0,100.0,0,2,2,0,1,DATA_QUALITY_ISSUE
CASE-0260,45000.0,44425.04,45122.3,5,0.0,0.0,0.0,0,122.3,0.27,0.0,0.0,0,0,0,0,0,CONSISTENT
CASE-0261,150000.0,105000.0,105000.0,6,12000.0,12000.0,20000.0,1,45000.0,30.0,8000.0,66.67,171,0,0,0,0,MULTIPLE_MISMATCH
CASE-0262,60000.0,60000.0,60000.0,2,3000.0,3000.0,3000.0,2,0.0,0.0,0.0,0.0,350,0,0,0,0,EMPLOYMENT_MISMATCH
CASE-0263,100000.0,58922.74,58922.74,3,3000.0,3000.0,3000.0,3,41077.26,41.08,0.0,0.0,0,0,0,0,0,SALARY_MISMATCH
CASE-0264,60000.0,60053.84,60346.91,3,3000.0,3018.02,2983.76,2,346.91,0.58,16.24,0.54,0,0,0,0,0,CONSISTENT
CASE-0265,100000.0,100000.0,100000.0,6,3000.0,16504.98,16504.98,1,0.0,0.0,13504.98,450.17,0,0,0,0,0,EMI_MISMATCH
CASE-0266,45000.0,60765.74,60765.74,3,8000.0,8000.0,8000.0,1,15765.74,35.03,0.0,0.0,0,0,0,0,0,SALARY_MISMATCH
CASE-0267,80000.0,80000.0,80000.0,6,12000.0,12000.0,12000.0,4,0.0,0.0,0.0,0.0,179,0,0,0,0,EMPLOYMENT_MISMATCH
CASE-0268,100000.0,100000.0,100000.0,2,3000.0,11762.19,11762.19,2,0.0,0.0,8762.19,292.07,0,0,0,0,0,EMI_MISMATCH
CASE-0269,80000.0,56309.83,56309.83,4,20000.0,20000.0,20000.0,3,23690.17,29.61,0.0,0.0,0,0,0,0,0,SALARY_MISMATCH
CASE-0270,45000.0,38246.26,38246.26,5,20000.0,20000.0,20000.0,1,6753.74,15.01,0.0,0.0,0,0,0,0,0,SALARY_MISMATCH
CASE-0271,45000.0,44226.05,44117.07,4,5000.0,4910.54,4917.71,2,882.93,1.96,82.29,1.65,1,0,0,0,0,CONSISTENT
CASE-0272,80000.0,80258.42,79269.4,2,0.0,0.0,0.0,0,730.6,0.91,0.0,0.0,0,0,0,0,0,CONSISTENT
CASE-0273,150000.0,109840.55,109840.55,3,0.0,0.0,0.0,0,40159.45,26.77,0.0,0.0,0,0,0,0,0,SALARY_MISMATCH
CASE-0274,30000.0,34535.14,34535.14,3,20000.0,20000.0,20000.0,1,4535.14,15.12,0.0,0.0,0,0,0,0,0,SALARY_MISMATCH
CASE-0275,150000.0,188056.18,188056.18,4,3000.0,3000.0,3000.0,3,38056.18,25.37,0.0,0.0,0,0,0,0,0,SALARY_MISMATCH
CASE-0276,30000.0,30492.41,29454.12,5,0.0,0.0,0.0,0,545.88,1.82,0.0,0.0,0,0,0,0,0,CONSISTENT
CASE-0277,30000.0,29661.9,30539.95,5,8000.0,8091.63,7868.61,3,539.95,1.8,131.39,1.64,1,0,0,0,0,CONSISTENT
CASE-0278,150000.0,80054.49,80054.49,5,5000.0,5000.0,5000.0,1,69945.51,46.63,0.0,0.0,0,0,0,0,0,SALARY_MISMATCH
CASE-0279,80000.0,80000.0,80000.0,5,8000.0,8000.0,0.0,0,0.0,0.0,8000.0,100.0,0,2,1,0,0,DATA_QUALITY_ISSUE
CASE-0280,80000.0,80478.87,80344.76,6,12000.0,12006.09,11870.72,1,344.76,0.43,129.28,1.08,0,0,0,0,0,CONSISTENT
CASE-0281,45000.0,44435.59,45503.25,6,0.0,0.0,0.0,0,503.25,1.12,0.0,0.0,0,0,0,0,0,CONSISTENT
CASE-0282,100000.0,51081.41,51081.41,3,20000.0,20000.0,20000.0,4,48918.59,48.92,0.0,0.0,0,0,0,0,0,SALARY_MISMATCH
CASE-0283,60000.0,42000.0,42000.0,5,8000.0,8000.0,16000.0,3,18000.0,30.0,8000.0,100.0,61,0,0,0,0,MULTIPLE_MISMATCH
CASE-0284,100000.0,100000.0,100000.0,6,5000.0,5000.0,5000.0,4,0.0,0.0,0.0,0.0,0,2,1,0,1,DATA_QUALITY_ISSUE
CASE-0285,45000.0,62712.32,62712.32,2,3000.0,3000.0,3000.0,2,17712.32,39.36,0.0,0.0,0,0,0,0,0,SALARY_MISMATCH
CASE-0286,60000.0,60295.05,60594.89,5,20000.0,19627.89,20315.94,3,594.89,0.99,315.94,1.58,1,0,0,0,0,CONSISTENT
CASE-0287,60000.0,42000.0,42000.0,6,0.0,0.0,8000.0,0,18000.0,30.0,8000.0,100.0,24,0,0,0,0,MULTIPLE_MISMATCH
CASE-0288,60000.0,79010.21,79010.21,5,8000.0,8000.0,8000.0,1,19010.21,31.68,0.0,0.0,0,0,0,0,0,SALARY_MISMATCH
CASE-0289,45000.0,44163.76,44692.29,4,8000.0,8138.11,8075.27,1,307.71,0.68,75.27,0.94,1,0,0,0,0,CONSISTENT
CASE-0290,80000.0,79231.21,80714.94,6,20000.0,19996.7,19664.84,1,714.94,0.89,335.16,1.68,1,0,0,0,0,CONSISTENT
CASE-0291,100000.0,98304.52,101404.83,5,8000.0,7998.45,7993.79,1,1404.83,1.4,6.21,0.08,0,0,0,0,0,CONSISTENT
CASE-0292,45000.0,45000.0,45000.0,6,5000.0,11521.52,11521.52,3,0.0,0.0,6521.52,130.43,0,0,0,0,0,EMI_MISMATCH
CASE-0293,60000.0,60000.0,60000.0,6,12000.0,17471.37,17471.37,4,0.0,0.0,5471.37,45.59,0,0,0,0,0,EMI_MISMATCH
CASE-0294,60000.0,42000.0,42000.0,5,8000.0,8000.0,16000.0,1,18000.0,30.0,8000.0,100.0,67,0,0,0,0,MULTIPLE_MISMATCH
CASE-0295,60000.0,42000.0,42000.0,4,0.0,0.0,8000.0,0,18000.0,30.0,8000.0,100.0,155,0,0,0,0,MULTIPLE_MISMATCH
CASE-0296,100000.0,101720.36,98423.34,3,0.0,0.0,0.0,0,1576.66,1.58,0.0,0.0,0,0,0,0,0,CONSISTENT
CASE-0297,80000.0,80000.0,80000.0,5,12000.0,25451.32,25451.32,4,0.0,0.0,13451.32,112.09,0,0,0,0,0,EMI_MISMATCH
CASE-0298,60000.0,42000.0,42000.0,2,3000.0,3000.0,11000.0,1,18000.0,30.0,8000.0,266.67,176,0,0,0,0,MULTIPLE_MISMATCH
CASE-0299,60000.0,60584.42,59185.82,6,12000.0,12152.62,12159.42,2,814.18,1.36,159.42,1.33,0,0,0,0,0,CONSISTENT
CASE-0300,45000.0,28533.4,28533.4,4,12000.0,12000.0,12000.0,1,16466.6,36.59,0.0,0.0,0,0,0,0,0,SALARY_MISMATCH
CASE-0301,30000.0,30000.0,0.0,0,3000.0,3000.0,3000.0,2,30000.0,100.0,0.0,0.0,0,1,2,0,0,DATA_QUALITY_ISSUE
CASE-0302,100000.0,100000.0,100000.0,4,5000.0,8669.83,8669.83,3,0.0,0.0,3669.83,73.4,0,0,0,0,0,EMI_MISMATCH
CASE-0303,45000.0,45833.39,44715.37,5,0.0,0.0,0.0,0,284.63,0.63,0.0,0.0,1,0,0,0,0,CONSISTENT
CASE-0304,150000.0,150000.0,150000.0,5,12000.0,15332.63,15332.63,2,0.0,0.0,3332.63,27.77,0,0,0,0,0,EMI_MISMATCH
CASE-0305,80000.0,80000.0,0.0,0,3000.0,3000.0,0.0,0,80000.0,100.0,3000.0,100.0,0,2,1,0,2,DATA_QUALITY_ISSUE
CASE-0306,30000.0,30000.0,30000.0,2,8000.0,8000.0,8000.0,3,0.0,0.0,0.0,0.0,0,2,2,0,2,DATA_QUALITY_ISSUE
CASE-0307,45000.0,44722.59,45217.65,4,20000.0,19636.59,20297.23,4,217.65,0.48,297.23,1.49,0,0,0,0,0,CONSISTENT
CASE-0308,100000.0,100000.0,0.0,0,8000.0,8000.0,8000.0,4,100000.0,100.0,0.0,0.0,0,2,2,0,2,DATA_QUALITY_ISSUE
CASE-0309,60000.0,60000.0,60000.0,4,8000.0,8000.0,8000.0,2,0.0,0.0,0.0,0.0,387,0,0,0,0,EMPLOYMENT_MISMATCH
CASE-0310,100000.0,100000.0,100000.0,3,5000.0,5000.0,5000.0,4,0.0,0.0,0.0,0.0,149,0,0,0,0,EMPLOYMENT_MISMATCH
CASE-0311,60000.0,42000.0,42000.0,5,5000.0,5000.0,13000.0,1,18000.0,30.0,8000.0,160.0,96,0,0,0,0,MULTIPLE_MISMATCH
CASE-0312,45000.0,45000.0,45000.0,5,3000.0,8557.15,8557.15,4,0.0,0.0,5557.15,185.24,0,0,0,0,0,EMI_MISMATCH
CASE-0313,30000.0,30000.0,0.0,0,5000.0,5000.0,0.0,0,30000.0,100.0,5000.0,100.0,0,2,1,0,0,DATA_QUALITY_ISSUE
CASE-0314,100000.0,125443.11,125443.11,2,12000.0,12000.0,12000.0,4,25443.11,25.44,0.0,0.0,0,0,0,0,0,SALARY_MISMATCH
CASE-0315,150000.0,105000.0,105000.0,5,8000.0,8000.0,16000.0,1,45000.0,30.0,8000.0,100.0,199,0,0,0,0,MULTIPLE_MISMATCH
CASE-0316,60000.0,60000.0,60000.0,3,5000.0,19361.23,19361.23,4,0.0,0.0,14361.23,287.22,0,0,0,0,0,EMI_MISMATCH
CASE-0317,80000.0,81419.57,79743.13,3,12000.0,12066.49,11950.85,1,256.87,0.32,49.15,0.41,1,0,0,0,0,CONSISTENT
CASE-0318,60000.0,59782.4,60945.84,4,5000.0,4945.99,4942.62,3,945.84,1.58,57.38,1.15,1,0,0,0,0,CONSISTENT
CASE-0319,30000.0,30075.3,29965.84,2,8000.0,8013.83,7890.96,3,34.16,0.11,109.04,1.36,1,0,0,0,0,CONSISTENT
CASE-0320,100000.0,98614.63,99814.77,4,12000.0,12014.57,11768.57,4,185.23,0.19,231.43,1.93,0,0,0,0,0,CONSISTENT
CASE-0321,80000.0,80000.0,80000.0,6,12000.0,12000.0,12000.0,1,0.0,0.0,0.0,0.0,150,0,0,0,0,EMPLOYMENT_MISMATCH
CASE-0322,45000.0,31500.0,31500.0,4,5000.0,5000.0,13000.0,2,13500.0,30.0,8000.0,160.0,38,0,0,0,0,MULTIPLE_MISMATCH
CASE-0323,30000.0,29540.77,29550.22,5,20000.0,20148.45,19944.24,1,449.78,1.5,55.76,0.28,0,0,0,0,0,CONSISTENT
CASE-0324,30000.0,29477.05,30098.37,5,8000.0,7926.08,8095.22,2,98.37,0.33,95.22,1.19,0,0,0,0,0,CONSISTENT
CASE-0325,100000.0,98046.48,98289.79,2,0.0,0.0,0.0,0,1710.21,1.71,0.0,0.0,0,0,0,0,0,CONSISTENT
CASE-0326,150000.0,187812.29,187812.29,4,20000.0,20000.0,20000.0,1,37812.29,25.21,0.0,0.0,0,0,0,0,0,SALARY_MISMATCH
CASE-0327,30000.0,30000.0,30000.0,4,8000.0,20138.06,20138.06,4,0.0,0.0,12138.06,151.73,0,0,0,0,0,EMI_MISMATCH
CASE-0328,150000.0,147629.58,148452.27,3,5000.0,5097.33,4928.5,2,1547.73,1.03,71.5,1.43,1,0,0,0,0,CONSISTENT
CASE-0329,150000.0,209379.41,209379.41,6,8000.0,8000.0,8000.0,2,59379.41,39.59,0.0,0.0,0,0,0,0,0,SALARY_MISMATCH
CASE-0330,45000.0,45000.0,45000.0,2,8000.0,10941.41,10941.41,4,0.0,0.0,2941.41,36.77,0,0,0,0,0,EMI_MISMATCH
CASE-0331,30000.0,35366.34,35366.34,6,12000.0,12000.0,12000.0,2,5366.34,17.89,0.0,0.0,0,0,0,0,0,SALARY_MISMATCH
CASE-0332,45000.0,31500.0,31500.0,6,20000.0,20000.0,28000.0,2,13500.0,30.0,8000.0,40.0,74,0,0,0,0,MULTIPLE_MISMATCH
CASE-0333,150000.0,151136.79,151803.52,5,3000.0,2964.02,2960.1,3,1803.52,1.2,39.9,1.33,1,0,0,0,0,CONSISTENT
CASE-0334,60000.0,60495.54,58875.81,4,12000.0,12209.38,11784.95,1,1124.19,1.87,215.05,1.79,1,0,0,0,0,CONSISTENT
CASE-0335,45000.0,65467.76,65467.76,4,8000.0,8000.0,8000.0,2,20467.76,45.48,0.0,0.0,0,0,0,0,0,SALARY_MISMATCH
CASE-0336,150000.0,150000.0,150000.0,4,8000.0,8000.0,8000.0,3,0.0,0.0,0.0,0.0,357,0,0,0,0,EMPLOYMENT_MISMATCH
CASE-0337,60000.0,60947.56,60114.22,5,5000.0,5063.46,4990.46,3,114.22,0.19,9.54,0.19,1,0,0,0,0,CONSISTENT
CASE-0338,30000.0,30000.0,30000.0,4,8000.0,19510.66,19510.66,2,0.0,0.0,11510.66,143.88,0,0,0,0,0,EMI_MISMATCH
CASE-0339,150000.0,148482.62,147957.27,5,8000.0,8118.97,7910.15,4,2042.73,1.36,89.85,1.12,0,0,0,0,0,CONSISTENT
CASE-0340,80000.0,80000.0,0.0,0,12000.0,12000.0,12000.0,4,80000.0,100.0,0.0,0.0,0,2,3,0,1,DATA_QUALITY_ISSUE
CASE-0341,100000.0,98646.69,98083.44,5,5000.0,5030.65,4966.46,3,1916.56,1.92,33.54,0.67,0,0,0,0,0,CONSISTENT
CASE-0342,60000.0,49287.94,49287.94,6,5000.0,5000.0,5000.0,1,10712.06,17.85,0.0,0.0,0,0,0,0,0,SALARY_MISMATCH
CASE-0343,100000.0,70356.01,70356.01,5,12000.0,12000.0,12000.0,3,29643.99,29.64,0.0,0.0,0,0,0,0,0,SALARY_MISMATCH
CASE-0344,80000.0,81178.47,80726.94,3,0.0,0.0,0.0,0,726.94,0.91,0.0,0.0,0,0,0,0,0,CONSISTENT
CASE-0345,80000.0,80000.0,80000.0,3,12000.0,12000.0,12000.0,2,0.0,0.0,0.0,0.0,347,0,0,0,0,EMPLOYMENT_MISMATCH
CASE-0346,80000.0,81560.48,78528.35,4,20000.0,20293.63,20062.94,2,1471.65,1.84,62.94,0.31,0,0,0,0,0,CONSISTENT
CASE-0347,100000.0,67966.59,67966.59,2,3000.0,3000.0,3000.0,3,32033.41,32.03,0.0,0.0,0,0,0,0,0,SALARY_MISMATCH
CASE-0348,45000.0,31500.0,31500.0,2,8000.0,8000.0,16000.0,3,13500.0,30.0,8000.0,100.0,48,0,0,0,0,MULTIPLE_MISMATCH
CASE-0349,45000.0,61079.52,61079.52,2,5000.0,5000.0,5000.0,3,16079.52,35.73,0.0,0.0,0,0,0,0,0,SALARY_MISMATCH
CASE-0350,80000.0,56000.0,56000.0,5,5000.0,5000.0,13000.0,2,24000.0,30.0,8000.0,160.0,66,0,0,0,0,MULTIPLE_MISMATCH
CASE-0351,100000.0,100000.0,100000.0,3,0.0,3710.38,3710.38,0,0.0,0.0,3710.38,100.0,0,0,0,0,0,EMI_MISMATCH
CASE-0352,150000.0,150000.0,150000.0,6,3000.0,3000.0,3000.0,3,0.0,0.0,0.0,0.0,301,0,0,0,0,EMPLOYMENT_MISMATCH
CASE-0353,150000.0,148085.86,152126.31,6,3000.0,2999.07,2969.67,3,2126.31,1.42,30.33,1.01,0,0,0,0,0,CONSISTENT
CASE-0354,150000.0,105000.0,105000.0,4,0.0,0.0,8000.0,0,45000.0,30.0,8000.0,100.0,138,0,0,0,0,MULTIPLE_MISMATCH
CASE-0355,150000.0,150000.0,150000.0,4,0.0,7084.06,7084.06,0,0.0,0.0,7084.06,100.0,0,0,0,0,0,EMI_MISMATCH
CASE-0356,45000.0,45000.0,0.0,0,5000.0,5000.0,5000.0,1,45000.0,100.0,0.0,0.0,0,2,1,0,0,DATA_QUALITY_ISSUE
CASE-0357,30000.0,30000.0,30000.0,5,8000.0,11701.36,11701.36,3,0.0,0.0,3701.36,46.27,0,0,0,0,0,EMI_MISMATCH
CASE-0358,60000.0,60000.0,60000.0,2,3000.0,3000.0,3000.0,4,0.0,0.0,0.0,0.0,0,1,2,0,2,DATA_QUALITY_ISSUE
CASE-0359,150000.0,149692.67,151016.34,4,3000.0,2957.49,2993.93,4,1016.34,0.68,6.07,0.2,0,0,0,0,0,CONSISTENT
CASE-0360,80000.0,80000.0,80000.0,2,0.0,5282.86,5282.86,0,0.0,0.0,5282.86,100.0,0,0,0,0,0,EMI_MISMATCH
CASE-0361,80000.0,108955.07,108955.07,3,0.0,0.0,0.0,0,28955.07,36.19,0.0,0.0,0,0,0,0,0,SALARY_MISMATCH
CASE-0362,80000.0,46109.87,46109.87,6,12000.0,12000.0,12000.0,3,33890.13,42.36,0.0,0.0,0,0,0,0,0,SALARY_MISMATCH
CASE-0363,80000.0,80000.0,80000.0,3,20000.0,20000.0,20000.0,1,0.0,0.0,0.0,0.0,355,0,0,0,0,EMPLOYMENT_MISMATCH
CASE-0364,100000.0,99079.0,98228.35,5,8000.0,8009.97,8139.71,3,1771.65,1.77,139.71,1.75,1,0,0,0,0,CONSISTENT
CASE-0365,60000.0,59232.03,59012.53,2,20000.0,19682.65,20067.74,2,987.47,1.65,67.74,0.34,0,0,0,0,0,CONSISTENT
CASE-0366,80000.0,80000.0,80000.0,2,12000.0,20238.66,20238.66,3,0.0,0.0,8238.66,68.66,0,0,0,0,0,EMI_MISMATCH
CASE-0367,150000.0,150000.0,150000.0,5,3000.0,9200.7,9200.7,1,0.0,0.0,6200.7,206.69,0,0,0,0,0,EMI_MISMATCH
CASE-0368,60000.0,60000.0,60000.0,2,3000.0,3000.0,0.0,0,0.0,0.0,3000.0,100.0,0,1,2,0,1,DATA_QUALITY_ISSUE
CASE-0369,150000.0,147754.45,147796.29,6,8000.0,7885.93,8140.74,4,2203.71,1.47,140.74,1.76,0,0,0,0,0,CONSISTENT
CASE-0370,45000.0,45000.0,45000.0,5,12000.0,12000.0,12000.0,1,0.0,0.0,0.0,0.0,456,0,0,0,0,EMPLOYMENT_MISMATCH
CASE-0371,100000.0,101472.57,98708.6,5,20000.0,20154.1,20270.49,4,1291.4,1.29,270.49,1.35,0,0,0,0,0,CONSISTENT
CASE-0372,45000.0,45000.0,0.0,0,20000.0,20000.0,0.0,0,45000.0,100.0,20000.0,100.0,0,1,2,0,1,DATA_QUALITY_ISSUE
CASE-0373,30000.0,16376.5,16376.5,2,3000.0,3000.0,3000.0,3,13623.5,45.41,0.0,0.0,0,0,0,0,0,SALARY_MISMATCH
CASE-0374,80000.0,80000.0,80000.0,4,5000.0,19102.33,19102.33,1,0.0,0.0,14102.33,282.05,0,0,0,0,0,EMI_MISMATCH
CASE-0375,30000.0,30000.0,30000.0,5,0.0,4803.78,4803.78,0,0.0,0.0,4803.78,100.0,0,0,0,0,0,EMI_MISMATCH
CASE-0376,100000.0,100000.0,100000.0,4,12000.0,21503.41,21503.41,2,0.0,0.0,9503.41,79.2,0,0,0,0,0,EMI_MISMATCH
CASE-0377,45000.0,45188.92,44672.6,2,3000.0,3043.97,3059.2,4,327.4,0.73,59.2,1.97,0,0,0,0,0,CONSISTENT
CASE-0378,100000.0,100000.0,100000.0,3,12000.0,12000.0,12000.0,1,0.0,0.0,0.0,0.0,55,0,0,0,0,EMPLOYMENT_MISMATCH
CASE-0379,60000.0,60361.23,60636.46,4,8000.0,8136.22,7980.22,2,636.46,1.06,19.78,0.25,0,0,0,0,0,CONSISTENT
CASE-0380,100000.0,70000.0,70000.0,6,0.0,0.0,8000.0,0,30000.0,30.0,8000.0,100.0,67,0,0,0,0,MULTIPLE_MISMATCH
CASE-0381,100000.0,99502.69,99187.48,2,5000.0,5029.81,4965.68,2,812.52,0.81,34.32,0.69,0,0,0,0,0,CONSISTENT
CASE-0382,45000.0,45000.0,45000.0,3,12000.0,18945.46,18945.46,3,0.0,0.0,6945.46,57.88,0,0,0,0,0,EMI_MISMATCH
CASE-0383,30000.0,19770.29,19770.29,3,0.0,0.0,0.0,0,10229.71,34.1,0.0,0.0,0,0,0,0,0,SALARY_MISMATCH
CASE-0384,150000.0,203320.74,203320.74,6,3000.0,3000.0,3000.0,1,53320.74,35.55,0.0,0.0,0,0,0,0,0,SALARY_MISMATCH
CASE-0385,150000.0,151556.07,150002.67,3,3000.0,3005.08,3054.18,2,2.67,0.0,54.18,1.81,0,0,0,0,0,CONSISTENT
CASE-0386,80000.0,56000.0,56000.0,3,12000.0,12000.0,20000.0,1,24000.0,30.0,8000.0,66.67,184,0,0,0,0,MULTIPLE_MISMATCH
CASE-0387,30000.0,30000.0,30000.0,2,8000.0,8000.0,8000.0,2,0.0,0.0,0.0,0.0,37,0,0,0,0,EMPLOYMENT_MISMATCH
CASE-0388,100000.0,99906.78,99577.46,4,8000.0,8015.81,8079.0,2,422.54,0.42,79.0,0.99,0,0,0,0,0,CONSISTENT
CASE-0389,60000.0,60000.0,60000.0,2,12000.0,12000.0,12000.0,2,0.0,0.0,0.0,0.0,165,0,0,0,0,EMPLOYMENT_MISMATCH
CASE-0390,60000.0,42000.0,42000.0,2,12000.0,12000.0,20000.0,2,18000.0,30.0,8000.0,66.67,122,0,0,0,0,MULTIPLE_MISMATCH
CASE-0391,30000.0,21000.0,21000.0,6,8000.0,8000.0,16000.0,1,9000.0,30.0,8000.0,100.0,31,0,0,0,0,MULTIPLE_MISMATCH
CASE-0392,80000.0,80000.0,80000.0,5,12000.0,12000.0,0.0,0,0.0,0.0,12000.0,100.0,0,2,3,0,2,DATA_QUALITY_ISSUE
CASE-0393,60000.0,47507.04,47507.04,6,3000.0,3000.0,3000.0,1,12492.96,20.82,0.0,0.0,0,0,0,0,0,SALARY_MISMATCH
CASE-0394,100000.0,100000.0,100000.0,6,8000.0,18711.25,18711.25,3,0.0,0.0,10711.25,133.89,0,0,0,0,0,EMI_MISMATCH
CASE-0395,80000.0,80000.0,80000.0,5,5000.0,5000.0,5000.0,1,0.0,0.0,0.0,0.0,0,1,2,0,1,DATA_QUALITY_ISSUE
CASE-0396,45000.0,45000.0,45000.0,5,8000.0,19329.27,19329.27,1,0.0,0.0,11329.27,141.62,0,0,0,0,0,EMI_MISMATCH
CASE-0397,100000.0,56188.91,56188.91,2,8000.0,8000.0,8000.0,3,43811.09,43.81,0.0,0.0,0,0,0,0,0,SALARY_MISMATCH
CASE-0398,80000.0,114393.87,114393.87,2,3000.0,3000.0,3000.0,2,34393.87,42.99,0.0,0.0,0,0,0,0,0,SALARY_MISMATCH
CASE-0399,30000.0,29622.27,30501.3,6,3000.0,2990.94,2950.44,3,501.3,1.67,49.56,1.65,1,0,0,0,0,CONSISTENT
CASE-0400,80000.0,80000.0,80000.0,6,12000.0,12000.0,12000.0,3,0.0,0.0,0.0,0.0,262,0,0,0,0,EMPLOYMENT_MISMATCH
CASE-0401,60000.0,60000.0,60000.0,6,12000.0,21820.95,21820.95,4,0.0,0.0,9820.95,81.84,0,0,0,0,0,EMI_MISMATCH
CASE-0402,150000.0,150000.0,150000.0,2,8000.0,8000.0,8000.0,1,0.0,0.0,0.0,0.0,466,0,0,0,0,EMPLOYMENT_MISMATCH
CASE-0403,30000.0,29609.73,29832.93,6,3000.0,3048.71,3032.39,2,167.07,0.56,32.39,1.08,1,0,0,0,0,CONSISTENT
CASE-0404,60000.0,60000.0,60000.0,5,12000.0,17926.79,17926.79,2,0.0,0.0,5926.79,49.39,0,0,0,0,0,EMI_MISMATCH
CASE-0405,80000.0,80000.0,80000.0,5,8000.0,8000.0,8000.0,3,0.0,0.0,0.0,0.0,453,0,0,0,0,EMPLOYMENT_MISMATCH
CASE-0406,30000.0,30000.0,30000.0,5,3000.0,14966.53,14966.53,4,0.0,0.0,11966.53,398.88,0,0,0,0,0,EMI_MISMATCH
CASE-0407,45000.0,44402.43,45426.37,5,12000.0,12174.14,11864.04,1,426.37,0.95,135.96,1.13,0,0,0,0,0,CONSISTENT
CASE-0408,100000.0,100428.38,100186.79,5,5000.0,4946.39,4978.18,3,186.79,0.19,21.82,0.44,0,0,0,0,0,CONSISTENT
CASE-0409,150000.0,150000.0,150000.0,4,0.0,14841.21,14841.21,0,0.0,0.0,14841.21,100.0,0,0,0,0,0,EMI_MISMATCH
CASE-0410,100000.0,99617.28,99712.8,3,3000.0,3026.11,3023.09,4,287.2,0.29,23.09,0.77,0,0,0,0,0,CONSISTENT
CASE-0411,80000.0,80000.0,0.0,0,20000.0,20000.0,20000.0,1,80000.0,100.0,0.0,0.0,0,1,2,0,0,DATA_QUALITY_ISSUE
CASE-0412,45000.0,45141.1,44593.49,3,20000.0,19663.54,19668.53,1,406.51,0.9,331.47,1.66,0,0,0,0,0,CONSISTENT
CASE-0413,60000.0,42000.0,42000.0,2,0.0,0.0,8000.0,0,18000.0,30.0,8000.0,100.0,120,0,0,0,0,MULTIPLE_MISMATCH
CASE-0414,60000.0,59651.99,58966.62,4,20000.0,20015.25,19654.09,4,1033.38,1.72,345.91,1.73,0,0,0,0,0,CONSISTENT
CASE-0415,60000.0,60000.0,60000.0,4,12000.0,12000.0,12000.0,3,0.0,0.0,0.0,0.0,210,0,0,0,0,EMPLOYMENT_MISMATCH
CASE-0416,45000.0,45059.32,44683.8,2,5000.0,4966.6,5033.9,2,316.2,0.7,33.9,0.68,0,0,0,0,0,CONSISTENT
CASE-0417,45000.0,45000.0,45000.0,5,20000.0,20000.0,0.0,0,0.0,0.0,20000.0,100.0,0,1,2,0,2,DATA_QUALITY_ISSUE
CASE-0418,45000.0,45000.0,45000.0,6,20000.0,26336.4,26336.4,2,0.0,0.0,6336.4,31.68,0,0,0,0,0,EMI_MISMATCH
CASE-0419,45000.0,45000.0,45000.0,5,8000.0,22501.65,22501.65,1,0.0,0.0,14501.65,181.27,0,0,0,0,0,EMI_MISMATCH
CASE-0420,30000.0,30000.0,30000.0,6,3000.0,6256.79,6256.79,3,0.0,0.0,3256.79,108.56,0,0,0,0,0,EMI_MISMATCH
CASE-0421,80000.0,100423.89,100423.89,2,0.0,0.0,0.0,0,20423.89,25.53,0.0,0.0,0,0,0,0,0,SALARY_MISMATCH
CASE-0422,60000.0,60000.0,0.0,0,20000.0,20000.0,0.0,0,60000.0,100.0,20000.0,100.0,0,2,1,0,0,DATA_QUALITY_ISSUE
CASE-0423,80000.0,78887.73,81575.95,5,5000.0,5085.4,5007.99,1,1575.95,1.97,7.99,0.16,0,0,0,0,0,CONSISTENT
CASE-0424,100000.0,70000.0,70000.0,2,8000.0,8000.0,16000.0,1,30000.0,30.0,8000.0,100.0,150,0,0,0,0,MULTIPLE_MISMATCH
CASE-0425,45000.0,45000.0,45000.0,3,0.0,9910.32,9910.32,0,0.0,0.0,9910.32,100.0,0,0,0,0,0,EMI_MISMATCH
CASE-0426,80000.0,93767.05,93767.05,5,3000.0,3000.0,3000.0,4,13767.05,17.21,0.0,0.0,0,0,0,0,0,SALARY_MISMATCH
CASE-0427,45000.0,44748.25,44257.76,3,12000.0,12209.74,12025.83,3,742.24,1.65,25.83,0.22,0,0,0,0,0,CONSISTENT
CASE-0428,80000.0,79831.05,80321.9,4,20000.0,20012.54,20335.51,1,321.9,0.4,335.51,1.68,0,0,0,0,0,CONSISTENT
CASE-0429,150000.0,82800.19,82800.19,3,8000.0,8000.0,8000.0,2,67199.81,44.8,0.0,0.0,0,0,0,0,0,SALARY_MISMATCH
CASE-0430,30000.0,30047.68,30153.54,2,3000.0,3020.92,3003.9,1,153.54,0.51,3.9,0.13,0,0,0,0,0,CONSISTENT
CASE-0431,60000.0,60000.0,60000.0,5,8000.0,8000.0,8000.0,4,0.0,0.0,0.0,0.0,278,0,0,0,0,EMPLOYMENT_MISMATCH
CASE-0432,100000.0,100000.0,100000.0,6,5000.0,5000.0,5000.0,4,0.0,0.0,0.0,0.0,242,0,0,0,0,EMPLOYMENT_MISMATCH
CASE-0433,45000.0,44722.98,45856.1,4,5000.0,5028.19,5064.5,2,856.1,1.9,64.5,1.29,0,0,0,0,0,CONSISTENT
CASE-0434,150000.0,152536.54,149922.37,4,0.0,0.0,0.0,0,77.63,0.05,0.0,0.0,1,0,0,0,0,CONSISTENT
CASE-0435,150000.0,150000.0,150000.0,2,20000.0,24272.9,24272.9,3,0.0,0.0,4272.9,21.36,0,0,0,0,0,EMI_MISMATCH
CASE-0436,30000.0,23963.07,23963.07,6,20000.0,20000.0,20000.0,4,6036.93,20.12,0.0,0.0,0,0,0,0,0,SALARY_MISMATCH
CASE-0437,100000.0,132713.76,132713.76,4,3000.0,3000.0,3000.0,1,32713.76,32.71,0.0,0.0,0,0,0,0,0,SALARY_MISMATCH
CASE-0438,100000.0,101106.89,98488.14,6,8000.0,8030.17,8139.66,1,1511.86,1.51,139.66,1.75,0,0,0,0,0,CONSISTENT
CASE-0439,100000.0,70000.0,70000.0,3,8000.0,8000.0,16000.0,3,30000.0,30.0,8000.0,100.0,69,0,0,0,0,MULTIPLE_MISMATCH
CASE-0440,100000.0,70000.0,70000.0,3,5000.0,5000.0,13000.0,3,30000.0,30.0,8000.0,160.0,89,0,0,0,0,MULTIPLE_MISMATCH
CASE-0441,80000.0,80000.0,80000.0,4,5000.0,12023.99,12023.99,1,0.0,0.0,7023.99,140.48,0,0,0,0,0,EMI_MISMATCH
CASE-0442,45000.0,45000.0,45000.0,2,3000.0,7752.82,7752.82,4,0.0,0.0,4752.82,158.43,0,0,0,0,0,EMI_MISMATCH
CASE-0443,45000.0,61507.09,61507.09,5,12000.0,12000.0,12000.0,2,16507.09,36.68,0.0,0.0,0,0,0,0,0,SALARY_MISMATCH
CASE-0444,60000.0,59141.4,59091.32,6,0.0,0.0,0.0,0,908.68,1.51,0.0,0.0,0,0,0,0,0,CONSISTENT
CASE-0445,60000.0,60283.32,60319.66,6,8000.0,7913.25,7914.45,3,319.66,0.53,85.55,1.07,0,0,0,0,0,CONSISTENT
CASE-0446,100000.0,100622.89,101392.06,5,8000.0,8071.78,8093.47,1,1392.06,1.39,93.47,1.17,1,0,0,0,0,CONSISTENT
CASE-0447,100000.0,72128.42,72128.42,2,5000.0,5000.0,5000.0,4,27871.58,27.87,0.0,0.0,0,0,0,0,0,SALARY_MISMATCH
CASE-0448,150000.0,107178.37,107178.37,4,12000.0,12000.0,12000.0,4,42821.63,28.55,0.0,0.0,0,0,0,0,0,SALARY_MISMATCH
CASE-0449,45000.0,45000.0,0.0,0,20000.0,20000.0,20000.0,3,45000.0,100.0,0.0,0.0,0,1,2,0,0,DATA_QUALITY_ISSUE
CASE-0450,150000.0,113859.81,113859.81,6,20000.0,20000.0,20000.0,4,36140.19,24.09,0.0,0.0,0,0,0,0,0,SALARY_MISMATCH
CASE-0451,45000.0,45000.0,45000.0,4,12000.0,12000.0,12000.0,1,0.0,0.0,0.0,0.0,253,0,0,0,0,EMPLOYMENT_MISMATCH
CASE-0452,100000.0,98964.81,101903.5,2,3000.0,3036.18,3055.15,2,1903.5,1.9,55.15,1.84,1,0,0,0,0,CONSISTENT
CASE-0453,60000.0,80507.15,80507.15,6,0.0,0.0,0.0,0,20507.15,34.18,0.0,0.0,0,0,0,0,0,SALARY_MISMATCH
CASE-0454,80000.0,54329.25,54329.25,2,12000.0,12000.0,12000.0,4,25670.75,32.09,0.0,0.0,0,0,0,0,0,SALARY_MISMATCH
CASE-0455,80000.0,80485.47,80994.19,4,8000.0,8036.51,8115.06,2,994.19,1.24,115.06,1.44,0,0,0,0,0,CONSISTENT
CASE-0456,45000.0,36152.97,36152.97,3,12000.0,12000.0,12000.0,1,8847.03,19.66,0.0,0.0,0,0,0,0,0,SALARY_MISMATCH
CASE-0457,30000.0,30225.76,29925.12,2,0.0,0.0,0.0,0,74.88,0.25,0.0,0.0,0,0,0,0,0,CONSISTENT
CASE-0458,45000.0,44169.17,45723.17,4,3000.0,2995.38,3016.46,3,723.17,1.61,16.46,0.55,0,0,0,0,0,CONSISTENT
CASE-0459,60000.0,60000.0,60000.0,3,20000.0,30276.71,30276.71,1,0.0,0.0,10276.71,51.38,0,0,0,0,0,EMI_MISMATCH
CASE-0460,80000.0,80000.0,80000.0,3,12000.0,15952.2,15952.2,3,0.0,0.0,3952.2,32.93,0,0,0,0,0,EMI_MISMATCH
CASE-0461,30000.0,30000.0,30000.0,3,12000.0,12000.0,12000.0,2,0.0,0.0,0.0,0.0,338,0,0,0,0,EMPLOYMENT_MISMATCH
CASE-0462,30000.0,30190.84,30362.56,3,5000.0,4921.07,4907.11,1,362.56,1.21,92.89,1.86,0,0,0,0,0,CONSISTENT
CASE-0463,45000.0,22632.48,22632.48,5,20000.0,20000.0,20000.0,4,22367.52,49.71,0.0,0.0,0,0,0,0,0,SALARY_MISMATCH
CASE-0464,60000.0,60000.0,60000.0,6,5000.0,5000.0,5000.0,4,0.0,0.0,0.0,0.0,0,2,3,0,1,DATA_QUALITY_ISSUE
CASE-0465,60000.0,59036.15,60384.73,5,3000.0,3031.72,2971.81,3,384.73,0.64,28.19,0.94,0,0,0,0,0,CONSISTENT
CASE-0466,80000.0,79345.42,80861.51,6,0.0,0.0,0.0,0,861.51,1.08,0.0,0.0,0,0,0,0,0,CONSISTENT
CASE-0467,45000.0,45000.0,45000.0,4,3000.0,5135.56,5135.56,1,0.0,0.0,2135.56,71.19,0,0,0,0,0,EMI_MISMATCH
CASE-0468,80000.0,78621.61,81471.44,4,20000.0,19982.6,20316.65,4,1471.44,1.84,316.65,1.58,1,0,0,0,0,CONSISTENT
CASE-0469,80000.0,79917.88,78764.66,2,8000.0,7995.52,8134.5,1,1235.34,1.54,134.5,1.68,0,0,0,0,0,CONSISTENT
CASE-0470,80000.0,64413.32,64413.32,4,3000.0,3000.0,3000.0,1,15586.68,19.48,0.0,0.0,0,0,0,0,0,SALARY_MISMATCH
CASE-0471,45000.0,44769.9,44877.74,2,0.0,0.0,0.0,0,122.26,0.27,0.0,0.0,1,0,0,0,0,CONSISTENT
CASE-0472,30000.0,44402.3,44402.3,5,3000.0,3000.0,3000.0,1,14402.3,48.01,0.0,0.0,0,0,0,0,0,SALARY_MISMATCH
CASE-0473,100000.0,98789.88,101547.7,6,8000.0,8046.66,7931.49,2,1547.7,1.55,68.51,0.86,0,0,0,0,0,CONSISTENT
CASE-0474,30000.0,30000.0,30000.0,6,8000.0,8000.0,8000.0,4,0.0,0.0,0.0,0.0,286,0,0,0,0,EMPLOYMENT_MISMATCH
CASE-0475,45000.0,31500.0,31500.0,3,12000.0,12000.0,20000.0,1,13500.0,30.0,8000.0,66.67,130,0,0,0,0,MULTIPLE_MISMATCH
CASE-0476,100000.0,100000.0,100000.0,2,20000.0,20000.0,20000.0,3,0.0,0.0,0.0,0.0,395,0,0,0,0,EMPLOYMENT_MISMATCH
CASE-0477,150000.0,105000.0,105000.0,2,8000.0,8000.0,16000.0,2,45000.0,30.0,8000.0,100.0,25,0,0,0,0,MULTIPLE_MISMATCH
CASE-0478,150000.0,152908.02,152624.33,3,20000.0,19634.54,19731.85,4,2624.33,1.75,268.15,1.34,1,0,0,0,0,CONSISTENT
CASE-0479,80000.0,81488.42,79962.86,6,5000.0,4930.14,4968.48,2,37.14,0.05,31.52,0.63,0,0,0,0,0,CONSISTENT
CASE-0480,100000.0,141019.83,141019.83,4,12000.0,12000.0,12000.0,3,41019.83,41.02,0.0,0.0,0,0,0,0,0,SALARY_MISMATCH
CASE-0481,150000.0,150000.0,150000.0,4,5000.0,8970.4,8970.4,1,0.0,0.0,3970.4,79.41,0,0,0,0,0,EMI_MISMATCH
CASE-0482,80000.0,80835.59,78912.23,4,0.0,0.0,0.0,0,1087.77,1.36,0.0,0.0,0,0,0,0,0,CONSISTENT
CASE-0483,30000.0,17872.15,17872.15,4,8000.0,8000.0,8000.0,1,12127.85,40.43,0.0,0.0,0,0,0,0,0,SALARY_MISMATCH
CASE-0484,60000.0,60000.0,0.0,0,3000.0,3000.0,0.0,0,60000.0,100.0,3000.0,100.0,0,2,3,0,2,DATA_QUALITY_ISSUE
CASE-0485,30000.0,30000.0,30000.0,3,3000.0,14650.52,14650.52,3,0.0,0.0,11650.52,388.35,0,0,0,0,0,EMI_MISMATCH
CASE-0486,60000.0,60000.0,60000.0,2,5000.0,5000.0,5000.0,2,0.0,0.0,0.0,0.0,499,0,0,0,0,EMPLOYMENT_MISMATCH
CASE-0487,100000.0,100000.0,100000.0,4,0.0,9204.94,9204.94,0,0.0,0.0,9204.94,100.0,0,0,0,0,0,EMI_MISMATCH
CASE-0488,45000.0,44163.56,45442.32,4,3000.0,2964.3,3054.97,4,442.32,0.98,54.97,1.83,0,0,0,0,0,CONSISTENT
CASE-0489,60000.0,86681.38,86681.38,6,5000.0,5000.0,5000.0,1,26681.38,44.47,0.0,0.0,0,0,0,0,0,SALARY_MISMATCH
CASE-0490,60000.0,48381.0,48381.0,5,12000.0,12000.0,12000.0,3,11619.0,19.36,0.0,0.0,0,0,0,0,0,SALARY_MISMATCH
CASE-0491,80000.0,46148.81,46148.81,6,8000.0,8000.0,8000.0,1,33851.19,42.31,0.0,0.0,0,0,0,0,0,SALARY_MISMATCH
CASE-0492,45000.0,45293.48,44103.38,5,12000.0,11845.62,11773.95,3,896.62,1.99,226.05,1.88,0,0,0,0,0,CONSISTENT
CASE-0493,80000.0,79640.56,79687.45,4,0.0,0.0,0.0,0,312.55,0.39,0.0,0.0,0,0,0,0,0,CONSISTENT
CASE-0494,100000.0,70000.0,70000.0,3,20000.0,20000.0,28000.0,2,30000.0,30.0,8000.0,40.0,102,0,0,0,0,MULTIPLE_MISMATCH
CASE-0495,100000.0,100000.0,100000.0,5,3000.0,3000.0,3000.0,2,0.0,0.0,0.0,0.0,145,0,0,0,0,EMPLOYMENT_MISMATCH
CASE-0496,80000.0,80000.0,80000.0,3,20000.0,28325.77,28325.77,2,0.0,0.0,8325.77,41.63,0,0,0,0,0,EMI_MISMATCH
CASE-0497,60000.0,60000.0,60000.0,2,8000.0,20725.64,20725.64,3,0.0,0.0,12725.64,159.07,0,0,0,0,0,EMI_MISMATCH
CASE-0498,150000.0,124426.08,124426.08,2,5000.0,5000.0,5000.0,1,25573.92,17.05,0.0,0.0,0,0,0,0,0,SALARY_MISMATCH
CASE-0499,150000.0,151246.09,151731.69,6,3000.0,3002.07,2992.82,2,1731.69,1.15,7.18,0.24,1,0,0,0,0,CONSISTENT
CASE-0500,30000.0,29506.32,29664.73,3,0.0,0.0,0.0,0,335.27,1.12,0.0,0.0,0,0,0,0,0,CONSISTENT
CASE-0501,60000.0,60000.0,60000.0,3,5000.0,16537.01,16537.01,2,0.0,0.0,11537.01,230.74,0,0,0,0,0,EMI_MISMATCH
CASE-0502,30000.0,30165.06,29995.4,5,0.0,0.0,0.0,0,4.6,0.02,0.0,0.0,0,0,0,0,0,CONSISTENT
CASE-0503,150000.0,151483.32,151439.92,5,20000.0,20360.25,19762.35,3,1439.92,0.96,237.65,1.19,0,0,0,0,0,CONSISTENT
CASE-0504,45000.0,45000.0,45000.0,5,3000.0,7148.82,7148.82,3,0.0,0.0,4148.82,138.29,0,0,0,0,0,EMI_MISMATCH
CASE-0505,150000.0,150000.0,150000.0,5,20000.0,20000.0,20000.0,2,0.0,0.0,0.0,0.0,303,0,0,0,0,EMPLOYMENT_MISMATCH
CASE-0506,150000.0,150000.0,150000.0,3,0.0,14085.02,14085.02,0,0.0,0.0,14085.02,100.0,0,0,0,0,0,EMI_MISMATCH
CASE-0507,60000.0,60000.0,60000.0,4,3000.0,3000.0,3000.0,4,0.0,0.0,0.0,0.0,492,0,0,0,0,EMPLOYMENT_MISMATCH
CASE-0508,45000.0,31500.0,31500.0,3,5000.0,5000.0,13000.0,3,13500.0,30.0,8000.0,160.0,188,0,0,0,0,MULTIPLE_MISMATCH
CASE-0509,100000.0,143092.52,143092.52,6,8000.0,8000.0,8000.0,4,43092.52,43.09,0.0,0.0,0,0,0,0,0,SALARY_MISMATCH
CASE-0510,100000.0,80328.2,80328.2,4,8000.0,8000.0,8000.0,4,19671.8,19.67,0.0,0.0,0,0,0,0,0,SALARY_MISMATCH
CASE-0511,45000.0,44886.33,45413.11,5,5000.0,5053.1,4931.78,2,413.11,0.92,68.22,1.36,0,0,0,0,0,CONSISTENT
CASE-0512,80000.0,80000.0,80000.0,6,0.0,11767.88,11767.88,0,0.0,0.0,11767.88,100.0,0,0,0,0,0,EMI_MISMATCH
CASE-0513,80000.0,80000.0,80000.0,3,12000.0,14896.45,14896.45,3,0.0,0.0,2896.45,24.14,0,0,0,0,0,EMI_MISMATCH
CASE-0514,150000.0,148570.23,148481.87,2,20000.0,20325.0,19799.64,4,1518.13,1.01,200.36,1.0,0,0,0,0,0,CONSISTENT
CASE-0515,150000.0,152068.74,148608.83,6,3000.0,2958.77,3042.37,1,1391.17,0.93,42.37,1.41,0,0,0,0,0,CONSISTENT
CASE-0516,45000.0,45111.59,44722.66,4,3000.0,2977.82,3032.62,1,277.34,0.62,32.62,1.09,0,0,0,0,0,CONSISTENT
CASE-0517,45000.0,45834.11,45108.3,4,5000.0,5087.36,4910.45,4,108.3,0.24,89.55,1.79,0,0,0,0,0,CONSISTENT
CASE-0518,150000.0,198460.26,198460.26,5,0.0,0.0,0.0,0,48460.26,32.31,0.0,0.0,0,0,0,0,0,SALARY_MISMATCH
CASE-0519,100000.0,100000.0,100000.0,3,5000.0,5000.0,0.0,0,0.0,0.0,5000.0,100.0,0,2,1,0,1,DATA_QUALITY_ISSUE
CASE-0520,100000.0,100000.0,100000.0,3,0.0,0.0,0.0,0,0.0,0.0,0.0,0.0,227,0,0,0,0,EMPLOYMENT_MISMATCH
CASE-0521,30000.0,40889.54,40889.54,2,12000.0,12000.0,12000.0,3,10889.54,36.3,0.0,0.0,0,0,0,0,0,SALARY_MISMATCH
CASE-0522,30000.0,29581.5,29670.38,4,0.0,0.0,0.0,0,329.62,1.1,0.0,0.0,0,0,0,0,0,CONSISTENT
CASE-0523,150000.0,150140.35,147688.61,4,0.0,0.0,0.0,0,2311.39,1.54,0.0,0.0,0,0,0,0,0,CONSISTENT
CASE-0524,45000.0,31500.0,31500.0,3,5000.0,5000.0,13000.0,1,13500.0,30.0,8000.0,160.0,88,0,0,0,0,MULTIPLE_MISMATCH
CASE-0525,150000.0,150261.23,147490.35,5,0.0,0.0,0.0,0,2509.65,1.67,0.0,0.0,0,0,0,0,0,CONSISTENT
CASE-0526,30000.0,23759.37,23759.37,5,3000.0,3000.0,3000.0,4,6240.63,20.8,0.0,0.0,0,0,0,0,0,SALARY_MISMATCH
CASE-0527,30000.0,30000.0,0.0,0,3000.0,3000.0,0.0,0,30000.0,100.0,3000.0,100.0,0,2,1,0,0,DATA_QUALITY_ISSUE
CASE-0528,60000.0,60598.28,59497.41,6,12000.0,12137.75,11813.73,4,502.59,0.84,186.27,1.55,0,0,0,0,0,CONSISTENT
CASE-0529,60000.0,85511.84,85511.84,4,5000.0,5000.0,5000.0,2,25511.84,42.52,0.0,0.0,0,0,0,0,0,SALARY_MISMATCH
CASE-0530,100000.0,100179.39,101033.7,2,8000.0,8081.31,7845.74,2,1033.7,1.03,154.26,1.93,1,0,0,0,0,CONSISTENT
CASE-0531,150000.0,152223.47,148432.78,6,8000.0,7984.4,8155.2,4,1567.22,1.04,155.2,1.94,0,0,0,0,0,CONSISTENT
CASE-0532,45000.0,45000.0,45000.0,2,0.0,0.0,0.0,0,0.0,0.0,0.0,0.0,458,0,0,0,0,EMPLOYMENT_MISMATCH
CASE-0533,60000.0,60092.88,59994.75,5,8000.0,7873.75,8050.17,1,5.25,0.01,50.17,0.63,0,0,0,0,0,CONSISTENT
CASE-0534,45000.0,31500.0,31500.0,3,5000.0,5000.0,13000.0,3,13500.0,30.0,8000.0,160.0,124,0,0,0,0,MULTIPLE_MISMATCH
CASE-0535,60000.0,60000.0,60000.0,2,5000.0,5000.0,5000.0,3,0.0,0.0,0.0,0.0,153,0,0,0,0,EMPLOYMENT_MISMATCH
CASE-0536,45000.0,45527.14,45139.67,6,8000.0,8043.07,8095.33,4,139.67,0.31,95.33,1.19,0,0,0,0,0,CONSISTENT
CASE-0537,150000.0,180792.63,180792.63,2,3000.0,3000.0,3000.0,3,30792.63,20.53,0.0,0.0,0,0,0,0,0,SALARY_MISMATCH
CASE-0538,80000.0,80000.0,80000.0,6,3000.0,9117.9,9117.9,1,0.0,0.0,6117.9,203.93,0,0,0,0,0,EMI_MISMATCH
CASE-0539,60000.0,42000.0,42000.0,5,5000.0,5000.0,13000.0,4,18000.0,30.0,8000.0,160.0,26,0,0,0,0,MULTIPLE_MISMATCH
CASE-0540,150000.0,150588.68,147200.3,5,0.0,0.0,0.0,0,2799.7,1.87,0.0,0.0,0,0,0,0,0,CONSISTENT
CASE-0541,80000.0,100768.54,100768.54,4,5000.0,5000.0,5000.0,1,20768.54,25.96,0.0,0.0,0,0,0,0,0,SALARY_MISMATCH
CASE-0542,150000.0,150000.0,150000.0,2,20000.0,20000.0,20000.0,3,0.0,0.0,0.0,0.0,153,0,0,0,0,EMPLOYMENT_MISMATCH
CASE-0543,30000.0,21000.0,21000.0,2,8000.0,8000.0,16000.0,3,9000.0,30.0,8000.0,100.0,49,0,0,0,0,MULTIPLE_MISMATCH
CASE-0544,30000.0,30000.0,30000.0,2,12000.0,12000.0,12000.0,3,0.0,0.0,0.0,0.0,309,0,0,0,0,EMPLOYMENT_MISMATCH
CASE-0545,100000.0,100000.0,0.0,0,20000.0,20000.0,0.0,0,100000.0,100.0,20000.0,100.0,0,2,3,0,1,DATA_QUALITY_ISSUE
CASE-0546,80000.0,80000.0,80000.0,2,8000.0,21465.06,21465.06,4,0.0,0.0,13465.06,168.31,0,0,0,0,0,EMI_MISMATCH
CASE-0547,60000.0,80754.87,80754.87,2,12000.0,12000.0,12000.0,3,20754.87,34.59,0.0,0.0,0,0,0,0,0,SALARY_MISMATCH
CASE-0548,30000.0,43847.71,43847.71,3,8000.0,8000.0,8000.0,1,13847.71,46.16,0.0,0.0,0,0,0,0,0,SALARY_MISMATCH
CASE-0549,100000.0,98749.65,101432.71,4,5000.0,5063.81,5008.16,4,1432.71,1.43,8.16,0.16,1,0,0,0,0,CONSISTENT
CASE-0550,80000.0,80000.0,80000.0,4,0.0,0.0,0.0,0,0.0,0.0,0.0,0.0,48,0,0,0,0,EMPLOYMENT_MISMATCH
CASE-0551,80000.0,100793.7,100793.7,3,8000.0,8000.0,8000.0,3,20793.7,25.99,0.0,0.0,0,0,0,0,0,SALARY_MISMATCH
CASE-0552,150000.0,152278.93,150152.61,2,5000.0,4948.87,4922.59,3,152.61,0.1,77.41,1.55,0,0,0,0,0,CONSISTENT
CASE-0553,30000.0,29904.14,30486.43,2,12000.0,12115.04,11851.81,3,486.43,1.62,148.19,1.23,1,0,0,0,0,CONSISTENT
CASE-0554,150000.0,150000.0,150000.0,5,0.0,12938.82,12938.82,0,0.0,0.0,12938.82,100.0,0,0,0,0,0,EMI_MISMATCH
CASE-0555,60000.0,69653.43,69653.43,5,5000.0,5000.0,5000.0,4,9653.43,16.09,0.0,0.0,0,0,0,0,0,SALARY_MISMATCH
CASE-0556,45000.0,45000.0,45000.0,3,3000.0,3000.0,3000.0,4,0.0,0.0,0.0,0.0,384,0,0,0,0,EMPLOYMENT_MISMATCH
CASE-0557,80000.0,81138.36,79126.97,5,20000.0,20269.63,19823.42,3,873.03,1.09,176.58,0.88,0,0,0,0,0,CONSISTENT
CASE-0558,80000.0,80000.0,80000.0,2,3000.0,11664.51,11664.51,4,0.0,0.0,8664.51,288.82,0,0,0,0,0,EMI_MISMATCH
CASE-0559,100000.0,101052.62,99633.23,2,5000.0,5051.85,5080.72,4,366.77,0.37,80.72,1.61,0,0,0,0,0,CONSISTENT
CASE-0560,30000.0,29470.91,30478.62,6,5000.0,5030.15,5074.85,3,478.62,1.6,74.85,1.5,0,0,0,0,0,CONSISTENT
CASE-0561,60000.0,59735.42,59710.81,2,5000.0,4945.35,4976.32,1,289.19,0.48,23.68,0.47,0,0,0,0,0,CONSISTENT
CASE-0562,60000.0,60725.65,59949.77,4,20000.0,19614.4,19937.16,3,50.23,0.08,62.84,0.31,1,0,0,0,0,CONSISTENT
CASE-0563,150000.0,152150.05,148753.31,6,20000.0,20328.62,20203.17,4,1246.69,0.83,203.17,1.02,0,0,0,0,0,CONSISTENT
CASE-0564,80000.0,80000.0,80000.0,5,12000.0,12000.0,12000.0,3,0.0,0.0,0.0,0.0,258,0,0,0,0,EMPLOYMENT_MISMATCH
CASE-0565,30000.0,30000.0,0.0,0,5000.0,5000.0,0.0,0,30000.0,100.0,5000.0,100.0,0,2,2,0,2,DATA_QUALITY_ISSUE
CASE-0566,30000.0,30000.0,30000.0,2,8000.0,18256.16,18256.16,4,0.0,0.0,10256.16,128.2,0,0,0,0,0,EMI_MISMATCH
CASE-0567,150000.0,99113.33,99113.33,4,12000.0,12000.0,12000.0,2,50886.67,33.92,0.0,0.0,0,0,0,0,0,SALARY_MISMATCH
CASE-0568,150000.0,147074.42,149812.61,3,0.0,0.0,0.0,0,187.39,0.12,0.0,0.0,1,0,0,0,0,CONSISTENT
CASE-0569,60000.0,59513.37,59519.81,2,12000.0,12116.73,11783.11,2,480.19,0.8,216.89,1.81,0,0,0,0,0,CONSISTENT
CASE-0570,45000.0,31500.0,31500.0,3,0.0,0.0,8000.0,0,13500.0,30.0,8000.0,100.0,180,0,0,0,0,MULTIPLE_MISMATCH
CASE-0571,150000.0,152934.17,150757.06,4,0.0,0.0,0.0,0,757.06,0.5,0.0,0.0,0,0,0,0,0,CONSISTENT
CASE-0572,150000.0,112522.26,112522.26,5,0.0,0.0,0.0,0,37477.74,24.99,0.0,0.0,0,0,0,0,0,SALARY_MISMATCH
CASE-0573,60000.0,33030.38,33030.38,2,20000.0,20000.0,20000.0,2,26969.62,44.95,0.0,0.0,0,0,0,0,0,SALARY_MISMATCH
CASE-0574,100000.0,122707.89,122707.89,4,8000.0,8000.0,8000.0,3,22707.89,22.71,0.0,0.0,0,0,0,0,0,SALARY_MISMATCH
CASE-0575,100000.0,66616.61,66616.61,2,12000.0,12000.0,12000.0,2,33383.39,33.38,0.0,0.0,0,0,0,0,0,SALARY_MISMATCH
CASE-0576,60000.0,58955.25,61093.98,5,0.0,0.0,0.0,0,1093.98,1.82,0.0,0.0,0,0,0,0,0,CONSISTENT
CASE-0577,80000.0,79790.71,80876.41,4,20000.0,20081.54,20314.02,2,876.41,1.1,314.02,1.57,0,0,0,0,0,CONSISTENT
CASE-0578,100000.0,130583.61,130583.61,2,5000.0,5000.0,5000.0,2,30583.61,30.58,0.0,0.0,0,0,0,0,0,SALARY_MISMATCH
CASE-0579,60000.0,60000.0,60000.0,5,8000.0,8000.0,8000.0,1,0.0,0.0,0.0,0.0,164,0,0,0,0,EMPLOYMENT_MISMATCH
CASE-0580,80000.0,80000.0,80000.0,4,8000.0,13044.4,13044.4,4,0.0,0.0,5044.4,63.05,0,0,0,0,0,EMI_MISMATCH
CASE-0581,60000.0,60000.0,60000.0,3,20000.0,20000.0,20000.0,3,0.0,0.0,0.0,0.0,385,0,0,0,0,EMPLOYMENT_MISMATCH
CASE-0582,45000.0,45438.47,45011.28,5,5000.0,5026.82,4914.19,2,11.28,0.03,85.81,1.72,0,0,0,0,0,CONSISTENT
CASE-0583,30000.0,29966.99,29454.78,3,12000.0,11827.21,11892.87,1,545.22,1.82,107.13,0.89,1,0,0,0,0,CONSISTENT
CASE-0584,100000.0,100000.0,0.0,0,12000.0,12000.0,0.0,0,100000.0,100.0,12000.0,100.0,0,1,3,0,1,DATA_QUALITY_ISSUE
CASE-0585,150000.0,104007.92,104007.92,6,5000.0,5000.0,5000.0,3,45992.08,30.66,0.0,0.0,0,0,0,0,0,SALARY_MISMATCH
CASE-0586,30000.0,19861.42,19861.42,3,12000.0,12000.0,12000.0,2,10138.58,33.8,0.0,0.0,0,0,0,0,0,SALARY_MISMATCH
CASE-0587,30000.0,21000.0,21000.0,6,20000.0,20000.0,28000.0,2,9000.0,30.0,8000.0,40.0,46,0,0,0,0,MULTIPLE_MISMATCH
CASE-0588,80000.0,56000.0,56000.0,3,8000.0,8000.0,16000.0,2,24000.0,30.0,8000.0,100.0,75,0,0,0,0,MULTIPLE_MISMATCH
CASE-0589,100000.0,100288.19,100050.67,5,12000.0,11900.87,12207.24,1,50.67,0.05,207.24,1.73,0,0,0,0,0,CONSISTENT
CASE-0590,100000.0,63402.67,63402.67,6,0.0,0.0,0.0,0,36597.33,36.6,0.0,0.0,0,0,0,0,0,SALARY_MISMATCH
CASE-0591,60000.0,60017.79,60898.13,5,5000.0,4998.71,5040.45,2,898.13,1.5,40.45,0.81,0,0,0,0,0,CONSISTENT
CASE-0592,100000.0,100000.0,100000.0,2,20000.0,20000.0,20000.0,3,0.0,0.0,0.0,0.0,0,2,3,0,2,DATA_QUALITY_ISSUE
CASE-0593,80000.0,79715.27,81304.36,5,5000.0,5042.81,5021.58,1,1304.36,1.63,21.58,0.43,0,0,0,0,0,CONSISTENT
CASE-0594,100000.0,101820.24,101284.79,4,3000.0,2940.19,3016.37,1,1284.79,1.28,16.37,0.55,1,0,0,0,0,CONSISTENT
CASE-0595,100000.0,100415.18,100746.36,5,0.0,0.0,0.0,0,746.36,0.75,0.0,0.0,0,0,0,0,0,CONSISTENT
CASE-0596,150000.0,149737.42,149214.32,3,0.0,0.0,0.0,0,785.68,0.52,0.0,0.0,0,0,0,0,0,CONSISTENT
CASE-0597,80000.0,81281.03,79693.57,3,8000.0,7942.75,8079.95,4,306.43,0.38,79.95,1.0,0,0,0,0,0,CONSISTENT
CASE-0598,100000.0,62374.25,62374.25,2,0.0,0.0,0.0,0,37625.75,37.63,0.0,0.0,0,0,0,0,0,SALARY_MISMATCH
CASE-0599,100000.0,70000.0,70000.0,4,3000.0,3000.0,11000.0,2,30000.0,30.0,8000.0,266.67,56,0,0,0,0,MULTIPLE_MISMATCH
CASE-0600,60000.0,71430.49,71430.49,4,20000.0,20000.0,20000.0,2,11430.49,19.05,0.0,0.0,0,0,0,0,0,SALARY_MISMATCH
CASE-0601,60000.0,60330.91,60578.36,6,8000.0,8009.6,8105.29,3,578.36,0.96,105.29,1.32,0,0,0,0,0,CONSISTENT
CASE-0602,45000.0,45000.0,45000.0,4,0.0,0.0,0.0,0,0.0,0.0,0.0,0.0,0,1,3,0,2,DATA_QUALITY_ISSUE
CASE-0603,80000.0,80000.0,80000.0,6,5000.0,12835.09,12835.09,1,0.0,0.0,7835.09,156.7,0,0,0,0,0,EMI_MISMATCH
CASE-0604,45000.0,44321.41,45105.56,6,12000.0,11924.72,12110.0,2,105.56,0.23,110.0,0.92,0,0,0,0,0,CONSISTENT
CASE-0605,80000.0,80000.0,80000.0,3,12000.0,23002.41,23002.41,3,0.0,0.0,11002.41,91.69,0,0,0,0,0,EMI_MISMATCH
CASE-0606,60000.0,45217.0,45217.0,6,12000.0,12000.0,12000.0,1,14783.0,24.64,0.0,0.0,0,0,0,0,0,SALARY_MISMATCH
CASE-0607,45000.0,44903.56,45537.08,2,20000.0,20257.94,20286.05,1,537.08,1.19,286.05,1.43,0,0,0,0,0,CONSISTENT
CASE-0608,60000.0,42000.0,42000.0,6,3000.0,3000.0,11000.0,3,18000.0,30.0,8000.0,266.67,181,0,0,0,0,MULTIPLE_MISMATCH
CASE-0609,150000.0,106868.85,106868.85,3,8000.0,8000.0,8000.0,4,43131.15,28.75,0.0,0.0,0,0,0,0,0,SALARY_MISMATCH
CASE-0610,45000.0,31469.16,31469.16,2,8000.0,8000.0,8000.0,4,13530.84,30.07,0.0,0.0,0,0,0,0,0,SALARY_MISMATCH
CASE-0611,30000.0,30535.97,29807.72,6,0.0,0.0,0.0,0,192.28,0.64,0.0,0.0,0,0,0,0,0,CONSISTENT
CASE-0612,45000.0,51855.69,51855.69,4,8000.0,8000.0,8000.0,4,6855.69,15.23,0.0,0.0,0,0,0,0,0,SALARY_MISMATCH
CASE-0613,60000.0,81515.77,81515.77,5,20000.0,20000.0,20000.0,3,21515.77,35.86,0.0,0.0,0,0,0,0,0,SALARY_MISMATCH
CASE-0614,100000.0,101366.89,100320.89,2,3000.0,3007.16,2952.63,2,320.89,0.32,47.37,1.58,1,0,0,0,0,CONSISTENT
CASE-0615,45000.0,44511.28,45859.41,5,12000.0,12015.32,11825.18,4,859.41,1.91,174.82,1.46,1,0,0,0,0,CONSISTENT
CASE-0616,150000.0,152553.82,149484.9,3,20000.0,19916.35,19850.57,3,515.1,0.34,149.43,0.75,0,0,0,0,0,CONSISTENT
CASE-0617,100000.0,98520.19,101341.92,4,20000.0,19896.32,19899.84,3,1341.92,1.34,100.16,0.5,0,0,0,0,0,CONSISTENT
CASE-0618,150000.0,75269.96,75269.96,5,8000.0,8000.0,8000.0,2,74730.04,49.82,0.0,0.0,0,0,0,0,0,SALARY_MISMATCH
CASE-0619,100000.0,136240.71,136240.71,6,12000.0,12000.0,12000.0,1,36240.71,36.24,0.0,0.0,0,0,0,0,0,SALARY_MISMATCH
CASE-0620,30000.0,30564.89,30328.25,5,12000.0,12230.45,11989.38,1,328.25,1.09,10.62,0.09,0,0,0,0,0,CONSISTENT
CASE-0621,100000.0,123641.76,123641.76,5,20000.0,20000.0,20000.0,2,23641.76,23.64,0.0,0.0,0,0,0,0,0,SALARY_MISMATCH
CASE-0622,60000.0,42000.0,42000.0,2,3000.0,3000.0,11000.0,3,18000.0,30.0,8000.0,266.67,113,0,0,0,0,MULTIPLE_MISMATCH
CASE-0623,100000.0,70000.0,70000.0,6,5000.0,5000.0,13000.0,4,30000.0,30.0,8000.0,160.0,78,0,0,0,0,MULTIPLE_MISMATCH
CASE-0624,100000.0,100709.55,98940.15,3,20000.0,20264.55,20035.86,3,1059.85,1.06,35.86,0.18,0,0,0,0,0,CONSISTENT
CASE-0625,100000.0,98602.09,101267.03,3,5000.0,4941.46,5056.48,2,1267.03,1.27,56.48,1.13,1,0,0,0,0,CONSISTENT
CASE-0626,45000.0,45000.0,45000.0,6,20000.0,20000.0,20000.0,4,0.0,0.0,0.0,0.0,285,0,0,0,0,EMPLOYMENT_MISMATCH
CASE-0627,45000.0,45000.0,45000.0,4,5000.0,9617.06,9617.06,4,0.0,0.0,4617.06,92.34,0,0,0,0,0,EMI_MISMATCH
CASE-0628,80000.0,54684.71,54684.71,2,12000.0,12000.0,12000.0,1,25315.29,31.64,0.0,0.0,0,0,0,0,0,SALARY_MISMATCH
CASE-0629,60000.0,31901.45,31901.45,6,5000.0,5000.0,5000.0,4,28098.55,46.83,0.0,0.0,0,0,0,0,0,SALARY_MISMATCH
CASE-0630,100000.0,100000.0,100000.0,3,8000.0,8000.0,8000.0,3,0.0,0.0,0.0,0.0,54,0,0,0,0,EMPLOYMENT_MISMATCH
CASE-0631,150000.0,150295.93,147346.45,2,5000.0,5036.15,4993.36,3,2653.55,1.77,6.64,0.13,1,0,0,0,0,CONSISTENT
CASE-0632,150000.0,152694.67,150077.41,6,0.0,0.0,0.0,0,77.41,0.05,0.0,0.0,1,0,0,0,0,CONSISTENT
CASE-0633,80000.0,80283.94,79601.06,4,20000.0,19828.63,19762.58,1,398.94,0.5,237.42,1.19,0,0,0,0,0,CONSISTENT
CASE-0634,60000.0,60000.0,60000.0,5,5000.0,5000.0,5000.0,2,0.0,0.0,0.0,0.0,481,0,0,0,0,EMPLOYMENT_MISMATCH
CASE-0635,60000.0,42000.0,42000.0,4,3000.0,3000.0,11000.0,3,18000.0,30.0,8000.0,266.67,118,0,0,0,0,MULTIPLE_MISMATCH
CASE-0636,100000.0,100000.0,100000.0,4,20000.0,20000.0,20000.0,1,0.0,0.0,0.0,0.0,235,0,0,0,0,EMPLOYMENT_MISMATCH
CASE-0637,80000.0,108859.28,108859.28,2,5000.0,5000.0,5000.0,2,28859.28,36.07,0.0,0.0,0,0,0,0,0,SALARY_MISMATCH
CASE-0638,100000.0,100000.0,100000.0,4,5000.0,9606.17,9606.17,1,0.0,0.0,4606.17,92.12,0,0,0,0,0,EMI_MISMATCH
CASE-0639,80000.0,79805.28,81110.3,5,12000.0,12188.68,11789.98,4,1110.3,1.39,210.02,1.75,0,0,0,0,0,CONSISTENT
CASE-0640,60000.0,42000.0,42000.0,6,12000.0,12000.0,20000.0,1,18000.0,30.0,8000.0,66.67,47,0,0,0,0,MULTIPLE_MISMATCH
CASE-0641,150000.0,221135.09,221135.09,2,12000.0,12000.0,12000.0,4,71135.09,47.42,0.0,0.0,0,0,0,0,0,SALARY_MISMATCH
CASE-0642,150000.0,147183.3,152232.29,4,12000.0,12013.07,12063.62,3,2232.29,1.49,63.62,0.53,0,0,0,0,0,CONSISTENT
CASE-0643,80000.0,80000.0,80000.0,3,3000.0,9334.3,9334.3,4,0.0,0.0,6334.3,211.14,0,0,0,0,0,EMI_MISMATCH
CASE-0644,150000.0,150000.0,150000.0,6,0.0,0.0,0.0,0,0.0,0.0,0.0,0.0,50,0,0,0,0,EMPLOYMENT_MISMATCH
CASE-0645,60000.0,60000.0,60000.0,2,5000.0,5000.0,5000.0,1,0.0,0.0,0.0,0.0,100,0,0,0,0,EMPLOYMENT_MISMATCH
CASE-0646,45000.0,44261.66,44104.17,4,0.0,0.0,0.0,0,895.83,1.99,0.0,0.0,1,0,0,0,0,CONSISTENT
CASE-0647,80000.0,80425.3,78620.89,6,0.0,0.0,0.0,0,1379.11,1.72,0.0,0.0,1,0,0,0,0,CONSISTENT
CASE-0648,100000.0,100634.16,101064.46,3,8000.0,8110.69,8036.35,2,1064.46,1.06,36.35,0.45,0,0,0,0,0,CONSISTENT
CASE-0649,30000.0,29493.18,29889.05,6,3000.0,2988.85,2947.92,3,110.95,0.37,52.08,1.74,0,0,0,0,0,CONSISTENT
CASE-0650,60000.0,60739.76,61074.45,5,20000.0,19657.85,20364.09,3,1074.45,1.79,364.09,1.82,0,0,0,0,0,CONSISTENT
CASE-0651,45000.0,30365.17,30365.17,6,0.0,0.0,0.0,0,14634.83,32.52,0.0,0.0,0,0,0,0,0,SALARY_MISMATCH
CASE-0652,150000.0,150000.0,150000.0,6,8000.0,8000.0,8000.0,4,0.0,0.0,0.0,0.0,392,0,0,0,0,EMPLOYMENT_MISMATCH
CASE-0653,45000.0,45300.34,44480.0,6,12000.0,12174.43,11952.63,3,520.0,1.16,47.37,0.39,1,0,0,0,0,CONSISTENT
CASE-0654,150000.0,147132.16,150499.54,2,5000.0,5068.45,5009.8,3,499.54,0.33,9.8,0.2,0,0,0,0,0,CONSISTENT
CASE-0655,100000.0,98858.51,99664.49,2,12000.0,12124.61,11850.16,4,335.51,0.34,149.84,1.25,0,0,0,0,0,CONSISTENT
CASE-0656,150000.0,150000.0,150000.0,2,3000.0,3000.0,3000.0,4,0.0,0.0,0.0,0.0,165,0,0,0,0,EMPLOYMENT_MISMATCH
CASE-0657,150000.0,150000.0,150000.0,6,8000.0,18282.18,18282.18,2,0.0,0.0,10282.18,128.53,0,0,0,0,0,EMI_MISMATCH
CASE-0658,45000.0,55445.79,55445.79,2,8000.0,8000.0,8000.0,4,10445.79,23.21,0.0,0.0,0,0,0,0,0,SALARY_MISMATCH
CASE-0659,150000.0,150121.02,147857.26,6,20000.0,20220.28,19817.13,4,2142.74,1.43,182.87,0.91,0,0,0,0,0,CONSISTENT
CASE-0660,150000.0,120474.01,120474.01,3,3000.0,3000.0,3000.0,1,29525.99,19.68,0.0,0.0,0,0,0,0,0,SALARY_MISMATCH
CASE-0661,60000.0,60000.0,60000.0,2,0.0,11732.39,11732.39,0,0.0,0.0,11732.39,100.0,0,0,0,0,0,EMI_MISMATCH
CASE-0662,30000.0,30339.62,30258.05,3,3000.0,3011.22,3047.49,1,258.05,0.86,47.49,1.58,1,0,0,0,0,CONSISTENT
CASE-0663,30000.0,30000.0,30000.0,4,20000.0,25208.71,25208.71,4,0.0,0.0,5208.71,26.04,0,0,0,0,0,EMI_MISMATCH
CASE-0664,100000.0,100000.0,100000.0,3,8000.0,8000.0,8000.0,4,0.0,0.0,0.0,0.0,383,0,0,0,0,EMPLOYMENT_MISMATCH
CASE-0665,30000.0,29724.47,30411.25,3,5000.0,4962.67,5057.79,4,411.25,1.37,57.79,1.16,1,0,0,0,0,CONSISTENT
CASE-0666,100000.0,70000.0,70000.0,2,5000.0,5000.0,13000.0,2,30000.0,30.0,8000.0,160.0,147,0,0,0,0,MULTIPLE_MISMATCH
CASE-0667,80000.0,56000.0,56000.0,3,5000.0,5000.0,13000.0,3,24000.0,30.0,8000.0,160.0,184,0,0,0,0,MULTIPLE_MISMATCH
CASE-0668,45000.0,45116.33,45774.31,5,3000.0,3041.31,3021.1,4,774.31,1.72,21.1,0.7,0,0,0,0,0,CONSISTENT
CASE-0669,100000.0,101502.04,98731.23,3,12000.0,11893.65,11822.21,4,1268.77,1.27,177.79,1.48,0,0,0,0,0,CONSISTENT
CASE-0670,30000.0,30000.0,30000.0,6,20000.0,25496.58,25496.58,3,0.0,0.0,5496.58,27.48,0,0,0,0,0,EMI_MISMATCH
CASE-0671,60000.0,89988.79,89988.79,4,8000.0,8000.0,8000.0,4,29988.79,49.98,0.0,0.0,0,0,0,0,0,SALARY_MISMATCH
CASE-0672,150000.0,152194.92,149855.81,3,8000.0,7875.51,8043.02,3,144.19,0.1,43.02,0.54,0,0,0,0,0,CONSISTENT
CASE-0673,30000.0,30000.0,30000.0,3,8000.0,8000.0,8000.0,3,0.0,0.0,0.0,0.0,424,0,0,0,0,EMPLOYMENT_MISMATCH
CASE-0674,100000.0,70000.0,70000.0,4,3000.0,3000.0,11000.0,2,30000.0,30.0,8000.0,266.67,191,0,0,0,0,MULTIPLE_MISMATCH
CASE-0675,80000.0,80000.0,80000.0,5,3000.0,7755.92,7755.92,3,0.0,0.0,4755.92,158.53,0,0,0,0,0,EMI_MISMATCH
CASE-0676,60000.0,60000.0,60000.0,5,20000.0,33442.04,33442.04,3,0.0,0.0,13442.04,67.21,0,0,0,0,0,EMI_MISMATCH
CASE-0677,100000.0,98143.75,99578.94,6,12000.0,12206.79,11820.35,3,421.06,0.42,179.65,1.5,0,0,0,0,0,CONSISTENT
CASE-0678,150000.0,150000.0,150000.0,2,8000.0,8000.0,8000.0,4,0.0,0.0,0.0,0.0,488,0,0,0,0,EMPLOYMENT_MISMATCH
CASE-0679,80000.0,79037.49,81248.69,5,20000.0,19829.93,19894.23,3,1248.69,1.56,105.77,0.53,0,0,0,0,0,CONSISTENT
CASE-0680,150000.0,150095.17,148605.56,4,20000.0,20268.38,19611.75,1,1394.44,0.93,388.25,1.94,0,0,0,0,0,CONSISTENT
CASE-0681,45000.0,27077.22,27077.22,2,20000.0,20000.0,20000.0,3,17922.78,39.83,0.0,0.0,0,0,0,0,0,SALARY_MISMATCH
CASE-0682,60000.0,60000.0,0.0,0,0.0,0.0,0.0,0,60000.0,100.0,0.0,0.0,0,2,1,0,0,DATA_QUALITY_ISSUE
CASE-0683,150000.0,150000.0,150000.0,6,0.0,0.0,0.0,0,0.0,0.0,0.0,0.0,386,0,0,0,0,EMPLOYMENT_MISMATCH
CASE-0684,80000.0,56000.0,56000.0,4,12000.0,12000.0,20000.0,2,24000.0,30.0,8000.0,66.67,42,0,0,0,0,MULTIPLE_MISMATCH
CASE-0685,80000.0,106532.9,106532.9,6,3000.0,3000.0,3000.0,2,26532.9,33.17,0.0,0.0,0,0,0,0,0,SALARY_MISMATCH
CASE-0686,80000.0,80000.0,80000.0,6,8000.0,13474.28,13474.28,2,0.0,0.0,5474.28,68.43,0,0,0,0,0,EMI_MISMATCH
CASE-0687,80000.0,81142.81,80241.14,3,3000.0,2949.17,2985.91,1,241.14,0.3,14.09,0.47,0,0,0,0,0,CONSISTENT
CASE-0688,100000.0,69757.23,69757.23,5,20000.0,20000.0,20000.0,3,30242.77,30.24,0.0,0.0,0,0,0,0,0,SALARY_MISMATCH
CASE-0689,30000.0,30286.83,29667.92,2,0.0,0.0,0.0,0,332.08,1.11,0.0,0.0,0,0,0,0,0,CONSISTENT
CASE-0690,80000.0,80000.0,80000.0,2,5000.0,15619.1,15619.1,2,0.0,0.0,10619.1,212.38,0,0,0,0,0,EMI_MISMATCH
CASE-0691,80000.0,92660.66,92660.66,5,5000.0,5000.0,5000.0,4,12660.66,15.83,0.0,0.0,0,0,0,0,0,SALARY_MISMATCH
CASE-0692,30000.0,21000.0,21000.0,3,0.0,0.0,8000.0,0,9000.0,30.0,8000.0,100.0,88,0,0,0,0,MULTIPLE_MISMATCH
CASE-0693,100000.0,98609.31,101597.82,4,20000.0,20168.11,20349.9,3,1597.82,1.6,349.9,1.75,0,0,0,0,0,CONSISTENT
CASE-0694,100000.0,100000.0,100000.0,2,8000.0,16159.53,16159.53,2,0.0,0.0,8159.53,101.99,0,0,0,0,0,EMI_MISMATCH
CASE-0695,45000.0,44530.49,45055.33,6,0.0,0.0,0.0,0,55.33,0.12,0.0,0.0,0,0,0,0,0,CONSISTENT
CASE-0696,60000.0,60000.0,60000.0,3,8000.0,20100.06,20100.06,4,0.0,0.0,12100.06,151.25,0,0,0,0,0,EMI_MISMATCH
CASE-0697,45000.0,45215.52,45712.94,3,8000.0,8111.1,7940.85,1,712.94,1.58,59.15,0.74,1,0,0,0,0,CONSISTENT
CASE-0698,100000.0,100109.06,101625.68,5,12000.0,11838.66,12068.55,2,1625.68,1.63,68.55,0.57,0,0,0,0,0,CONSISTENT
CASE-0699,80000.0,80000.0,80000.0,2,20000.0,20000.0,20000.0,1,0.0,0.0,0.0,0.0,182,0,0,0,0,EMPLOYMENT_MISMATCH
CASE-0700,80000.0,81248.45,80664.71,6,0.0,0.0,0.0,0,664.71,0.83,0.0,0.0,0,0,0,0,0,CONSISTENT
CASE-0701,30000.0,29409.41,30157.11,4,3000.0,2993.72,2956.11,3,157.11,0.52,43.89,1.46,1,0,0,0,0,CONSISTENT
CASE-0702,60000.0,60000.0,60000.0,6,3000.0,3000.0,0.0,0,0.0,0.0,3000.0,100.0,0,1,3,0,1,DATA_QUALITY_ISSUE
CASE-0703,100000.0,100718.48,98304.96,4,3000.0,2972.96,3036.84,2,1695.04,1.7,36.84,1.23,1,0,0,0,0,CONSISTENT
CASE-0704,45000.0,58566.85,58566.85,4,20000.0,20000.0,20000.0,2,13566.85,30.15,0.0,0.0,0,0,0,0,0,SALARY_MISMATCH
CASE-0705,150000.0,149673.25,148255.11,4,20000.0,19639.98,20274.92,3,1744.89,1.16,274.92,1.37,0,0,0,0,0,CONSISTENT
CASE-0706,100000.0,100000.0,100000.0,3,3000.0,3000.0,0.0,0,0.0,0.0,3000.0,100.0,0,2,3,0,1,DATA_QUALITY_ISSUE
CASE-0707,80000.0,56000.0,56000.0,3,8000.0,8000.0,16000.0,2,24000.0,30.0,8000.0,100.0,137,0,0,0,0,MULTIPLE_MISMATCH
CASE-0708,80000.0,80000.0,80000.0,4,5000.0,5000.0,0.0,0,0.0,0.0,5000.0,100.0,0,1,2,0,1,DATA_QUALITY_ISSUE
CASE-0709,60000.0,40026.67,40026.67,4,3000.0,3000.0,3000.0,3,19973.33,33.29,0.0,0.0,0,0,0,0,0,SALARY_MISMATCH
CASE-0710,100000.0,101677.55,98704.38,6,0.0,0.0,0.0,0,1295.62,1.3,0.0,0.0,0,0,0,0,0,CONSISTENT
CASE-0711,45000.0,44125.54,45592.9,4,3000.0,3027.85,2982.6,3,592.9,1.32,17.4,0.58,0,0,0,0,0,CONSISTENT
CASE-0712,60000.0,60000.0,60000.0,2,12000.0,26387.66,26387.66,1,0.0,0.0,14387.66,119.9,0,0,0,0,0,EMI_MISMATCH
CASE-0713,100000.0,100000.0,0.0,0,3000.0,3000.0,0.0,0,100000.0,100.0,3000.0,100.0,0,1,2,0,2,DATA_QUALITY_ISSUE
CASE-0714,80000.0,50062.77,50062.77,4,20000.0,20000.0,20000.0,1,29937.23,37.42,0.0,0.0,0,0,0,0,0,SALARY_MISMATCH
CASE-0715,60000.0,60000.0,60000.0,4,8000.0,17346.11,17346.11,3,0.0,0.0,9346.11,116.83,0,0,0,0,0,EMI_MISMATCH
CASE-0716,150000.0,150000.0,150000.0,6,8000.0,8000.0,8000.0,2,0.0,0.0,0.0,0.0,142,0,0,0,0,EMPLOYMENT_MISMATCH
CASE-0717,45000.0,44742.65,45767.15,3,8000.0,7913.18,8043.0,4,767.15,1.7,43.0,0.54,0,0,0,0,0,CONSISTENT
CASE-0718,80000.0,80046.99,80986.48,5,3000.0,2970.46,2969.5,3,986.48,1.23,30.5,1.02,1,0,0,0,0,CONSISTENT
CASE-0719,80000.0,67987.6,67987.6,6,12000.0,12000.0,12000.0,4,12012.4,15.02,0.0,0.0,0,0,0,0,0,SALARY_MISMATCH
CASE-0720,150000.0,105000.0,105000.0,3,5000.0,5000.0,13000.0,2,45000.0,30.0,8000.0,160.0,189,0,0,0,0,MULTIPLE_MISMATCH
CASE-0721,30000.0,30000.0,0.0,0,0.0,0.0,0.0,0,30000.0,100.0,0.0,0.0,0,1,3,0,1,DATA_QUALITY_ISSUE
CASE-0722,30000.0,30000.0,30000.0,6,5000.0,5000.0,5000.0,1,0.0,0.0,0.0,0.0,61,0,0,0,0,EMPLOYMENT_MISMATCH
CASE-0723,100000.0,52855.07,52855.07,6,20000.0,20000.0,20000.0,2,47144.93,47.14,0.0,0.0,0,0,0,0,0,SALARY_MISMATCH
CASE-0724,60000.0,60000.0,60000.0,3,3000.0,3000.0,3000.0,2,0.0,0.0,0.0,0.0,0,2,3,0,1,DATA_QUALITY_ISSUE
CASE-0725,45000.0,55703.27,55703.27,6,12000.0,12000.0,12000.0,4,10703.27,23.79,0.0,0.0,0,0,0,0,0,SALARY_MISMATCH
CASE-0726,60000.0,60000.0,60000.0,6,3000.0,13536.2,13536.2,4,0.0,0.0,10536.2,351.21,0,0,0,0,0,EMI_MISMATCH
CASE-0727,45000.0,45752.83,44283.25,2,3000.0,3000.71,2966.5,4,716.75,1.59,33.5,1.12,0,0,0,0,0,CONSISTENT
CASE-0728,45000.0,44415.4,45660.19,6,0.0,0.0,0.0,0,660.19,1.47,0.0,0.0,1,0,0,0,0,CONSISTENT
CASE-0729,100000.0,100326.49,99746.46,5,8000.0,8025.63,8005.34,1,253.54,0.25,5.34,0.07,1,0,0,0,0,CONSISTENT
CASE-0730,60000.0,60000.0,60000.0,4,12000.0,12000.0,12000.0,1,0.0,0.0,0.0,0.0,232,0,0,0,0,EMPLOYMENT_MISMATCH
CASE-0731,45000.0,31643.69,31643.69,4,12000.0,12000.0,12000.0,1,13356.31,29.68,0.0,0.0,0,0,0,0,0,SALARY_MISMATCH
CASE-0732,45000.0,45000.0,45000.0,6,8000.0,8000.0,8000.0,1,0.0,0.0,0.0,0.0,53,0,0,0,0,EMPLOYMENT_MISMATCH
CASE-0733,80000.0,51448.35,51448.35,5,12000.0,12000.0,12000.0,3,28551.65,35.69,0.0,0.0,0,0,0,0,0,SALARY_MISMATCH
CASE-0734,60000.0,59296.98,58970.78,6,20000.0,19655.21,20352.63,1,1029.22,1.72,352.63,1.76,0,0,0,0,0,CONSISTENT
CASE-0735,60000.0,86552.34,86552.34,5,5000.0,5000.0,5000.0,1,26552.34,44.25,0.0,0.0,0,0,0,0,0,SALARY_MISMATCH
CASE-0736,45000.0,45488.02,45278.37,3,12000.0,11832.77,12180.42,2,278.37,0.62,180.42,1.5,1,0,0,0,0,CONSISTENT
CASE-0737,80000.0,93051.99,93051.99,4,12000.0,12000.0,12000.0,4,13051.99,16.31,0.0,0.0,0,0,0,0,0,SALARY_MISMATCH
CASE-0738,150000.0,147000.07,149499.39,5,0.0,0.0,0.0,0,500.61,0.33,0.0,0.0,1,0,0,0,0,CONSISTENT
CASE-0739,100000.0,50942.26,50942.26,2,0.0,0.0,0.0,0,49057.74,49.06,0.0,0.0,0,0,0,0,0,SALARY_MISMATCH
CASE-0740,150000.0,148823.66,148382.5,6,12000.0,11760.71,12110.09,2,1617.5,1.08,110.09,0.92,0,0,0,0,0,CONSISTENT
CASE-0741,150000.0,150000.0,0.0,0,5000.0,5000.0,5000.0,2,150000.0,100.0,0.0,0.0,0,2,3,0,0,DATA_QUALITY_ISSUE
CASE-0742,30000.0,30000.0,30000.0,2,12000.0,23867.9,23867.9,1,0.0,0.0,11867.9,98.9,0,0,0,0,0,EMI_MISMATCH
CASE-0743,150000.0,150000.0,150000.0,4,20000.0,32634.35,32634.35,4,0.0,0.0,12634.35,63.17,0,0,0,0,0,EMI_MISMATCH
CASE-0744,60000.0,59100.86,59608.72,6,20000.0,20399.64,19924.6,4,391.28,0.65,75.4,0.38,1,0,0,0,0,CONSISTENT
CASE-0745,150000.0,150254.83,147897.61,3,12000.0,11942.73,11958.95,2,2102.39,1.4,41.05,0.34,1,0,0,0,0,CONSISTENT
CASE-0746,60000.0,60000.0,60000.0,4,3000.0,3000.0,3000.0,2,0.0,0.0,0.0,0.0,171,0,0,0,0,EMPLOYMENT_MISMATCH
CASE-0747,30000.0,30000.0,30000.0,3,0.0,0.0,0.0,0,0.0,0.0,0.0,0.0,478,0,0,0,0,EMPLOYMENT_MISMATCH
CASE-0748,45000.0,45000.0,45000.0,2,20000.0,20000.0,20000.0,1,0.0,0.0,0.0,0.0,0,2,3,0,0,DATA_QUALITY_ISSUE
CASE-0749,80000.0,80422.91,78815.81,6,8000.0,8019.23,8089.83,1,1184.19,1.48,89.83,1.12,1,0,0,0,0,CONSISTENT
CASE-0750,60000.0,60000.0,60000.0,6,8000.0,8000.0,8000.0,1,0.0,0.0,0.0,0.0,155,0,0,0,0,EMPLOYMENT_MISMATCH
CASE-0751,45000.0,45000.0,45000.0,2,5000.0,5000.0,0.0,0,0.0,0.0,5000.0,100.0,0,2,1,0,2,DATA_QUALITY_ISSUE
CASE-0752,45000.0,45000.0,45000.0,2,12000.0,12000.0,12000.0,2,0.0,0.0,0.0,0.0,287,0,0,0,0,EMPLOYMENT_MISMATCH
CASE-0753,30000.0,21000.0,21000.0,4,3000.0,3000.0,11000.0,2,9000.0,30.0,8000.0,266.67,162,0,0,0,0,MULTIPLE_MISMATCH
CASE-0754,100000.0,100000.0,100000.0,4,0.0,0.0,0.0,0,0.0,0.0,0.0,0.0,325,0,0,0,0,EMPLOYMENT_MISMATCH
CASE-0755,150000.0,152871.15,152139.22,6,8000.0,8064.37,8072.66,3,2139.22,1.43,72.66,0.91,0,0,0,0,0,CONSISTENT
CASE-0756,30000.0,30000.0,30000.0,4,0.0,6946.73,6946.73,0,0.0,0.0,6946.73,100.0,0,0,0,0,0,EMI_MISMATCH
CASE-0757,80000.0,78451.4,80902.95,3,3000.0,2954.93,3035.71,2,902.95,1.13,35.71,1.19,1,0,0,0,0,CONSISTENT
CASE-0758,45000.0,45000.0,45000.0,4,12000.0,15267.69,15267.69,3,0.0,0.0,3267.69,27.23,0,0,0,0,0,EMI_MISMATCH
CASE-0759,100000.0,100000.0,100000.0,2,5000.0,16180.51,16180.51,2,0.0,0.0,11180.51,223.61,0,0,0,0,0,EMI_MISMATCH
CASE-0760,60000.0,79600.71,79600.71,5,12000.0,12000.0,12000.0,4,19600.71,32.67,0.0,0.0,0,0,0,0,0,SALARY_MISMATCH
CASE-0761,150000.0,150000.0,150000.0,4,12000.0,12000.0,12000.0,4,0.0,0.0,0.0,0.0,432,0,0,0,0,EMPLOYMENT_MISMATCH
CASE-0762,150000.0,150000.0,150000.0,6,5000.0,5000.0,5000.0,3,0.0,0.0,0.0,0.0,0,2,2,0,0,DATA_QUALITY_ISSUE
CASE-0763,60000.0,60000.0,0.0,0,5000.0,5000.0,5000.0,4,60000.0,100.0,0.0,0.0,0,1,1,0,1,DATA_QUALITY_ISSUE
CASE-0764,80000.0,56000.0,56000.0,5,8000.0,8000.0,16000.0,1,24000.0,30.0,8000.0,100.0,158,0,0,0,0,MULTIPLE_MISMATCH
CASE-0765,45000.0,45000.0,45000.0,5,20000.0,30745.14,30745.14,4,0.0,0.0,10745.14,53.73,0,0,0,0,0,EMI_MISMATCH
CASE-0766,150000.0,150000.0,150000.0,6,5000.0,5000.0,5000.0,2,0.0,0.0,0.0,0.0,228,0,0,0,0,EMPLOYMENT_MISMATCH
CASE-0767,60000.0,42000.0,42000.0,3,5000.0,5000.0,13000.0,3,18000.0,30.0,8000.0,160.0,67,0,0,0,0,MULTIPLE_MISMATCH
CASE-0768,80000.0,80156.35,79320.42,4,0.0,0.0,0.0,0,679.58,0.85,0.0,0.0,0,0,0,0,0,CONSISTENT
CASE-0769,60000.0,60291.1,59601.72,5,8000.0,8074.46,7969.45,3,398.28,0.66,30.55,0.38,0,0,0,0,0,CONSISTENT
CASE-0770,60000.0,59485.82,59838.64,6,0.0,0.0,0.0,0,161.36,0.27,0.0,0.0,0,0,0,0,0,CONSISTENT
CASE-0771,100000.0,100000.0,100000.0,2,5000.0,7735.61,7735.61,3,0.0,0.0,2735.61,54.71,0,0,0,0,0,EMI_MISMATCH
CASE-0772,80000.0,50031.44,50031.44,5,0.0,0.0,0.0,0,29968.56,37.46,0.0,0.0,0,0,0,0,0,SALARY_MISMATCH
CASE-0773,150000.0,150000.0,150000.0,6,5000.0,17208.49,17208.49,1,0.0,0.0,12208.49,244.17,0,0,0,0,0,EMI_MISMATCH
CASE-0774,80000.0,80000.0,80000.0,2,12000.0,18228.3,18228.3,2,0.0,0.0,6228.3,51.9,0,0,0,0,0,EMI_MISMATCH
CASE-0775,30000.0,30000.0,0.0,0,0.0,0.0,0.0,0,30000.0,100.0,0.0,0.0,0,1,2,0,0,DATA_QUALITY_ISSUE
CASE-0776,150000.0,152862.63,147618.73,2,12000.0,12022.94,12229.9,2,2381.27,1.59,229.9,1.92,0,0,0,0,0,CONSISTENT
CASE-0777,45000.0,45000.0,45000.0,2,3000.0,12568.38,12568.38,4,0.0,0.0,9568.38,318.95,0,0,0,0,0,EMI_MISMATCH
CASE-0778,30000.0,29488.85,30126.58,3,8000.0,8005.37,8076.85,2,126.58,0.42,76.85,0.96,1,0,0,0,0,CONSISTENT
CASE-0779,45000.0,45000.0,45000.0,3,20000.0,34590.99,34590.99,3,0.0,0.0,14590.99,72.95,0,0,0,0,0,EMI_MISMATCH
CASE-0780,60000.0,60000.0,60000.0,4,12000.0,26031.79,26031.79,4,0.0,0.0,14031.79,116.93,0,0,0,0,0,EMI_MISMATCH
CASE-0781,30000.0,30234.96,29949.63,5,20000.0,19673.68,20042.7,3,50.37,0.17,42.7,0.21,0,0,0,0,0,CONSISTENT
CASE-0782,150000.0,150000.0,150000.0,4,5000.0,11852.38,11852.38,3,0.0,0.0,6852.38,137.05,0,0,0,0,0,EMI_MISMATCH
CASE-0783,30000.0,30000.0,30000.0,6,0.0,10736.73,10736.73,0,0.0,0.0,10736.73,100.0,0,0,0,0,0,EMI_MISMATCH
CASE-0784,60000.0,60000.0,60000.0,5,8000.0,13243.82,13243.82,4,0.0,0.0,5243.82,65.55,0,0,0,0,0,EMI_MISMATCH
CASE-0785,80000.0,78774.61,79837.07,2,0.0,0.0,0.0,0,162.93,0.2,0.0,0.0,1,0,0,0,0,CONSISTENT
CASE-0786,60000.0,60000.0,60000.0,4,20000.0,34207.74,34207.74,2,0.0,0.0,14207.74,71.04,0,0,0,0,0,EMI_MISMATCH
CASE-0787,150000.0,151206.84,151080.67,4,8000.0,7970.61,7844.93,3,1080.67,0.72,155.07,1.94,1,0,0,0,0,CONSISTENT
CASE-0788,30000.0,30000.0,30000.0,2,0.0,7853.31,7853.31,0,0.0,0.0,7853.31,100.0,0,0,0,0,0,EMI_MISMATCH
CASE-0789,80000.0,80000.0,80000.0,6,0.0,0.0,0.0,0,0.0,0.0,0.0,0.0,0,1,3,0,0,DATA_QUALITY_ISSUE
CASE-0790,45000.0,31500.0,31500.0,6,20000.0,20000.0,28000.0,4,13500.0,30.0,8000.0,40.0,90,0,0,0,0,MULTIPLE_MISMATCH
CASE-0791,30000.0,30000.0,0.0,0,3000.0,3000.0,3000.0,2,30000.0,100.0,0.0,0.0,0,2,1,0,1,DATA_QUALITY_ISSUE
CASE-0792,150000.0,147555.75,151490.31,6,3000.0,3049.75,2992.08,3,1490.31,0.99,7.92,0.26,0,0,0,0,0,CONSISTENT
CASE-0793,100000.0,100893.79,98036.22,5,5000.0,5017.89,5022.66,4,1963.78,1.96,22.66,0.45,1,0,0,0,0,CONSISTENT
CASE-0794,45000.0,45000.0,45000.0,3,3000.0,14282.69,14282.69,3,0.0,0.0,11282.69,376.09,0,0,0,0,0,EMI_MISMATCH
CASE-0795,30000.0,30452.96,30286.47,3,12000.0,11766.6,11879.22,2,286.47,0.95,120.78,1.01,1,0,0,0,0,CONSISTENT
CASE-0796,100000.0,98990.24,98250.11,3,5000.0,4991.79,5046.55,1,1749.89,1.75,46.55,0.93,0,0,0,0,0,CONSISTENT
CASE-0797,60000.0,60000.0,60000.0,2,3000.0,9838.61,9838.61,1,0.0,0.0,6838.61,227.95,0,0,0,0,0,EMI_MISMATCH
CASE-0798,45000.0,44789.91,44988.3,2,20000.0,19826.64,20229.42,4,11.7,0.03,229.42,1.15,0,0,0,0,0,CONSISTENT
CASE-0799,150000.0,185801.25,185801.25,3,0.0,0.0,0.0,0,35801.25,23.87,0.0,0.0,0,0,0,0,0,SALARY_MISMATCH
CASE-0800,60000.0,60000.0,60000.0,3,20000.0,20000.0,0.0,0,0.0,0.0,20000.0,100.0,0,1,3,0,1,DATA_QUALITY_ISSUE
CASE-0801,30000.0,19363.29,19363.29,6,12000.0,12000.0,12000.0,4,10636.71,35.46,0.0,0.0,0,0,0,0,0,SALARY_MISMATCH
CASE-0802,30000.0,21631.29,21631.29,2,8000.0,8000.0,8000.0,1,8368.71,27.9,0.0,0.0,0,0,0,0,0,SALARY_MISMATCH
CASE-0803,30000.0,21000.0,21000.0,5,3000.0,3000.0,11000.0,1,9000.0,30.0,8000.0,266.67,19,0,0,0,0,MULTIPLE_MISMATCH
CASE-0804,100000.0,100000.0,100000.0,6,3000.0,3000.0,3000.0,3,0.0,0.0,0.0,0.0,304,0,0,0,0,EMPLOYMENT_MISMATCH
CASE-0805,60000.0,60000.0,60000.0,4,5000.0,16170.99,16170.99,1,0.0,0.0,11170.99,223.42,0,0,0,0,0,EMI_MISMATCH
CASE-0806,80000.0,49818.97,49818.97,6,3000.0,3000.0,3000.0,4,30181.03,37.73,0.0,0.0,0,0,0,0,0,SALARY_MISMATCH
CASE-0807,80000.0,80000.0,80000.0,3,3000.0,3000.0,0.0,0,0.0,0.0,3000.0,100.0,0,1,3,0,0,DATA_QUALITY_ISSUE
CASE-0808,150000.0,105000.0,105000.0,4,5000.0,5000.0,13000.0,3,45000.0,30.0,8000.0,160.0,83,0,0,0,0,MULTIPLE_MISMATCH
CASE-0809,100000.0,100000.0,100000.0,5,8000.0,17673.02,17673.02,1,0.0,0.0,9673.02,120.91,0,0,0,0,0,EMI_MISMATCH
CASE-0810,60000.0,69594.54,69594.54,4,20000.0,20000.0,20000.0,4,9594.54,15.99,0.0,0.0,0,0,0,0,0,SALARY_MISMATCH
CASE-0811,30000.0,29891.61,30186.21,3,5000.0,4952.05,4931.9,2,186.21,0.62,68.1,1.36,0,0,0,0,0,CONSISTENT
CASE-0812,100000.0,98742.59,100656.88,2,0.0,0.0,0.0,0,656.88,0.66,0.0,0.0,0,0,0,0,0,CONSISTENT
CASE-0813,100000.0,70000.0,70000.0,2,8000.0,8000.0,16000.0,4,30000.0,30.0,8000.0,100.0,112,0,0,0,0,MULTIPLE_MISMATCH
CASE-0814,80000.0,92223.0,92223.0,5,12000.0,12000.0,12000.0,4,12223.0,15.28,0.0,0.0,0,0,0,0,0,SALARY_MISMATCH
CASE-0815,60000.0,60000.0,0.0,0,3000.0,3000.0,3000.0,2,60000.0,100.0,0.0,0.0,0,1,2,0,1,DATA_QUALITY_ISSUE
CASE-0816,100000.0,127382.62,127382.62,2,12000.0,12000.0,12000.0,1,27382.62,27.38,0.0,0.0,0,0,0,0,0,SALARY_MISMATCH
CASE-0817,30000.0,21000.0,21000.0,6,12000.0,12000.0,20000.0,4,9000.0,30.0,8000.0,66.67,84,0,0,0,0,MULTIPLE_MISMATCH
CASE-0818,100000.0,100528.87,99494.08,2,8000.0,7926.88,7914.17,1,505.92,0.51,85.83,1.07,0,0,0,0,0,CONSISTENT
CASE-0819,100000.0,98310.56,101315.49,6,0.0,0.0,0.0,0,1315.49,1.32,0.0,0.0,0,0,0,0,0,CONSISTENT
CASE-0820,30000.0,30353.38,30461.25,3,20000.0,19875.83,19969.47,3,461.25,1.54,30.53,0.15,0,0,0,0,0,CONSISTENT
CASE-0821,150000.0,119080.82,119080.82,3,0.0,0.0,0.0,0,30919.18,20.61,0.0,0.0,0,0,0,0,0,SALARY_MISMATCH
CASE-0822,100000.0,100000.0,100000.0,5,20000.0,27002.45,27002.45,1,0.0,0.0,7002.45,35.01,0,0,0,0,0,EMI_MISMATCH
CASE-0823,100000.0,140921.92,140921.92,4,0.0,0.0,0.0,0,40921.92,40.92,0.0,0.0,0,0,0,0,0,SALARY_MISMATCH
CASE-0824,100000.0,70000.0,70000.0,3,20000.0,20000.0,28000.0,4,30000.0,30.0,8000.0,40.0,188,0,0,0,0,MULTIPLE_MISMATCH
CASE-0825,150000.0,150000.0,150000.0,6,20000.0,20000.0,20000.0,3,0.0,0.0,0.0,0.0,226,0,0,0,0,EMPLOYMENT_MISMATCH
CASE-0826,150000.0,105754.45,105754.45,3,0.0,0.0,0.0,0,44245.55,29.5,0.0,0.0,0,0,0,0,0,SALARY_MISMATCH
CASE-0827,60000.0,60000.0,60000.0,2,20000.0,20000.0,20000.0,3,0.0,0.0,0.0,0.0,57,0,0,0,0,EMPLOYMENT_MISMATCH
CASE-0828,80000.0,79111.56,80061.52,2,5000.0,5021.55,4949.07,4,61.52,0.08,50.93,1.02,0,0,0,0,0,CONSISTENT
CASE-0829,150000.0,149014.04,151496.34,2,5000.0,5014.38,5097.25,3,1496.34,1.0,97.25,1.94,1,0,0,0,0,CONSISTENT
CASE-0830,30000.0,16349.58,16349.58,4,20000.0,20000.0,20000.0,1,13650.42,45.5,0.0,0.0,0,0,0,0,0,SALARY_MISMATCH
CASE-0831,45000.0,45000.0,45000.0,5,0.0,4647.67,4647.67,0,0.0,0.0,4647.67,100.0,0,0,0,0,0,EMI_MISMATCH
CASE-0832,100000.0,100301.64,98088.57,5,20000.0,20356.09,20157.3,2,1911.43,1.91,157.3,0.79,0,0,0,0,0,CONSISTENT
CASE-0833,100000.0,130368.34,130368.34,6,12000.0,12000.0,12000.0,4,30368.34,30.37,0.0,0.0,0,0,0,0,0,SALARY_MISMATCH
CASE-0834,30000.0,30000.0,0.0,0,12000.0,12000.0,0.0,0,30000.0,100.0,12000.0,100.0,0,1,3,0,1,DATA_QUALITY_ISSUE
CASE-0835,30000.0,36645.32,36645.32,2,5000.0,5000.0,5000.0,3,6645.32,22.15,0.0,0.0,0,0,0,0,0,SALARY_MISMATCH
CASE-0836,100000.0,84365.66,84365.66,3,0.0,0.0,0.0,0,15634.34,15.63,0.0,0.0,0,0,0,0,0,SALARY_MISMATCH
CASE-0837,30000.0,30000.0,30000.0,4,5000.0,5000.0,5000.0,3,0.0,0.0,0.0,0.0,84,0,0,0,0,EMPLOYMENT_MISMATCH
CASE-0838,100000.0,77233.48,77233.48,2,12000.0,12000.0,12000.0,1,22766.52,22.77,0.0,0.0,0,0,0,0,0,SALARY_MISMATCH
CASE-0839,30000.0,30000.0,30000.0,5,20000.0,20000.0,20000.0,3,0.0,0.0,0.0,0.0,419,0,0,0,0,EMPLOYMENT_MISMATCH
CASE-0840,30000.0,30000.0,30000.0,4,12000.0,12000.0,12000.0,1,0.0,0.0,0.0,0.0,97,0,0,0,0,EMPLOYMENT_MISMATCH
CASE-0841,30000.0,21000.0,21000.0,2,5000.0,5000.0,13000.0,2,9000.0,30.0,8000.0,160.0,125,0,0,0,0,MULTIPLE_MISMATCH
CASE-0842,150000.0,150189.46,150063.37,5,0.0,0.0,0.0,0,63.37,0.04,0.0,0.0,1,0,0,0,0,CONSISTENT
CASE-0843,30000.0,21000.0,21000.0,2,12000.0,12000.0,20000.0,1,9000.0,30.0,8000.0,66.67,37,0,0,0,0,MULTIPLE_MISMATCH
CASE-0844,60000.0,42395.48,42395.48,4,12000.0,12000.0,12000.0,1,17604.52,29.34,0.0,0.0,0,0,0,0,0,SALARY_MISMATCH
CASE-0845,45000.0,45000.0,45000.0,4,5000.0,10651.47,10651.47,4,0.0,0.0,5651.47,113.03,0,0,0,0,0,EMI_MISMATCH
CASE-0846,150000.0,149336.43,150250.57,2,20000.0,20374.45,19653.25,3,250.57,0.17,346.75,1.73,1,0,0,0,0,CONSISTENT
CASE-0847,100000.0,100000.0,100000.0,5,3000.0,9881.1,9881.1,1,0.0,0.0,6881.1,229.37,0,0,0,0,0,EMI_MISMATCH
CASE-0848,80000.0,80000.0,80000.0,6,12000.0,12000.0,12000.0,2,0.0,0.0,0.0,0.0,322,0,0,0,0,EMPLOYMENT_MISMATCH
CASE-0849,100000.0,100000.0,100000.0,6,5000.0,9861.45,9861.45,2,0.0,0.0,4861.45,97.23,0,0,0,0,0,EMI_MISMATCH
CASE-0850,60000.0,76864.09,76864.09,5,20000.0,20000.0,20000.0,2,16864.09,28.11,0.0,0.0,0,0,0,0,0,SALARY_MISMATCH
CASE-0851,60000.0,76348.84,76348.84,4,3000.0,3000.0,3000.0,3,16348.84,27.25,0.0,0.0,0,0,0,0,0,SALARY_MISMATCH
CASE-0852,150000.0,150000.0,150000.0,2,5000.0,5000.0,0.0,0,0.0,0.0,5000.0,100.0,0,2,2,0,1,DATA_QUALITY_ISSUE
CASE-0853,30000.0,21000.0,21000.0,4,0.0,0.0,8000.0,0,9000.0,30.0,8000.0,100.0,79,0,0,0,0,MULTIPLE_MISMATCH
CASE-0854,80000.0,80872.99,80154.94,3,3000.0,2947.98,3031.98,4,154.94,0.19,31.98,1.07,0,0,0,0,0,CONSISTENT
CASE-0855,100000.0,100000.0,100000.0,5,12000.0,18552.64,18552.64,1,0.0,0.0,6552.64,54.61,0,0,0,0,0,EMI_MISMATCH
CASE-0856,80000.0,80000.0,80000.0,3,0.0,2190.17,2190.17,0,0.0,0.0,2190.17,100.0,0,0,0,0,0,EMI_MISMATCH
CASE-0857,80000.0,79637.18,80519.95,4,12000.0,11926.54,11947.56,1,519.95,0.65,52.44,0.44,1,0,0,0,0,CONSISTENT
CASE-0858,60000.0,60369.92,60933.91,4,12000.0,12037.83,12063.55,4,933.91,1.56,63.55,0.53,0,0,0,0,0,CONSISTENT
CASE-0859,45000.0,45389.51,44587.7,5,12000.0,11857.08,11910.64,3,412.3,0.92,89.36,0.74,1,0,0,0,0,CONSISTENT
CASE-0860,60000.0,59819.64,60978.81,6,3000.0,3000.85,2962.55,2,978.81,1.63,37.45,1.25,0,0,0,0,0,CONSISTENT
CASE-0861,45000.0,44789.04,45579.3,4,3000.0,3019.14,3035.55,2,579.3,1.29,35.55,1.19,1,0,0,0,0,CONSISTENT
CASE-0862,150000.0,148584.37,152634.41,4,0.0,0.0,0.0,0,2634.41,1.76,0.0,0.0,0,0,0,0,0,CONSISTENT
CASE-0863,30000.0,30000.0,30000.0,5,20000.0,25503.65,25503.65,3,0.0,0.0,5503.65,27.52,0,0,0,0,0,EMI_MISMATCH
CASE-0864,45000.0,44493.69,45171.55,4,20000.0,19811.71,20129.58,4,171.55,0.38,129.58,0.65,0,0,0,0,0,CONSISTENT
CASE-0865,80000.0,80000.0,80000.0,4,20000.0,20000.0,20000.0,4,0.0,0.0,0.0,0.0,173,0,0,0,0,EMPLOYMENT_MISMATCH
CASE-0866,45000.0,45000.0,45000.0,5,12000.0,12000.0,12000.0,3,0.0,0.0,0.0,0.0,88,0,0,0,0,EMPLOYMENT_MISMATCH
CASE-0867,30000.0,30000.0,30000.0,6,8000.0,8000.0,8000.0,2,0.0,0.0,0.0,0.0,333,0,0,0,0,EMPLOYMENT_MISMATCH
CASE-0868,100000.0,98134.71,101516.74,6,20000.0,19794.72,20045.87,2,1516.74,1.52,45.87,0.23,0,0,0,0,0,CONSISTENT
CASE-0869,45000.0,44872.17,44461.92,5,20000.0,20011.36,20188.98,2,538.08,1.2,188.98,0.94,1,0,0,0,0,CONSISTENT
CASE-0870,100000.0,81698.54,81698.54,4,20000.0,20000.0,20000.0,1,18301.46,18.3,0.0,0.0,0,0,0,0,0,SALARY_MISMATCH
CASE-0871,30000.0,30000.0,30000.0,5,20000.0,20000.0,20000.0,4,0.0,0.0,0.0,0.0,101,0,0,0,0,EMPLOYMENT_MISMATCH
CASE-0872,150000.0,150000.0,150000.0,4,5000.0,5000.0,5000.0,2,0.0,0.0,0.0,0.0,159,0,0,0,0,EMPLOYMENT_MISMATCH
CASE-0873,60000.0,60000.0,0.0,0,12000.0,12000.0,12000.0,4,60000.0,100.0,0.0,0.0,0,2,1,0,1,DATA_QUALITY_ISSUE
CASE-0874,100000.0,100000.0,100000.0,5,3000.0,3000.0,3000.0,4,0.0,0.0,0.0,0.0,308,0,0,0,0,EMPLOYMENT_MISMATCH
CASE-0875,60000.0,60170.79,59529.67,2,5000.0,4963.62,5092.23,3,470.33,0.78,92.23,1.84,0,0,0,0,0,CONSISTENT
CASE-0876,100000.0,70000.0,70000.0,2,5000.0,5000.0,13000.0,2,30000.0,30.0,8000.0,160.0,183,0,0,0,0,MULTIPLE_MISMATCH
CASE-0877,150000.0,93147.04,93147.04,4,8000.0,8000.0,8000.0,2,56852.96,37.9,0.0,0.0,0,0,0,0,0,SALARY_MISMATCH
CASE-0878,150000.0,152499.62,151236.95,2,20000.0,19847.16,19706.12,4,1236.95,0.82,293.88,1.47,0,0,0,0,0,CONSISTENT
CASE-0879,45000.0,66530.02,66530.02,5,5000.0,5000.0,5000.0,1,21530.02,47.84,0.0,0.0,0,0,0,0,0,SALARY_MISMATCH
CASE-0880,100000.0,71329.22,71329.22,4,3000.0,3000.0,3000.0,2,28670.78,28.67,0.0,0.0,0,0,0,0,0,SALARY_MISMATCH
CASE-0881,100000.0,99769.18,100829.59,6,5000.0,4977.85,4945.78,2,829.59,0.83,54.22,1.08,1,0,0,0,0,CONSISTENT
CASE-0882,60000.0,60000.0,60000.0,4,20000.0,26829.32,26829.32,4,0.0,0.0,6829.32,34.15,0,0,0,0,0,EMI_MISMATCH
CASE-0883,60000.0,60000.0,60000.0,5,12000.0,26943.2,26943.2,2,0.0,0.0,14943.2,124.53,0,0,0,0,0,EMI_MISMATCH
CASE-0884,80000.0,80000.0,80000.0,4,20000.0,20000.0,0.0,0,0.0,0.0,20000.0,100.0,0,2,1,0,1,DATA_QUALITY_ISSUE
CASE-0885,80000.0,80000.0,80000.0,2,20000.0,20000.0,20000.0,2,0.0,0.0,0.0,0.0,208,0,0,0,0,EMPLOYMENT_MISMATCH
CASE-0886,60000.0,60000.0,60000.0,4,5000.0,17826.81,17826.81,3,0.0,0.0,12826.81,256.54,0,0,0,0,0,EMI_MISMATCH
CASE-0887,150000.0,121721.68,121721.68,5,3000.0,3000.0,3000.0,2,28278.32,18.85,0.0,0.0,0,0,0,0,0,SALARY_MISMATCH
CASE-0888,80000.0,80000.0,0.0,0,12000.0,12000.0,12000.0,4,80000.0,100.0,0.0,0.0,0,1,2,0,2,DATA_QUALITY_ISSUE
CASE-0889,60000.0,60356.73,59460.69,4,0.0,0.0,0.0,0,539.31,0.9,0.0,0.0,0,0,0,0,0,CONSISTENT
CASE-0890,80000.0,78973.94,80656.45,2,0.0,0.0,0.0,0,656.45,0.82,0.0,0.0,0,0,0,0,0,CONSISTENT
CASE-0891,30000.0,15538.18,15538.18,4,12000.0,12000.0,12000.0,1,14461.82,48.21,0.0,0.0,0,0,0,0,0,SALARY_MISMATCH
CASE-0892,45000.0,45197.46,45359.35,3,0.0,0.0,0.0,0,359.35,0.8,0.0,0.0,0,0,0,0,0,CONSISTENT
CASE-0893,150000.0,105000.0,105000.0,6,8000.0,8000.0,16000.0,2,45000.0,30.0,8000.0,100.0,156,0,0,0,0,MULTIPLE_MISMATCH
CASE-0894,60000.0,60000.0,0.0,0,8000.0,8000.0,0.0,0,60000.0,100.0,8000.0,100.0,0,2,2,0,0,DATA_QUALITY_ISSUE
CASE-0895,150000.0,180568.78,180568.78,3,12000.0,12000.0,12000.0,4,30568.78,20.38,0.0,0.0,0,0,0,0,0,SALARY_MISMATCH
CASE-0896,150000.0,150000.0,150000.0,6,3000.0,16977.0,16977.0,2,0.0,0.0,13977.0,465.9,0,0,0,0,0,EMI_MISMATCH
CASE-0897,80000.0,80000.0,80000.0,5,5000.0,7675.86,7675.86,4,0.0,0.0,2675.86,53.52,0,0,0,0,0,EMI_MISMATCH
CASE-0898,45000.0,45748.21,45209.37,5,20000.0,19797.03,20152.54,1,209.37,0.47,152.54,0.76,0,0,0,0,0,CONSISTENT
CASE-0899,100000.0,100000.0,100000.0,3,5000.0,18519.21,18519.21,3,0.0,0.0,13519.21,270.38,0,0,0,0,0,EMI_MISMATCH
CASE-0900,100000.0,101988.95,98120.1,2,0.0,0.0,0.0,0,1879.9,1.88,0.0,0.0,0,0,0,0,0,CONSISTENT
CASE-0901,30000.0,21000.0,21000.0,6,12000.0,12000.0,20000.0,2,9000.0,30.0,8000.0,66.67,108,0,0,0,0,MULTIPLE_MISMATCH
CASE-0902,80000.0,78614.45,81521.1,4,8000.0,8101.43,8112.82,2,1521.1,1.9,112.82,1.41,1,0,0,0,0,CONSISTENT
CASE-0903,60000.0,60000.0,60000.0,2,20000.0,20000.0,20000.0,3,0.0,0.0,0.0,0.0,0,2,3,0,2,DATA_QUALITY_ISSUE
CASE-0904,45000.0,54397.86,54397.86,5,8000.0,8000.0,8000.0,1,9397.86,20.88,0.0,0.0,0,0,0,0,0,SALARY_MISMATCH
CASE-0905,45000.0,23407.46,23407.46,5,20000.0,20000.0,20000.0,2,21592.54,47.98,0.0,0.0,0,0,0,0,0,SALARY_MISMATCH
CASE-0906,100000.0,101892.31,101037.17,4,8000.0,8149.68,7980.72,1,1037.17,1.04,19.28,0.24,0,0,0,0,0,CONSISTENT
CASE-0907,60000.0,60313.39,59327.3,4,20000.0,19616.42,20261.29,1,672.7,1.12,261.29,1.31,0,0,0,0,0,CONSISTENT
CASE-0908,80000.0,100469.41,100469.41,4,12000.0,12000.0,12000.0,1,20469.41,25.59,0.0,0.0,0,0,0,0,0,SALARY_MISMATCH
CASE-0909,45000.0,45000.0,0.0,0,20000.0,20000.0,20000.0,4,45000.0,100.0,0.0,0.0,0,2,3,0,0,DATA_QUALITY_ISSUE
CASE-0910,45000.0,31500.0,31500.0,5,20000.0,20000.0,28000.0,2,13500.0,30.0,8000.0,40.0,157,0,0,0,0,MULTIPLE_MISMATCH
CASE-0911,150000.0,105000.0,105000.0,3,3000.0,3000.0,11000.0,4,45000.0,30.0,8000.0,266.67,88,0,0,0,0,MULTIPLE_MISMATCH
CASE-0912,60000.0,42000.0,42000.0,3,8000.0,8000.0,16000.0,2,18000.0,30.0,8000.0,100.0,95,0,0,0,0,MULTIPLE_MISMATCH
CASE-0913,150000.0,150000.0,150000.0,5,12000.0,20220.45,20220.45,1,0.0,0.0,8220.45,68.5,0,0,0,0,0,EMI_MISMATCH
CASE-0914,150000.0,150000.0,150000.0,4,5000.0,5000.0,5000.0,1,0.0,0.0,0.0,0.0,278,0,0,0,0,EMPLOYMENT_MISMATCH
CASE-0915,80000.0,81201.3,79813.59,3,20000.0,20387.39,19916.57,2,186.41,0.23,83.43,0.42,1,0,0,0,0,CONSISTENT
CASE-0916,100000.0,100000.0,100000.0,6,3000.0,3000.0,3000.0,4,0.0,0.0,0.0,0.0,239,0,0,0,0,EMPLOYMENT_MISMATCH
CASE-0917,100000.0,135100.07,135100.07,5,0.0,0.0,0.0,0,35100.07,35.1,0.0,0.0,0,0,0,0,0,SALARY_MISMATCH
CASE-0918,30000.0,30000.0,30000.0,5,3000.0,9080.38,9080.38,4,0.0,0.0,6080.38,202.68,0,0,0,0,0,EMI_MISMATCH
CASE-0919,100000.0,141780.61,141780.61,3,0.0,0.0,0.0,0,41780.61,41.78,0.0,0.0,0,0,0,0,0,SALARY_MISMATCH
CASE-0920,45000.0,45000.0,45000.0,2,5000.0,5000.0,5000.0,2,0.0,0.0,0.0,0.0,0,2,1,0,1,DATA_QUALITY_ISSUE
CASE-0921,100000.0,67760.08,67760.08,5,0.0,0.0,0.0,0,32239.92,32.24,0.0,0.0,0,0,0,0,0,SALARY_MISMATCH
CASE-0922,60000.0,43410.52,43410.52,5,8000.0,8000.0,8000.0,1,16589.48,27.65,0.0,0.0,0,0,0,0,0,SALARY_MISMATCH
CASE-0923,45000.0,31500.0,31500.0,4,8000.0,8000.0,16000.0,3,13500.0,30.0,8000.0,100.0,153,0,0,0,0,MULTIPLE_MISMATCH
CASE-0924,150000.0,80781.1,80781.1,2,12000.0,12000.0,12000.0,4,69218.9,46.15,0.0,0.0,0,0,0,0,0,SALARY_MISMATCH
CASE-0925,150000.0,150000.0,150000.0,5,5000.0,5000.0,5000.0,1,0.0,0.0,0.0,0.0,406,0,0,0,0,EMPLOYMENT_MISMATCH
CASE-0926,80000.0,80000.0,80000.0,3,3000.0,3000.0,3000.0,3,0.0,0.0,0.0,0.0,477,0,0,0,0,EMPLOYMENT_MISMATCH
CASE-0927,150000.0,105000.0,105000.0,2,8000.0,8000.0,16000.0,4,45000.0,30.0,8000.0,100.0,82,0,0,0,0,MULTIPLE_MISMATCH
CASE-0928,30000.0,30000.0,30000.0,4,12000.0,12000.0,0.0,0,0.0,0.0,12000.0,100.0,0,2,1,0,0,DATA_QUALITY_ISSUE
CASE-0929,150000.0,150000.0,150000.0,4,20000.0,33111.14,33111.14,4,0.0,0.0,13111.14,65.56,0,0,0,0,0,EMI_MISMATCH
CASE-0930,60000.0,59977.84,59775.74,3,8000.0,8129.02,8033.23,2,224.26,0.37,33.23,0.42,0,0,0,0,0,CONSISTENT
CASE-0931,150000.0,150000.0,150000.0,3,0.0,12213.36,12213.36,0,0.0,0.0,12213.36,100.0,0,0,0,0,0,EMI_MISMATCH
CASE-0932,45000.0,45709.17,44707.46,2,5000.0,5045.89,5014.64,3,292.54,0.65,14.64,0.29,0,0,0,0,0,CONSISTENT
CASE-0933,80000.0,78480.76,79208.47,6,0.0,0.0,0.0,0,791.53,0.99,0.0,0.0,0,0,0,0,0,CONSISTENT
CASE-0934,80000.0,113046.93,113046.93,4,20000.0,20000.0,20000.0,3,33046.93,41.31,0.0,0.0,0,0,0,0,0,SALARY_MISMATCH
CASE-0935,45000.0,45000.0,45000.0,4,3000.0,5695.69,5695.69,1,0.0,0.0,2695.69,89.86,0,0,0,0,0,EMI_MISMATCH
CASE-0936,30000.0,22713.61,22713.61,3,20000.0,20000.0,20000.0,4,7286.39,24.29,0.0,0.0,0,0,0,0,0,SALARY_MISMATCH
CASE-0937,100000.0,100000.0,100000.0,4,0.0,5821.34,5821.34,0,0.0,0.0,5821.34,100.0,0,0,0,0,0,EMI_MISMATCH
CASE-0938,60000.0,61067.2,60263.86,3,12000.0,12203.77,12137.19,2,263.86,0.44,137.19,1.14,0,0,0,0,0,CONSISTENT
CASE-0939,100000.0,100000.0,100000.0,3,0.0,12042.71,12042.71,0,0.0,0.0,12042.71,100.0,0,0,0,0,0,EMI_MISMATCH
CASE-0940,45000.0,45000.0,45000.0,4,20000.0,20000.0,20000.0,2,0.0,0.0,0.0,0.0,419,0,0,0,0,EMPLOYMENT_MISMATCH
CASE-0941,30000.0,44995.36,44995.36,5,20000.0,20000.0,20000.0,4,14995.36,49.98,0.0,0.0,0,0,0,0,0,SALARY_MISMATCH
CASE-0942,100000.0,100000.0,100000.0,4,20000.0,20000.0,20000.0,4,0.0,0.0,0.0,0.0,222,0,0,0,0,EMPLOYMENT_MISMATCH
CASE-0943,100000.0,70000.0,70000.0,5,5000.0,5000.0,13000.0,1,30000.0,30.0,8000.0,160.0,177,0,0,0,0,MULTIPLE_MISMATCH
CASE-0944,100000.0,100042.32,100460.52,2,0.0,0.0,0.0,0,460.52,0.46,0.0,0.0,1,0,0,0,0,CONSISTENT
CASE-0945,45000.0,31500.0,31500.0,6,8000.0,8000.0,16000.0,3,13500.0,30.0,8000.0,100.0,192,0,0,0,0,MULTIPLE_MISMATCH
CASE-0946,80000.0,52567.52,52567.52,4,20000.0,20000.0,20000.0,4,27432.48,34.29,0.0,0.0,0,0,0,0,0,SALARY_MISMATCH
CASE-0947,150000.0,85709.61,85709.61,4,0.0,0.0,0.0,0,64290.39,42.86,0.0,0.0,0,0,0,0,0,SALARY_MISMATCH
CASE-0948,30000.0,30000.0,30000.0,2,8000.0,8000.0,8000.0,4,0.0,0.0,0.0,0.0,355,0,0,0,0,EMPLOYMENT_MISMATCH
CASE-0949,150000.0,150000.0,150000.0,4,0.0,0.0,0.0,0,0.0,0.0,0.0,0.0,465,0,0,0,0,EMPLOYMENT_MISMATCH
CASE-0950,60000.0,60000.0,60000.0,2,20000.0,31043.12,31043.12,4,0.0,0.0,11043.12,55.22,0,0,0,0,0,EMI_MISMATCH
CASE-0951,45000.0,45000.0,45000.0,3,20000.0,22721.83,22721.83,4,0.0,0.0,2721.83,13.61,0,0,0,0,0,EMI_MISMATCH
CASE-0952,30000.0,30000.0,30000.0,3,0.0,5080.13,5080.13,0,0.0,0.0,5080.13,100.0,0,0,0,0,0,EMI_MISMATCH
CASE-0953,100000.0,100000.0,100000.0,5,20000.0,26756.52,26756.52,3,0.0,0.0,6756.52,33.78,0,0,0,0,0,EMI_MISMATCH
CASE-0954,100000.0,100098.94,101100.98,4,5000.0,4946.89,4969.02,3,1100.98,1.1,30.98,0.62,0,0,0,0,0,CONSISTENT
CASE-0955,60000.0,60402.88,61039.69,6,3000.0,2971.86,3013.38,2,1039.69,1.73,13.38,0.45,1,0,0,0,0,CONSISTENT
CASE-0956,150000.0,150000.0,150000.0,4,8000.0,21025.42,21025.42,1,0.0,0.0,13025.42,162.82,0,0,0,0,0,EMI_MISMATCH
CASE-0957,60000.0,60000.0,0.0,0,8000.0,8000.0,8000.0,1,60000.0,100.0,0.0,0.0,0,2,1,0,0,DATA_QUALITY_ISSUE
CASE-0958,45000.0,45000.0,45000.0,5,0.0,0.0,0.0,0,0.0,0.0,0.0,0.0,30,0,0,0,0,EMPLOYMENT_MISMATCH
CASE-0959,45000.0,44118.51,45388.89,5,12000.0,12099.0,12058.89,2,388.89,0.86,58.89,0.49,0,0,0,0,0,CONSISTENT
CASE-0960,45000.0,45000.0,45000.0,4,8000.0,8000.0,8000.0,2,0.0,0.0,0.0,0.0,0,2,1,0,2,DATA_QUALITY_ISSUE
CASE-0961,60000.0,59426.52,59624.13,3,8000.0,8107.06,8139.36,1,375.87,0.63,139.36,1.74,1,0,0,0,0,CONSISTENT
CASE-0962,45000.0,44457.28,44396.79,4,8000.0,7916.8,8067.24,2,603.21,1.34,67.24,0.84,1,0,0,0,0,CONSISTENT
CASE-0963,150000.0,149680.29,150009.11,2,12000.0,11878.4,11986.06,1,9.11,0.01,13.94,0.12,0,0,0,0,0,CONSISTENT
CASE-0964,45000.0,45000.0,45000.0,3,8000.0,19800.29,19800.29,4,0.0,0.0,11800.29,147.5,0,0,0,0,0,EMI_MISMATCH
CASE-0965,60000.0,60000.0,60000.0,2,12000.0,15492.36,15492.36,2,0.0,0.0,3492.36,29.1,0,0,0,0,0,EMI_MISMATCH
CASE-0966,30000.0,30000.0,0.0,0,5000.0,5000.0,0.0,0,30000.0,100.0,5000.0,100.0,0,2,1,0,0,DATA_QUALITY_ISSUE
CASE-0967,100000.0,99644.79,99609.63,5,8000.0,8123.07,8126.58,2,390.37,0.39,126.58,1.58,1,0,0,0,0,CONSISTENT
CASE-0968,30000.0,21000.0,21000.0,2,20000.0,20000.0,28000.0,2,9000.0,30.0,8000.0,40.0,113,0,0,0,0,MULTIPLE_MISMATCH
CASE-0969,150000.0,149052.65,149579.75,2,5000.0,5066.19,4923.98,1,420.25,0.28,76.02,1.52,0,0,0,0,0,CONSISTENT
CASE-0970,30000.0,30000.0,30000.0,4,8000.0,8000.0,8000.0,3,0.0,0.0,0.0,0.0,481,0,0,0,0,EMPLOYMENT_MISMATCH
CASE-0971,45000.0,44346.76,45420.99,4,3000.0,3015.87,3010.03,2,420.99,0.94,10.03,0.33,1,0,0,0,0,CONSISTENT
CASE-0972,150000.0,125124.42,125124.42,3,0.0,0.0,0.0,0,24875.58,16.58,0.0,0.0,0,0,0,0,0,SALARY_MISMATCH
CASE-0973,80000.0,81380.98,81027.14,3,5000.0,5013.32,5031.41,1,1027.14,1.28,31.41,0.63,0,0,0,0,0,CONSISTENT
CASE-0974,45000.0,31500.0,31500.0,6,3000.0,3000.0,11000.0,2,13500.0,30.0,8000.0,266.67,127,0,0,0,0,MULTIPLE_MISMATCH
CASE-0975,30000.0,30361.18,29525.35,4,5000.0,5015.37,4992.8,2,474.65,1.58,7.2,0.14,0,0,0,0,0,CONSISTENT
CASE-0976,100000.0,98858.78,98268.94,5,20000.0,20075.88,20191.09,4,1731.06,1.73,191.09,0.96,0,0,0,0,0,CONSISTENT
CASE-0977,150000.0,150193.75,147619.59,2,5000.0,4934.5,5013.59,1,2380.41,1.59,13.59,0.27,0,0,0,0,0,CONSISTENT
CASE-0978,100000.0,101274.96,101934.27,2,12000.0,11884.64,12225.47,4,1934.27,1.93,225.47,1.88,0,0,0,0,0,CONSISTENT
CASE-0979,45000.0,37820.81,37820.81,5,8000.0,8000.0,8000.0,3,7179.19,15.95,0.0,0.0,0,0,0,0,0,SALARY_MISMATCH
CASE-0980,150000.0,95266.56,95266.56,3,12000.0,12000.0,12000.0,3,54733.44,36.49,0.0,0.0,0,0,0,0,0,SALARY_MISMATCH
CASE-0981,45000.0,45715.94,45441.32,3,20000.0,19661.15,20316.71,3,441.32,0.98,316.71,1.58,0,0,0,0,0,CONSISTENT
CASE-0982,150000.0,150000.0,150000.0,4,0.0,0.0,0.0,0,0.0,0.0,0.0,0.0,135,0,0,0,0,EMPLOYMENT_MISMATCH
CASE-0983,45000.0,44252.44,44940.05,6,12000.0,11991.42,12163.64,2,59.95,0.13,163.64,1.36,1,0,0,0,0,CONSISTENT
CASE-0984,100000.0,101047.53,101126.02,4,20000.0,19820.61,19763.4,1,1126.02,1.13,236.6,1.18,0,0,0,0,0,CONSISTENT
CASE-0985,100000.0,98306.27,99683.04,5,20000.0,20081.35,20349.69,4,316.96,0.32,349.69,1.75,0,0,0,0,0,CONSISTENT
CASE-0986,150000.0,150924.96,150715.43,3,20000.0,19865.69,20342.48,4,715.43,0.48,342.48,1.71,0,0,0,0,0,CONSISTENT
CASE-0987,80000.0,56000.0,56000.0,6,5000.0,5000.0,13000.0,1,24000.0,30.0,8000.0,160.0,107,0,0,0,0,MULTIPLE_MISMATCH
CASE-0988,80000.0,80000.0,80000.0,4,5000.0,5000.0,5000.0,2,0.0,0.0,0.0,0.0,228,0,0,0,0,EMPLOYMENT_MISMATCH
CASE-0989,60000.0,60121.59,59767.7,6,8000.0,8106.77,8100.69,4,232.3,0.39,100.69,1.26,0,0,0,0,0,CONSISTENT
CASE-0990,30000.0,30000.0,30000.0,6,5000.0,19509.4,19509.4,2,0.0,0.0,14509.4,290.19,0,0,0,0,0,EMI_MISMATCH
CASE-0991,80000.0,106886.51,106886.51,5,12000.0,12000.0,12000.0,1,26886.51,33.61,0.0,0.0,0,0,0,0,0,SALARY_MISMATCH
CASE-0992,100000.0,121362.26,121362.26,2,20000.0,20000.0,20000.0,1,21362.26,21.36,0.0,0.0,0,0,0,0,0,SALARY_MISMATCH
CASE-0993,80000.0,78900.11,79104.28,2,20000.0,20014.62,20168.09,1,895.72,1.12,168.09,0.84,1,0,0,0,0,CONSISTENT
CASE-0994,60000.0,59551.32,60807.6,6,0.0,0.0,0.0,0,807.6,1.35,0.0,0.0,0,0,0,0,0,CONSISTENT
CASE-0995,80000.0,79614.77,79413.08,6,5000.0,4957.14,4918.27,4,586.92,0.73,81.73,1.63,1,0,0,0,0,CONSISTENT
CASE-0996,45000.0,45505.73,44816.81,5,12000.0,11973.07,12188.93,1,183.19,0.41,188.93,1.57,0,0,0,0,0,CONSISTENT
CASE-0997,150000.0,150000.0,150000.0,4,20000.0,34261.27,34261.27,1,0.0,0.0,14261.27,71.31,0,0,0,0,0,EMI_MISMATCH
CASE-0998,80000.0,80858.01,80001.53,4,8000.0,7978.81,7919.84,1,1.53,0.0,80.16,1.0,0,0,0,0,0,CONSISTENT
CASE-0999,30000.0,43966.62,43966.62,3,12000.0,12000.0,12000.0,3,13966.62,46.56,0.0,0.0,0,0,0,0,0,SALARY_MISMATCH
CASE-1000,60000.0,60788.37,60510.83,2,5000.0,5039.34,4964.87,3,510.83,0.85,35.13,0.7,1,0,0,0,0,CONSISTENT
CASE-1001,60000.0,60857.26,60769.02,3,12000.0,11971.48,11823.55,1,769.02,1.28,176.45,1.47,0,0,0,0,0,CONSISTENT
CASE-1002,60000.0,89796.98,89796.98,2,12000.0,12000.0,12000.0,4,29796.98,49.66,0.0,0.0,0,0,0,0,0,SALARY_MISMATCH
CASE-1003,80000.0,80510.42,80601.75,6,8000.0,7878.52,8140.33,1,601.75,0.75,140.33,1.75,0,0,0,0,0,CONSISTENT
CASE-1004,60000.0,59334.42,59537.32,3,12000.0,12022.3,11960.25,1,462.68,0.77,39.75,0.33,0,0,0,0,0,CONSISTENT
CASE-1005,100000.0,101188.84,100896.93,3,0.0,0.0,0.0,0,896.93,0.9,0.0,0.0,0,0,0,0,0,CONSISTENT
CASE-1006,150000.0,150000.0,150000.0,3,0.0,2681.09,2681.09,0,0.0,0.0,2681.09,100.0,0,0,0,0,0,EMI_MISMATCH
CASE-1007,45000.0,44520.86,44142.67,5,3000.0,3040.19,3056.96,3,857.33,1.91,56.96,1.9,0,0,0,0,0,CONSISTENT
CASE-1008,150000.0,152558.78,149517.76,3,3000.0,2946.07,2944.73,3,482.24,0.32,55.27,1.84,0,0,0,0,0,CONSISTENT
CASE-1009,45000.0,45000.0,45000.0,4,5000.0,7372.48,7372.48,1,0.0,0.0,2372.48,47.45,0,0,0,0,0,EMI_MISMATCH
CASE-1010,150000.0,150000.0,150000.0,2,0.0,12235.84,12235.84,0,0.0,0.0,12235.84,100.0,0,0,0,0,0,EMI_MISMATCH
CASE-1011,45000.0,44755.4,45119.19,4,8000.0,7842.0,7859.8,4,119.19,0.26,140.2,1.75,0,0,0,0,0,CONSISTENT
CASE-1012,150000.0,194871.36,194871.36,6,8000.0,8000.0,8000.0,1,44871.36,29.91,0.0,0.0,0,0,0,0,0,SALARY_MISMATCH
CASE-1013,30000.0,21000.0,21000.0,6,12000.0,12000.0,20000.0,1,9000.0,30.0,8000.0,66.67,142,0,0,0,0,MULTIPLE_MISMATCH
CASE-1014,80000.0,78680.29,78687.73,5,12000.0,11852.76,11784.27,3,1312.27,1.64,215.73,1.8,0,0,0,0,0,CONSISTENT
CASE-1015,100000.0,100000.0,100000.0,5,20000.0,25636.7,25636.7,2,0.0,0.0,5636.7,28.18,0,0,0,0,0,EMI_MISMATCH
CASE-1016,100000.0,99970.14,99768.43,4,8000.0,7947.01,7966.26,2,231.57,0.23,33.74,0.42,0,0,0,0,0,CONSISTENT
CASE-1017,60000.0,81011.91,81011.91,2,12000.0,12000.0,12000.0,1,21011.91,35.02,0.0,0.0,0,0,0,0,0,SALARY_MISMATCH
CASE-1018,60000.0,60000.0,60000.0,6,8000.0,8000.0,8000.0,1,0.0,0.0,0.0,0.0,52,0,0,0,0,EMPLOYMENT_MISMATCH
CASE-1019,30000.0,38138.87,38138.87,2,20000.0,20000.0,20000.0,2,8138.87,27.13,0.0,0.0,0,0,0,0,0,SALARY_MISMATCH
CASE-1020,45000.0,25219.13,25219.13,4,12000.0,12000.0,12000.0,4,19780.87,43.96,0.0,0.0,0,0,0,0,0,SALARY_MISMATCH
CASE-1021,60000.0,60000.0,60000.0,3,3000.0,7514.66,7514.66,1,0.0,0.0,4514.66,150.49,0,0,0,0,0,EMI_MISMATCH
CASE-1022,100000.0,100000.0,100000.0,6,8000.0,21519.12,21519.12,4,0.0,0.0,13519.12,168.99,0,0,0,0,0,EMI_MISMATCH
CASE-1023,80000.0,56000.0,56000.0,3,0.0,0.0,8000.0,0,24000.0,30.0,8000.0,100.0,97,0,0,0,0,MULTIPLE_MISMATCH
CASE-1024,60000.0,59377.28,60413.72,3,20000.0,20260.85,20138.47,4,413.72,0.69,138.47,0.69,0,0,0,0,0,CONSISTENT
CASE-1025,45000.0,31500.0,31500.0,4,12000.0,12000.0,20000.0,1,13500.0,30.0,8000.0,66.67,161,0,0,0,0,MULTIPLE_MISMATCH
CASE-1026,150000.0,149162.85,151027.62,4,5000.0,4954.13,4916.25,1,1027.62,0.69,83.75,1.68,0,0,0,0,0,CONSISTENT
CASE-1027,45000.0,45000.0,0.0,0,8000.0,8000.0,0.0,0,45000.0,100.0,8000.0,100.0,0,1,2,0,0,DATA_QUALITY_ISSUE
CASE-1028,150000.0,150000.0,150000.0,4,5000.0,5000.0,5000.0,3,0.0,0.0,0.0,0.0,0,1,3,0,1,DATA_QUALITY_ISSUE
CASE-1029,100000.0,100000.0,100000.0,6,5000.0,19807.27,19807.27,3,0.0,0.0,14807.27,296.15,0,0,0,0,0,EMI_MISMATCH
CASE-1030,60000.0,60000.0,60000.0,6,8000.0,8000.0,8000.0,2,0.0,0.0,0.0,0.0,267,0,0,0,0,EMPLOYMENT_MISMATCH
CASE-1031,45000.0,27770.5,27770.5,4,8000.0,8000.0,8000.0,4,17229.5,38.29,0.0,0.0,0,0,0,0,0,SALARY_MISMATCH
CASE-1032,150000.0,195055.2,195055.2,3,12000.0,12000.0,12000.0,2,45055.2,30.04,0.0,0.0,0,0,0,0,0,SALARY_MISMATCH
CASE-1033,60000.0,60670.84,58838.88,5,12000.0,12152.82,11779.27,1,1161.12,1.94,220.73,1.84,0,0,0,0,0,CONSISTENT
CASE-1034,80000.0,56000.0,56000.0,6,0.0,0.0,8000.0,0,24000.0,30.0,8000.0,100.0,103,0,0,0,0,MULTIPLE_MISMATCH
CASE-1035,100000.0,100000.0,100000.0,2,3000.0,15289.03,15289.03,3,0.0,0.0,12289.03,409.63,0,0,0,0,0,EMI_MISMATCH
CASE-1036,80000.0,80000.0,80000.0,2,8000.0,10793.09,10793.09,4,0.0,0.0,2793.09,34.91,0,0,0,0,0,EMI_MISMATCH
CASE-1037,45000.0,45834.88,44343.14,4,5000.0,4930.36,5077.92,1,656.86,1.46,77.92,1.56,0,0,0,0,0,CONSISTENT
CASE-1038,30000.0,30000.0,0.0,0,3000.0,3000.0,3000.0,2,30000.0,100.0,0.0,0.0,0,2,2,0,0,DATA_QUALITY_ISSUE
CASE-1039,150000.0,150000.0,150000.0,4,8000.0,13587.0,13587.0,1,0.0,0.0,5587.0,69.84,0,0,0,0,0,EMI_MISMATCH
CASE-1040,100000.0,100000.0,100000.0,2,3000.0,3000.0,3000.0,2,0.0,0.0,0.0,0.0,489,0,0,0,0,EMPLOYMENT_MISMATCH
CASE-1041,30000.0,30000.0,30000.0,6,12000.0,22594.83,22594.83,4,0.0,0.0,10594.83,88.29,0,0,0,0,0,EMI_MISMATCH
CASE-1042,100000.0,100000.0,100000.0,4,20000.0,23702.66,23702.66,4,0.0,0.0,3702.66,18.51,0,0,0,0,0,EMI_MISMATCH
CASE-1043,80000.0,80000.0,80000.0,2,3000.0,5584.96,5584.96,1,0.0,0.0,2584.96,86.17,0,0,0,0,0,EMI_MISMATCH
CASE-1044,45000.0,45000.0,45000.0,6,3000.0,3000.0,3000.0,2,0.0,0.0,0.0,0.0,356,0,0,0,0,EMPLOYMENT_MISMATCH
CASE-1045,80000.0,80000.0,80000.0,5,0.0,8049.38,8049.38,0,0.0,0.0,8049.38,100.0,0,0,0,0,0,EMI_MISMATCH
CASE-1046,30000.0,30410.42,29979.26,2,3000.0,3033.29,3020.74,1,20.74,0.07,20.74,0.69,1,0,0,0,0,CONSISTENT
CASE-1047,150000.0,150000.0,150000.0,3,5000.0,5000.0,5000.0,2,0.0,0.0,0.0,0.0,179,0,0,0,0,EMPLOYMENT_MISMATCH
CASE-1048,30000.0,30000.0,30000.0,4,20000.0,27172.49,27172.49,3,0.0,0.0,7172.49,35.86,0,0,0,0,0,EMI_MISMATCH
CASE-1049,100000.0,100000.0,100000.0,5,8000.0,8000.0,8000.0,3,0.0,0.0,0.0,0.0,192,0,0,0,0,EMPLOYMENT_MISMATCH
CASE-1050,100000.0,100186.79,101359.28,5,3000.0,2955.3,3036.02,3,1359.28,1.36,36.02,1.2,0,0,0,0,0,CONSISTENT
CASE-1051,150000.0,105000.0,105000.0,2,20000.0,20000.0,28000.0,2,45000.0,30.0,8000.0,40.0,49,0,0,0,0,MULTIPLE_MISMATCH
CASE-1052,80000.0,80000.0,80000.0,6,20000.0,20000.0,20000.0,1,0.0,0.0,0.0,0.0,109,0,0,0,0,EMPLOYMENT_MISMATCH
CASE-1053,100000.0,136191.84,136191.84,2,8000.0,8000.0,8000.0,2,36191.84,36.19,0.0,0.0,0,0,0,0,0,SALARY_MISMATCH
CASE-1054,100000.0,100457.94,100324.78,4,8000.0,7921.16,8082.03,4,324.78,0.32,82.03,1.03,0,0,0,0,0,CONSISTENT
CASE-1055,100000.0,99303.29,98511.1,6,8000.0,7981.56,7853.59,3,1488.9,1.49,146.41,1.83,0,0,0,0,0,CONSISTENT
CASE-1056,30000.0,30000.0,30000.0,5,12000.0,24884.42,24884.42,3,0.0,0.0,12884.42,107.37,0,0,0,0,0,EMI_MISMATCH
CASE-1057,150000.0,152545.53,149764.02,5,8000.0,7999.67,7941.84,3,235.98,0.16,58.16,0.73,0,0,0,0,0,CONSISTENT
CASE-1058,60000.0,42000.0,42000.0,2,20000.0,20000.0,28000.0,2,18000.0,30.0,8000.0,40.0,190,0,0,0,0,MULTIPLE_MISMATCH
CASE-1059,30000.0,30254.56,29827.92,4,12000.0,11882.15,11766.19,1,172.08,0.57,233.81,1.95,0,0,0,0,0,CONSISTENT
CASE-1060,100000.0,143826.22,143826.22,4,5000.0,5000.0,5000.0,2,43826.22,43.83,0.0,0.0,0,0,0,0,0,SALARY_MISMATCH
CASE-1061,100000.0,70000.0,70000.0,3,20000.0,20000.0,28000.0,3,30000.0,30.0,8000.0,40.0,116,0,0,0,0,MULTIPLE_MISMATCH
CASE-1062,150000.0,150000.0,150000.0,6,3000.0,3000.0,3000.0,1,0.0,0.0,0.0,0.0,376,0,0,0,0,EMPLOYMENT_MISMATCH
CASE-1063,80000.0,80000.0,80000.0,4,5000.0,10123.89,10123.89,3,0.0,0.0,5123.89,102.48,0,0,0,0,0,EMI_MISMATCH
CASE-1064,80000.0,78709.26,78966.07,3,8000.0,8155.95,7982.11,1,1033.93,1.29,17.89,0.22,1,0,0,0,0,CONSISTENT
CASE-1065,45000.0,65788.26,65788.26,5,5000.0,5000.0,5000.0,2,20788.26,46.2,0.0,0.0,0,0,0,0,0,SALARY_MISMATCH
CASE-1066,45000.0,56565.47,56565.47,2,12000.0,12000.0,12000.0,2,11565.47,25.7,0.0,0.0,0,0,0,0,0,SALARY_MISMATCH
CASE-1067,100000.0,138876.71,138876.71,2,8000.0,8000.0,8000.0,2,38876.71,38.88,0.0,0.0,0,0,0,0,0,SALARY_MISMATCH
CASE-1068,60000.0,60317.75,59107.98,5,0.0,0.0,0.0,0,892.02,1.49,0.0,0.0,0,0,0,0,0,CONSISTENT
CASE-1069,80000.0,80000.0,80000.0,2,8000.0,19107.95,19107.95,3,0.0,0.0,11107.95,138.85,0,0,0,0,0,EMI_MISMATCH
CASE-1070,80000.0,80000.0,80000.0,2,5000.0,5000.0,5000.0,1,0.0,0.0,0.0,0.0,63,0,0,0,0,EMPLOYMENT_MISMATCH
CASE-1071,150000.0,94993.43,94993.43,3,5000.0,5000.0,5000.0,4,55006.57,36.67,0.0,0.0,0,0,0,0,0,SALARY_MISMATCH
CASE-1072,80000.0,79310.53,79817.71,2,0.0,0.0,0.0,0,182.29,0.23,0.0,0.0,0,0,0,0,0,CONSISTENT
CASE-1073,150000.0,150000.0,150000.0,2,5000.0,9551.19,9551.19,1,0.0,0.0,4551.19,91.02,0,0,0,0,0,EMI_MISMATCH
CASE-1074,45000.0,44294.48,44961.28,5,3000.0,3010.27,3004.96,1,38.72,0.09,4.96,0.17,0,0,0,0,0,CONSISTENT
CASE-1075,60000.0,60205.41,60106.43,6,5000.0,4946.75,5027.55,4,106.43,0.18,27.55,0.55,1,0,0,0,0,CONSISTENT
CASE-1076,150000.0,105000.0,105000.0,5,3000.0,3000.0,11000.0,1,45000.0,30.0,8000.0,266.67,112,0,0,0,0,MULTIPLE_MISMATCH
CASE-1077,150000.0,203926.24,203926.24,5,20000.0,20000.0,20000.0,2,53926.24,35.95,0.0,0.0,0,0,0,0,0,SALARY_MISMATCH
CASE-1078,80000.0,80000.0,80000.0,3,0.0,14701.41,14701.41,0,0.0,0.0,14701.41,100.0,0,0,0,0,0,EMI_MISMATCH
CASE-1079,80000.0,117021.79,117021.79,4,20000.0,20000.0,20000.0,3,37021.79,46.28,0.0,0.0,0,0,0,0,0,SALARY_MISMATCH
CASE-1080,100000.0,98759.74,100806.95,3,8000.0,8018.07,7954.76,1,806.95,0.81,45.24,0.57,0,0,0,0,0,CONSISTENT
CASE-1081,150000.0,105000.0,105000.0,4,12000.0,12000.0,20000.0,4,45000.0,30.0,8000.0,66.67,120,0,0,0,0,MULTIPLE_MISMATCH
CASE-1082,30000.0,30319.83,30242.53,6,12000.0,11919.05,12084.32,4,242.53,0.81,84.32,0.7,0,0,0,0,0,CONSISTENT
CASE-1083,30000.0,37726.01,37726.01,2,20000.0,20000.0,20000.0,3,7726.01,25.75,0.0,0.0,0,0,0,0,0,SALARY_MISMATCH
CASE-1084,30000.0,24235.3,24235.3,5,12000.0,12000.0,12000.0,2,5764.7,19.22,0.0,0.0,0,0,0,0,0,SALARY_MISMATCH
CASE-1085,30000.0,30000.0,30000.0,6,3000.0,15605.0,15605.0,2,0.0,0.0,12605.0,420.17,0,0,0,0,0,EMI_MISMATCH
CASE-1086,30000.0,23756.45,23756.45,6,8000.0,8000.0,8000.0,1,6243.55,20.81,0.0,0.0,0,0,0,0,0,SALARY_MISMATCH
CASE-1087,80000.0,78740.28,78765.25,4,0.0,0.0,0.0,0,1234.75,1.54,0.0,0.0,1,0,0,0,0,CONSISTENT
CASE-1088,100000.0,100000.0,100000.0,6,20000.0,20000.0,20000.0,4,0.0,0.0,0.0,0.0,0,2,3,0,2,DATA_QUALITY_ISSUE
CASE-1089,60000.0,42000.0,42000.0,2,20000.0,20000.0,28000.0,3,18000.0,30.0,8000.0,40.0,167,0,0,0,0,MULTIPLE_MISMATCH
CASE-1090,100000.0,62311.83,62311.83,3,20000.0,20000.0,20000.0,1,37688.17,37.69,0.0,0.0,0,0,0,0,0,SALARY_MISMATCH
CASE-1091,30000.0,30276.59,29562.43,4,3000.0,2963.72,2961.66,1,437.57,1.46,38.34,1.28,1,0,0,0,0,CONSISTENT
CASE-1092,100000.0,99605.85,99352.34,6,3000.0,2955.22,2987.01,3,647.66,0.65,12.99,0.43,0,0,0,0,0,CONSISTENT
CASE-1093,30000.0,29650.6,29470.28,3,8000.0,8016.76,8030.47,1,529.72,1.77,30.47,0.38,0,0,0,0,0,CONSISTENT
CASE-1094,60000.0,42000.0,42000.0,3,12000.0,12000.0,20000.0,3,18000.0,30.0,8000.0,66.67,151,0,0,0,0,MULTIPLE_MISMATCH
CASE-1095,80000.0,80095.91,80570.85,2,3000.0,3011.13,2957.8,2,570.85,0.71,42.2,1.41,1,0,0,0,0,CONSISTENT
CASE-1096,100000.0,98605.78,99731.09,4,5000.0,5019.14,4916.12,2,268.91,0.27,83.88,1.68,0,0,0,0,0,CONSISTENT
CASE-1097,45000.0,45000.0,45000.0,3,0.0,0.0,0.0,0,0.0,0.0,0.0,0.0,0,2,3,0,2,DATA_QUALITY_ISSUE
CASE-1098,150000.0,105000.0,105000.0,4,20000.0,20000.0,28000.0,2,45000.0,30.0,8000.0,40.0,159,0,0,0,0,MULTIPLE_MISMATCH
CASE-1099,80000.0,44797.72,44797.72,3,8000.0,8000.0,8000.0,4,35202.28,44.0,0.0,0.0,0,0,0,0,0,SALARY_MISMATCH
CASE-1100,100000.0,100000.0,100000.0,3,12000.0,12000.0,12000.0,4,0.0,0.0,0.0,0.0,49,0,0,0,0,EMPLOYMENT_MISMATCH
CASE-1101,45000.0,45847.69,44418.88,2,3000.0,3026.65,2944.83,1,581.12,1.29,55.17,1.84,0,0,0,0,0,CONSISTENT
CASE-1102,100000.0,135322.58,135322.58,6,3000.0,3000.0,3000.0,2,35322.58,35.32,0.0,0.0,0,0,0,0,0,SALARY_MISMATCH
CASE-1103,30000.0,30000.0,0.0,0,3000.0,3000.0,3000.0,1,30000.0,100.0,0.0,0.0,0,2,3,0,0,DATA_QUALITY_ISSUE
CASE-1104,100000.0,148268.65,148268.65,3,8000.0,8000.0,8000.0,3,48268.65,48.27,0.0,0.0,0,0,0,0,0,SALARY_MISMATCH
CASE-1105,30000.0,29503.36,30377.26,3,20000.0,19824.27,19705.74,2,377.26,1.26,294.26,1.47,0,0,0,0,0,CONSISTENT
CASE-1106,80000.0,64739.15,64739.15,6,12000.0,12000.0,12000.0,3,15260.85,19.08,0.0,0.0,0,0,0,0,0,SALARY_MISMATCH
CASE-1107,60000.0,59719.72,59319.2,4,3000.0,2993.11,2945.8,4,680.8,1.13,54.2,1.81,0,0,0,0,0,CONSISTENT
CASE-1108,80000.0,56000.0,56000.0,4,5000.0,5000.0,13000.0,3,24000.0,30.0,8000.0,160.0,97,0,0,0,0,MULTIPLE_MISMATCH
CASE-1109,30000.0,30000.0,30000.0,3,3000.0,15397.18,15397.18,2,0.0,0.0,12397.18,413.24,0,0,0,0,0,EMI_MISMATCH
CASE-1110,80000.0,80000.0,80000.0,5,20000.0,28059.51,28059.51,4,0.0,0.0,8059.51,40.3,0,0,0,0,0,EMI_MISMATCH
CASE-1111,100000.0,51471.89,51471.89,4,5000.0,5000.0,5000.0,2,48528.11,48.53,0.0,0.0,0,0,0,0,0,SALARY_MISMATCH
CASE-1112,80000.0,92401.27,92401.27,6,8000.0,8000.0,8000.0,3,12401.27,15.5,0.0,0.0,0,0,0,0,0,SALARY_MISMATCH
CASE-1113,45000.0,64658.85,64658.85,6,12000.0,12000.0,12000.0,2,19658.85,43.69,0.0,0.0,0,0,0,0,0,SALARY_MISMATCH
CASE-1114,100000.0,70000.0,70000.0,4,3000.0,3000.0,11000.0,2,30000.0,30.0,8000.0,266.67,60,0,0,0,0,MULTIPLE_MISMATCH
CASE-1115,60000.0,60103.2,59697.14,2,3000.0,3015.04,2941.48,4,302.86,0.5,58.52,1.95,0,0,0,0,0,CONSISTENT
CASE-1116,45000.0,44539.49,45176.42,3,8000.0,7963.23,8113.54,3,176.42,0.39,113.54,1.42,0,0,0,0,0,CONSISTENT
CASE-1117,60000.0,60000.0,0.0,0,3000.0,3000.0,3000.0,1,60000.0,100.0,0.0,0.0,0,2,1,0,1,DATA_QUALITY_ISSUE
CASE-1118,80000.0,78598.53,78627.7,4,5000.0,5014.77,5013.2,2,1372.3,1.72,13.2,0.26,0,0,0,0,0,CONSISTENT
CASE-1119,80000.0,56000.0,56000.0,4,20000.0,20000.0,28000.0,4,24000.0,30.0,8000.0,40.0,17,0,0,0,0,MULTIPLE_MISMATCH
CASE-1120,30000.0,30000.0,30000.0,4,20000.0,20000.0,0.0,0,0.0,0.0,20000.0,100.0,0,1,3,0,0,DATA_QUALITY_ISSUE
CASE-1121,150000.0,105000.0,105000.0,2,0.0,0.0,8000.0,0,45000.0,30.0,8000.0,100.0,27,0,0,0,0,MULTIPLE_MISMATCH
CASE-1122,30000.0,30000.0,30000.0,5,3000.0,17297.62,17297.62,4,0.0,0.0,14297.62,476.59,0,0,0,0,0,EMI_MISMATCH
CASE-1123,30000.0,21000.0,21000.0,5,0.0,0.0,8000.0,0,9000.0,30.0,8000.0,100.0,57,0,0,0,0,MULTIPLE_MISMATCH
CASE-1124,30000.0,30000.0,0.0,0,0.0,0.0,0.0,0,30000.0,100.0,0.0,0.0,0,2,2,0,1,DATA_QUALITY_ISSUE
CASE-1125,150000.0,150000.0,150000.0,5,20000.0,20000.0,20000.0,2,0.0,0.0,0.0,0.0,113,0,0,0,0,EMPLOYMENT_MISMATCH
CASE-1126,30000.0,30228.87,30274.54,5,5000.0,4909.39,5085.61,1,274.54,0.92,85.61,1.71,0,0,0,0,0,CONSISTENT
CASE-1127,80000.0,80551.65,78943.59,4,3000.0,2946.65,2979.74,1,1056.41,1.32,20.26,0.68,0,0,0,0,0,CONSISTENT
CASE-1128,30000.0,30000.0,30000.0,4,8000.0,8000.0,8000.0,1,0.0,0.0,0.0,0.0,67,0,0,0,0,EMPLOYMENT_MISMATCH
CASE-1129,80000.0,80000.0,80000.0,4,20000.0,34851.02,34851.02,2,0.0,0.0,14851.02,74.26,0,0,0,0,0,EMI_MISMATCH
CASE-1130,45000.0,45411.58,44667.65,5,20000.0,19914.52,19789.54,2,332.35,0.74,210.46,1.05,0,0,0,0,0,CONSISTENT
CASE-1131,150000.0,151785.08,151065.27,6,3000.0,3005.63,2997.01,1,1065.27,0.71,2.99,0.1,0,0,0,0,0,CONSISTENT
CASE-1132,100000.0,100000.0,100000.0,6,3000.0,3000.0,0.0,0,0.0,0.0,3000.0,100.0,0,1,2,0,2,DATA_QUALITY_ISSUE
CASE-1133,60000.0,60000.0,60000.0,3,5000.0,19902.69,19902.69,1,0.0,0.0,14902.69,298.05,0,0,0,0,0,EMI_MISMATCH
CASE-1134,150000.0,151983.74,148347.94,2,20000.0,19919.47,19927.74,3,1652.06,1.1,72.26,0.36,0,0,0,0,0,CONSISTENT
CASE-1135,150000.0,150000.0,150000.0,3,5000.0,5000.0,5000.0,4,0.0,0.0,0.0,0.0,0,2,3,0,1,DATA_QUALITY_ISSUE
CASE-1136,80000.0,80741.0,79590.78,5,8000.0,8007.0,7861.75,4,409.22,0.51,138.25,1.73,0,0,0,0,0,CONSISTENT
CASE-1137,100000.0,101560.55,100609.1,2,3000.0,2995.16,3021.09,3,609.1,0.61,21.09,0.7,0,0,0,0,0,CONSISTENT
CASE-1138,80000.0,80000.0,80000.0,5,20000.0,22769.3,22769.3,1,0.0,0.0,2769.3,13.85,0,0,0,0,0,EMI_MISMATCH
CASE-1139,60000.0,60000.0,60000.0,4,8000.0,22923.06,22923.06,4,0.0,0.0,14923.06,186.54,0,0,0,0,0,EMI_MISMATCH
CASE-1140,150000.0,149604.31,147765.42,3,12000.0,11956.36,11930.1,1,2234.58,1.49,69.9,0.58,0,0,0,0,0,CONSISTENT
CASE-1141,60000.0,59804.13,59658.75,3,5000.0,5018.76,5015.12,2,341.25,0.57,15.12,0.3,0,0,0,0,0,CONSISTENT
CASE-1142,30000.0,30084.34,29652.13,2,5000.0,5048.45,4905.04,4,347.87,1.16,94.96,1.9,0,0,0,0,0,CONSISTENT
CASE-1143,45000.0,62764.6,62764.6,4,8000.0,8000.0,8000.0,4,17764.6,39.48,0.0,0.0,0,0,0,0,0,SALARY_MISMATCH
CASE-1144,100000.0,99649.61,98783.02,4,12000.0,12006.32,11822.64,1,1216.98,1.22,177.36,1.48,1,0,0,0,0,CONSISTENT
CASE-1145,80000.0,42465.13,42465.13,3,12000.0,12000.0,12000.0,3,37534.87,46.92,0.0,0.0,0,0,0,0,0,SALARY_MISMATCH
CASE-1146,80000.0,78984.8,79420.94,4,0.0,0.0,0.0,0,579.06,0.72,0.0,0.0,0,0,0,0,0,CONSISTENT
CASE-1147,60000.0,74094.14,74094.14,5,0.0,0.0,0.0,0,14094.14,23.49,0.0,0.0,0,0,0,0,0,SALARY_MISMATCH
CASE-1148,60000.0,59051.22,59108.63,5,20000.0,20059.08,19648.72,4,891.37,1.49,351.28,1.76,0,0,0,0,0,CONSISTENT
CASE-1149,30000.0,29888.84,30025.65,3,8000.0,8126.9,7902.81,3,25.65,0.09,97.19,1.21,0,0,0,0,0,CONSISTENT
CASE-1150,80000.0,80246.77,81250.11,3,20000.0,20077.56,20248.13,1,1250.11,1.56,248.13,1.24,0,0,0,0,0,CONSISTENT
CASE-1151,150000.0,114073.46,114073.46,4,5000.0,5000.0,5000.0,4,35926.54,23.95,0.0,0.0,0,0,0,0,0,SALARY_MISMATCH
CASE-1152,30000.0,29617.41,30348.83,6,3000.0,2986.17,2992.32,2,348.83,1.16,7.68,0.26,0,0,0,0,0,CONSISTENT
CASE-1153,100000.0,100000.0,100000.0,5,3000.0,5875.9,5875.9,4,0.0,0.0,2875.9,95.86,0,0,0,0,0,EMI_MISMATCH
CASE-1154,60000.0,42000.0,42000.0,6,3000.0,3000.0,11000.0,4,18000.0,30.0,8000.0,266.67,161,0,0,0,0,MULTIPLE_MISMATCH
CASE-1155,30000.0,30000.0,30000.0,3,8000.0,8000.0,8000.0,4,0.0,0.0,0.0,0.0,183,0,0,0,0,EMPLOYMENT_MISMATCH
CASE-1156,80000.0,80000.0,80000.0,2,12000.0,24554.26,24554.26,4,0.0,0.0,12554.26,104.62,0,0,0,0,0,EMI_MISMATCH
CASE-1157,30000.0,30358.39,30519.3,2,12000.0,11769.67,11833.82,2,519.3,1.73,166.18,1.38,0,0,0,0,0,CONSISTENT
CASE-1158,100000.0,70000.0,70000.0,5,8000.0,8000.0,16000.0,2,30000.0,30.0,8000.0,100.0,57,0,0,0,0,MULTIPLE_MISMATCH
CASE-1159,45000.0,45000.0,45000.0,3,12000.0,12000.0,12000.0,2,0.0,0.0,0.0,0.0,94,0,0,0,0,EMPLOYMENT_MISMATCH
CASE-1160,45000.0,45000.0,45000.0,2,12000.0,12000.0,0.0,0,0.0,0.0,12000.0,100.0,0,1,3,0,1,DATA_QUALITY_ISSUE
CASE-1161,30000.0,30000.0,30000.0,3,5000.0,5000.0,5000.0,3,0.0,0.0,0.0,0.0,193,0,0,0,0,EMPLOYMENT_MISMATCH
CASE-1162,150000.0,147825.78,147005.58,2,0.0,0.0,0.0,0,2994.42,2.0,0.0,0.0,0,0,0,0,0,CONSISTENT
CASE-1163,45000.0,31500.0,31500.0,5,12000.0,12000.0,20000.0,4,13500.0,30.0,8000.0,66.67,156,0,0,0,0,MULTIPLE_MISMATCH
CASE-1164,100000.0,99426.29,101646.9,4,8000.0,7852.89,8003.91,3,1646.9,1.65,3.91,0.05,1,0,0,0,0,CONSISTENT
CASE-1165,80000.0,80000.0,80000.0,2,12000.0,26149.07,26149.07,4,0.0,0.0,14149.07,117.91,0,0,0,0,0,EMI_MISMATCH
CASE-1166,60000.0,60638.06,60459.97,2,12000.0,12223.51,11948.91,4,459.97,0.77,51.09,0.43,0,0,0,0,0,CONSISTENT
CASE-1167,45000.0,45412.76,45135.11,3,0.0,0.0,0.0,0,135.11,0.3,0.0,0.0,0,0,0,0,0,CONSISTENT
CASE-1168,150000.0,148873.14,149564.8,2,5000.0,5029.04,5049.04,1,435.2,0.29,49.04,0.98,0,0,0,0,0,CONSISTENT
CASE-1169,60000.0,59445.99,59276.72,6,8000.0,8090.68,8130.96,3,723.28,1.21,130.96,1.64,1,0,0,0,0,CONSISTENT
CASE-1170,30000.0,16081.55,16081.55,4,8000.0,8000.0,8000.0,4,13918.45,46.39,0.0,0.0,0,0,0,0,0,SALARY_MISMATCH
CASE-1171,30000.0,21000.0,21000.0,6,5000.0,5000.0,13000.0,4,9000.0,30.0,8000.0,160.0,24,0,0,0,0,MULTIPLE_MISMATCH
CASE-1172,150000.0,150000.0,0.0,0,5000.0,5000.0,0.0,0,150000.0,100.0,5000.0,100.0,0,2,1,0,2,DATA_QUALITY_ISSUE
CASE-1173,150000.0,150000.0,150000.0,2,5000.0,5000.0,5000.0,4,0.0,0.0,0.0,0.0,485,0,0,0,0,EMPLOYMENT_MISMATCH
CASE-1174,80000.0,79954.07,80146.96,4,8000.0,8136.39,8118.82,2,146.96,0.18,118.82,1.49,0,0,0,0,0,CONSISTENT
CASE-1175,80000.0,80000.0,80000.0,5,0.0,0.0,0.0,0,0.0,0.0,0.0,0.0,167,0,0,0,0,EMPLOYMENT_MISMATCH
CASE-1176,45000.0,31500.0,31500.0,4,20000.0,20000.0,28000.0,1,13500.0,30.0,8000.0,40.0,101,0,0,0,0,MULTIPLE_MISMATCH
CASE-1177,30000.0,30000.0,30000.0,4,0.0,10701.64,10701.64,0,0.0,0.0,10701.64,100.0,0,0,0,0,0,EMI_MISMATCH
CASE-1178,60000.0,59548.95,60725.75,4,20000.0,20289.13,19709.84,3,725.75,1.21,290.16,1.45,1,0,0,0,0,CONSISTENT
CASE-1179,100000.0,100000.0,100000.0,2,20000.0,20000.0,0.0,0,0.0,0.0,20000.0,100.0,0,1,2,0,2,DATA_QUALITY_ISSUE
CASE-1180,150000.0,150000.0,150000.0,4,5000.0,17555.3,17555.3,4,0.0,0.0,12555.3,251.11,0,0,0,0,0,EMI_MISMATCH
CASE-1181,150000.0,150000.0,0.0,0,5000.0,5000.0,5000.0,1,150000.0,100.0,0.0,0.0,0,1,2,0,0,DATA_QUALITY_ISSUE
CASE-1182,100000.0,100000.0,100000.0,5,0.0,0.0,0.0,0,0.0,0.0,0.0,0.0,418,0,0,0,0,EMPLOYMENT_MISMATCH
CASE-1183,150000.0,150000.0,150000.0,6,8000.0,18124.74,18124.74,3,0.0,0.0,10124.74,126.56,0,0,0,0,0,EMI_MISMATCH
CASE-1184,100000.0,100000.0,100000.0,2,5000.0,19473.14,19473.14,2,0.0,0.0,14473.14,289.46,0,0,0,0,0,EMI_MISMATCH
CASE-1185,80000.0,81025.77,80565.26,2,0.0,0.0,0.0,0,565.26,0.71,0.0,0.0,0,0,0,0,0,CONSISTENT
CASE-1186,80000.0,80000.0,80000.0,6,12000.0,20644.48,20644.48,4,0.0,0.0,8644.48,72.04,0,0,0,0,0,EMI_MISMATCH
CASE-1187,60000.0,60000.0,60000.0,3,12000.0,26756.14,26756.14,1,0.0,0.0,14756.14,122.97,0,0,0,0,0,EMI_MISMATCH
CASE-1188,150000.0,150000.0,150000.0,3,5000.0,5000.0,5000.0,2,0.0,0.0,0.0,0.0,0,1,1,0,0,DATA_QUALITY_ISSUE
CASE-1189,100000.0,70000.0,70000.0,4,12000.0,12000.0,20000.0,2,30000.0,30.0,8000.0,66.67,85,0,0,0,0,MULTIPLE_MISMATCH
CASE-1190,30000.0,17883.6,17883.6,4,8000.0,8000.0,8000.0,4,12116.4,40.39,0.0,0.0,0,0,0,0,0,SALARY_MISMATCH
CASE-1191,45000.0,45695.48,44184.95,2,20000.0,20369.13,20143.33,1,815.05,1.81,143.33,0.72,0,0,0,0,0,CONSISTENT
CASE-1192,60000.0,60000.0,60000.0,4,20000.0,34246.76,34246.76,4,0.0,0.0,14246.76,71.23,0,0,0,0,0,EMI_MISMATCH
CASE-1193,100000.0,101646.06,98886.07,6,20000.0,19644.93,19804.51,4,1113.93,1.11,195.49,0.98,0,0,0,0,0,CONSISTENT
CASE-1194,100000.0,120861.09,120861.09,5,3000.0,3000.0,3000.0,3,20861.09,20.86,0.0,0.0,0,0,0,0,0,SALARY_MISMATCH
CASE-1195,100000.0,80156.99,80156.99,4,0.0,0.0,0.0,0,19843.01,19.84,0.0,0.0,0,0,0,0,0,SALARY_MISMATCH
CASE-1196,150000.0,150000.0,150000.0,2,3000.0,3000.0,0.0,0,0.0,0.0,3000.0,100.0,0,1,2,0,0,DATA_QUALITY_ISSUE
CASE-1197,150000.0,150572.2,149490.87,3,0.0,0.0,0.0,0,509.13,0.34,0.0,0.0,0,0,0,0,0,CONSISTENT
CASE-1198,100000.0,121849.94,121849.94,3,20000.0,20000.0,20000.0,2,21849.94,21.85,0.0,0.0,0,0,0,0,0,SALARY_MISMATCH
CASE-1199,45000.0,31500.0,31500.0,5,0.0,0.0,8000.0,0,13500.0,30.0,8000.0,100.0,146,0,0,0,0,MULTIPLE_MISMATCH
CASE-1200,45000.0,45775.48,45289.44,2,3000.0,3029.56,2977.39,1,289.44,0.64,22.61,0.75,1,0,0,0,0,CONSISTENT
CASE-1201,100000.0,70000.0,70000.0,3,8000.0,8000.0,16000.0,2,30000.0,30.0,8000.0,100.0,168,0,0,0,0,MULTIPLE_MISMATCH
CASE-1202,60000.0,60169.83,59948.89,2,0.0,0.0,0.0,0,51.11,0.09,0.0,0.0,0,0,0,0,0,CONSISTENT
CASE-1203,45000.0,31500.0,31500.0,4,0.0,0.0,8000.0,0,13500.0,30.0,8000.0,100.0,170,0,0,0,0,MULTIPLE_MISMATCH
CASE-1204,150000.0,150000.0,150000.0,4,20000.0,31649.8,31649.8,3,0.0,0.0,11649.8,58.25,0,0,0,0,0,EMI_MISMATCH
CASE-1205,150000.0,147405.63,151344.18,5,5000.0,5085.76,4986.11,4,1344.18,0.9,13.89,0.28,0,0,0,0,0,CONSISTENT
CASE-1206,80000.0,79516.26,79599.44,5,12000.0,12058.24,12104.98,3,400.56,0.5,104.98,0.87,0,0,0,0,0,CONSISTENT
CASE-1207,80000.0,81581.86,79144.73,5,8000.0,7857.23,7900.76,3,855.27,1.07,99.24,1.24,1,0,0,0,0,CONSISTENT
CASE-1208,100000.0,99808.81,100956.37,6,3000.0,3022.38,3037.81,1,956.37,0.96,37.81,1.26,0,0,0,0,0,CONSISTENT
CASE-1209,45000.0,31500.0,31500.0,6,20000.0,20000.0,28000.0,3,13500.0,30.0,8000.0,40.0,158,0,0,0,0,MULTIPLE_MISMATCH
CASE-1210,45000.0,44929.32,45879.91,6,3000.0,2997.99,3058.43,3,879.91,1.96,58.43,1.95,0,0,0,0,0,CONSISTENT
CASE-1211,150000.0,150000.0,150000.0,2,3000.0,3000.0,3000.0,4,0.0,0.0,0.0,0.0,62,0,0,0,0,EMPLOYMENT_MISMATCH
CASE-1212,150000.0,82479.64,82479.64,4,0.0,0.0,0.0,0,67520.36,45.01,0.0,0.0,0,0,0,0,0,SALARY_MISMATCH
CASE-1213,100000.0,99382.32,98027.93,4,3000.0,2988.42,2968.17,3,1972.07,1.97,31.83,1.06,0,0,0,0,0,CONSISTENT
CASE-1214,80000.0,80000.0,80000.0,4,5000.0,5000.0,5000.0,2,0.0,0.0,0.0,0.0,106,0,0,0,0,EMPLOYMENT_MISMATCH
CASE-1215,30000.0,29689.4,29680.28,6,20000.0,19654.55,19749.7,2,319.72,1.07,250.3,1.25,0,0,0,0,0,CONSISTENT
CASE-1216,80000.0,80000.0,80000.0,6,5000.0,11722.55,11722.55,4,0.0,0.0,6722.55,134.45,0,0,0,0,0,EMI_MISMATCH
CASE-1217,60000.0,34034.82,34034.82,4,8000.0,8000.0,8000.0,2,25965.18,43.28,0.0,0.0,0,0,0,0,0,SALARY_MISMATCH
CASE-1218,45000.0,45000.0,45000.0,5,3000.0,3000.0,3000.0,3,0.0,0.0,0.0,0.0,162,0,0,0,0,EMPLOYMENT_MISMATCH
CASE-1219,150000.0,105000.0,105000.0,5,3000.0,3000.0,11000.0,4,45000.0,30.0,8000.0,266.67,114,0,0,0,0,MULTIPLE_MISMATCH
CASE-1220,30000.0,29784.48,29597.14,2,20000.0,20226.53,19698.0,2,402.86,1.34,302.0,1.51,0,0,0,0,0,CONSISTENT
CASE-1221,60000.0,60000.0,60000.0,3,0.0,2916.96,2916.96,0,0.0,0.0,2916.96,100.0,0,0,0,0,0,EMI_MISMATCH
CASE-1222,100000.0,70000.0,70000.0,6,0.0,0.0,8000.0,0,30000.0,30.0,8000.0,100.0,178,0,0,0,0,MULTIPLE_MISMATCH
CASE-1223,100000.0,70000.0,70000.0,5,20000.0,20000.0,28000.0,3,30000.0,30.0,8000.0,40.0,144,0,0,0,0,MULTIPLE_MISMATCH
CASE-1224,60000.0,59392.71,60863.15,4,0.0,0.0,0.0,0,863.15,1.44,0.0,0.0,0,0,0,0,0,CONSISTENT
CASE-1225,100000.0,98052.92,100047.12,6,20000.0,20215.55,20347.84,2,47.12,0.05,347.84,1.74,0,0,0,0,0,CONSISTENT
CASE-1226,30000.0,21000.0,21000.0,2,5000.0,5000.0,13000.0,4,9000.0,30.0,8000.0,160.0,47,0,0,0,0,MULTIPLE_MISMATCH
CASE-1227,80000.0,56000.0,56000.0,4,12000.0,12000.0,20000.0,2,24000.0,30.0,8000.0,66.67,189,0,0,0,0,MULTIPLE_MISMATCH
CASE-1228,45000.0,45814.53,45458.17,4,20000.0,19956.36,20073.78,1,458.17,1.02,73.78,0.37,0,0,0,0,0,CONSISTENT
CASE-1229,45000.0,45000.0,45000.0,4,12000.0,12000.0,12000.0,2,0.0,0.0,0.0,0.0,411,0,0,0,0,EMPLOYMENT_MISMATCH
CASE-1230,80000.0,49667.69,49667.69,4,20000.0,20000.0,20000.0,4,30332.31,37.92,0.0,0.0,0,0,0,0,0,SALARY_MISMATCH
CASE-1231,30000.0,35741.34,35741.34,4,20000.0,20000.0,20000.0,3,5741.34,19.14,0.0,0.0,0,0,0,0,0,SALARY_MISMATCH
CASE-1232,60000.0,46369.32,46369.32,4,3000.0,3000.0,3000.0,4,13630.68,22.72,0.0,0.0,0,0,0,0,0,SALARY_MISMATCH
CASE-1233,45000.0,45820.17,45816.54,5,12000.0,11929.12,11780.69,1,816.54,1.81,219.31,1.83,0,0,0,0,0,CONSISTENT
CASE-1234,60000.0,60494.29,60008.85,5,0.0,0.0,0.0,0,8.85,0.01,0.0,0.0,0,0,0,0,0,CONSISTENT
CASE-1235,150000.0,105000.0,105000.0,6,20000.0,20000.0,28000.0,1,45000.0,30.0,8000.0,40.0,189,0,0,0,0,MULTIPLE_MISMATCH
CASE-1236,60000.0,73032.34,73032.34,5,5000.0,5000.0,5000.0,3,13032.34,21.72,0.0,0.0,0,0,0,0,0,SALARY_MISMATCH
CASE-1237,30000.0,30501.18,30464.96,3,0.0,0.0,0.0,0,464.96,1.55,0.0,0.0,0,0,0,0,0,CONSISTENT
CASE-1238,45000.0,45000.0,45000.0,3,5000.0,7897.48,7897.48,3,0.0,0.0,2897.48,57.95,0,0,0,0,0,EMI_MISMATCH
CASE-1239,150000.0,150813.87,149135.75,5,8000.0,7887.52,8030.87,4,864.25,0.58,30.87,0.39,0,0,0,0,0,CONSISTENT
CASE-1240,150000.0,150000.0,150000.0,4,8000.0,8000.0,8000.0,2,0.0,0.0,0.0,0.0,428,0,0,0,0,EMPLOYMENT_MISMATCH
CASE-1241,45000.0,44527.47,44639.82,2,5000.0,5028.56,5020.19,4,360.18,0.8,20.19,0.4,0,0,0,0,0,CONSISTENT
CASE-1242,150000.0,150000.0,150000.0,3,5000.0,16264.65,16264.65,3,0.0,0.0,11264.65,225.29,0,0,0,0,0,EMI_MISMATCH
CASE-1243,60000.0,59934.04,59707.74,2,3000.0,3002.08,2989.57,1,292.26,0.49,10.43,0.35,1,0,0,0,0,CONSISTENT
CASE-1244,80000.0,78631.29,80242.51,4,20000.0,20282.92,20180.23,2,242.51,0.3,180.23,0.9,0,0,0,0,0,CONSISTENT
CASE-1245,100000.0,122075.23,122075.23,6,20000.0,20000.0,20000.0,2,22075.23,22.08,0.0,0.0,0,0,0,0,0,SALARY_MISMATCH
CASE-1246,150000.0,177212.37,177212.37,2,0.0,0.0,0.0,0,27212.37,18.14,0.0,0.0,0,0,0,0,0,SALARY_MISMATCH
CASE-1247,45000.0,31500.0,31500.0,5,0.0,0.0,8000.0,0,13500.0,30.0,8000.0,100.0,177,0,0,0,0,MULTIPLE_MISMATCH
CASE-1248,30000.0,30511.27,29594.03,5,8000.0,8149.07,7905.85,4,405.97,1.35,94.15,1.18,1,0,0,0,0,CONSISTENT
CASE-1249,100000.0,100000.0,100000.0,5,3000.0,3000.0,3000.0,4,0.0,0.0,0.0,0.0,32,0,0,0,0,EMPLOYMENT_MISMATCH
CASE-1250,45000.0,31500.0,31500.0,2,12000.0,12000.0,20000.0,2,13500.0,30.0,8000.0,66.67,110,0,0,0,0,MULTIPLE_MISMATCH
CASE-1251,45000.0,31500.0,31500.0,2,8000.0,8000.0,16000.0,3,13500.0,30.0,8000.0,100.0,150,0,0,0,0,MULTIPLE_MISMATCH
CASE-1252,45000.0,31500.0,31500.0,3,0.0,0.0,8000.0,0,13500.0,30.0,8000.0,100.0,19,0,0,0,0,MULTIPLE_MISMATCH
CASE-1253,30000.0,38057.65,38057.65,2,12000.0,12000.0,12000.0,2,8057.65,26.86,0.0,0.0,0,0,0,0,0,SALARY_MISMATCH
CASE-1254,80000.0,80000.0,0.0,0,5000.0,5000.0,5000.0,3,80000.0,100.0,0.0,0.0,0,1,1,0,1,DATA_QUALITY_ISSUE
CASE-1255,100000.0,99860.15,98907.91,2,5000.0,5048.78,5083.84,1,1092.09,1.09,83.84,1.68,0,0,0,0,0,CONSISTENT
CASE-1256,45000.0,23105.58,23105.58,4,20000.0,20000.0,20000.0,4,21894.42,48.65,0.0,0.0,0,0,0,0,0,SALARY_MISMATCH
CASE-1257,100000.0,127307.75,127307.75,6,5000.0,5000.0,5000.0,3,27307.75,27.31,0.0,0.0,0,0,0,0,0,SALARY_MISMATCH
CASE-1258,30000.0,21000.0,21000.0,3,8000.0,8000.0,16000.0,3,9000.0,30.0,8000.0,100.0,140,0,0,0,0,MULTIPLE_MISMATCH
CASE-1259,30000.0,30000.0,30000.0,4,5000.0,5000.0,5000.0,2,0.0,0.0,0.0,0.0,114,0,0,0,0,EMPLOYMENT_MISMATCH
CASE-1260,45000.0,67275.85,67275.85,5,5000.0,5000.0,5000.0,1,22275.85,49.5,0.0,0.0,0,0,0,0,0,SALARY_MISMATCH
CASE-1261,150000.0,150000.0,150000.0,3,20000.0,20000.0,20000.0,2,0.0,0.0,0.0,0.0,405,0,0,0,0,EMPLOYMENT_MISMATCH
CASE-1262,100000.0,100000.0,100000.0,2,20000.0,20000.0,20000.0,2,0.0,0.0,0.0,0.0,93,0,0,0,0,EMPLOYMENT_MISMATCH
CASE-1263,30000.0,21280.3,21280.3,4,0.0,0.0,0.0,0,8719.7,29.07,0.0,0.0,0,0,0,0,0,SALARY_MISMATCH
CASE-1264,45000.0,45000.0,45000.0,2,12000.0,20034.65,20034.65,4,0.0,0.0,8034.65,66.96,0,0,0,0,0,EMI_MISMATCH
CASE-1265,80000.0,80000.0,80000.0,4,0.0,4848.64,4848.64,0,0.0,0.0,4848.64,100.0,0,0,0,0,0,EMI_MISMATCH
CASE-1266,150000.0,151491.65,149895.61,6,0.0,0.0,0.0,0,104.39,0.07,0.0,0.0,0,0,0,0,0,CONSISTENT
CASE-1267,80000.0,80688.4,81462.83,6,8000.0,7976.67,7992.03,1,1462.83,1.83,7.97,0.1,0,0,0,0,0,CONSISTENT
CASE-1268,80000.0,56000.0,56000.0,2,0.0,0.0,8000.0,0,24000.0,30.0,8000.0,100.0,27,0,0,0,0,MULTIPLE_MISMATCH
CASE-1269,150000.0,150000.0,150000.0,2,3000.0,3000.0,3000.0,4,0.0,0.0,0.0,0.0,257,0,0,0,0,EMPLOYMENT_MISMATCH
CASE-1270,100000.0,100000.0,100000.0,5,8000.0,15573.94,15573.94,1,0.0,0.0,7573.94,94.67,0,0,0,0,0,EMI_MISMATCH
CASE-1271,45000.0,44744.33,44700.59,6,0.0,0.0,0.0,0,299.41,0.67,0.0,0.0,0,0,0,0,0,CONSISTENT
CASE-1272,80000.0,96288.05,96288.05,5,3000.0,3000.0,3000.0,2,16288.05,20.36,0.0,0.0,0,0,0,0,0,SALARY_MISMATCH
CASE-1273,60000.0,60000.0,60000.0,2,8000.0,8000.0,8000.0,3,0.0,0.0,0.0,0.0,245,0,0,0,0,EMPLOYMENT_MISMATCH
CASE-1274,80000.0,80000.0,80000.0,2,20000.0,20000.0,20000.0,3,0.0,0.0,0.0,0.0,348,0,0,0,0,EMPLOYMENT_MISMATCH
CASE-1275,45000.0,45000.0,45000.0,6,8000.0,18430.04,18430.04,2,0.0,0.0,10430.04,130.38,0,0,0,0,0,EMI_MISMATCH
CASE-1276,80000.0,78746.1,81094.74,5,20000.0,20091.31,19860.66,1,1094.74,1.37,139.34,0.7,0,0,0,0,0,CONSISTENT
CASE-1277,60000.0,59296.78,60843.37,4,20000.0,19667.41,19884.87,1,843.37,1.41,115.13,0.58,0,0,0,0,0,CONSISTENT
CASE-1278,60000.0,60000.0,60000.0,5,3000.0,14618.28,14618.28,2,0.0,0.0,11618.28,387.28,0,0,0,0,0,EMI_MISMATCH
CASE-1279,30000.0,30000.0,30000.0,6,5000.0,5000.0,5000.0,2,0.0,0.0,0.0,0.0,428,0,0,0,0,EMPLOYMENT_MISMATCH
CASE-1280,30000.0,29449.8,29786.48,4,3000.0,3007.17,3042.95,2,213.52,0.71,42.95,1.43,0,0,0,0,0,CONSISTENT
CASE-1281,60000.0,60000.0,60000.0,5,20000.0,25446.06,25446.06,3,0.0,0.0,5446.06,27.23,0,0,0,0,0,EMI_MISMATCH
CASE-1282,150000.0,150000.0,150000.0,3,8000.0,11205.29,11205.29,1,0.0,0.0,3205.29,40.07,0,0,0,0,0,EMI_MISMATCH
CASE-1283,45000.0,36653.27,36653.27,6,3000.0,3000.0,3000.0,4,8346.73,18.55,0.0,0.0,0,0,0,0,0,SALARY_MISMATCH
CASE-1284,60000.0,60000.0,60000.0,5,0.0,0.0,0.0,0,0.0,0.0,0.0,0.0,199,0,0,0,0,EMPLOYMENT_MISMATCH
CASE-1285,80000.0,80000.0,80000.0,3,3000.0,7161.32,7161.32,1,0.0,0.0,4161.32,138.71,0,0,0,0,0,EMI_MISMATCH
CASE-1286,150000.0,76584.51,76584.51,2,0.0,0.0,0.0,0,73415.49,48.94,0.0,0.0,0,0,0,0,0,SALARY_MISMATCH
CASE-1287,45000.0,45000.0,45000.0,2,8000.0,8000.0,8000.0,4,0.0,0.0,0.0,0.0,106,0,0,0,0,EMPLOYMENT_MISMATCH
CASE-1288,45000.0,45000.0,45000.0,2,20000.0,20000.0,20000.0,1,0.0,0.0,0.0,0.0,400,0,0,0,0,EMPLOYMENT_MISMATCH
CASE-1289,60000.0,60296.11,60245.93,2,5000.0,4997.96,5005.73,3,245.93,0.41,5.73,0.11,0,0,0,0,0,CONSISTENT
CASE-1290,100000.0,98790.22,101220.7,5,8000.0,7899.45,7867.19,3,1220.7,1.22,132.81,1.66,0,0,0,0,0,CONSISTENT
CASE-1291,150000.0,211872.57,211872.57,5,20000.0,20000.0,20000.0,1,61872.57,41.25,0.0,0.0,0,0,0,0,0,SALARY_MISMATCH
CASE-1292,80000.0,80000.0,80000.0,3,3000.0,3000.0,3000.0,1,0.0,0.0,0.0,0.0,466,0,0,0,0,EMPLOYMENT_MISMATCH
CASE-1293,80000.0,79449.23,80758.82,4,0.0,0.0,0.0,0,758.82,0.95,0.0,0.0,0,0,0,0,0,CONSISTENT
CASE-1294,80000.0,79476.23,81345.71,4,20000.0,19609.6,20042.25,4,1345.71,1.68,42.25,0.21,0,0,0,0,0,CONSISTENT
CASE-1295,60000.0,60000.0,60000.0,2,3000.0,3000.0,3000.0,1,0.0,0.0,0.0,0.0,34,0,0,0,0,EMPLOYMENT_MISMATCH
CASE-1296,100000.0,100000.0,100000.0,3,20000.0,29984.42,29984.42,2,0.0,0.0,9984.42,49.92,0,0,0,0,0,EMI_MISMATCH
CASE-1297,30000.0,30339.6,30300.18,4,5000.0,4991.36,5069.13,3,300.18,1.0,69.13,1.38,1,0,0,0,0,CONSISTENT
CASE-1298,45000.0,45590.36,44780.39,6,20000.0,20384.95,19973.0,3,219.61,0.49,27.0,0.14,0,0,0,0,0,CONSISTENT
CASE-1299,30000.0,30000.0,30000.0,4,8000.0,8000.0,8000.0,3,0.0,0.0,0.0,0.0,123,0,0,0,0,EMPLOYMENT_MISMATCH
CASE-1300,100000.0,144539.77,144539.77,2,0.0,0.0,0.0,0,44539.77,44.54,0.0,0.0,0,0,0,0,0,SALARY_MISMATCH
CASE-1301,30000.0,29447.91,29938.89,5,12000.0,12037.25,12034.04,3,61.11,0.2,34.04,0.28,1,0,0,0,0,CONSISTENT
CASE-1302,100000.0,99467.19,98397.98,5,20000.0,20213.28,20373.02,4,1602.02,1.6,373.02,1.87,0,0,0,0,0,CONSISTENT
CASE-1303,80000.0,80000.0,80000.0,2,0.0,0.0,0.0,0,0.0,0.0,0.0,0.0,0,1,3,0,2,DATA_QUALITY_ISSUE
CASE-1304,30000.0,30000.0,30000.0,3,8000.0,21026.36,21026.36,1,0.0,0.0,13026.36,162.83,0,0,0,0,0,EMI_MISMATCH
CASE-1305,150000.0,150000.0,150000.0,5,5000.0,9619.03,9619.03,4,0.0,0.0,4619.03,92.38,0,0,0,0,0,EMI_MISMATCH
CASE-1306,30000.0,30509.57,29467.47,6,8000.0,7995.4,8132.1,4,532.53,1.78,132.1,1.65,0,0,0,0,0,CONSISTENT
CASE-1307,150000.0,150000.0,150000.0,6,20000.0,25246.67,25246.67,4,0.0,0.0,5246.67,26.23,0,0,0,0,0,EMI_MISMATCH
CASE-1308,45000.0,44284.26,45453.19,4,5000.0,5081.25,5048.69,1,453.19,1.01,48.69,0.97,0,0,0,0,0,CONSISTENT
CASE-1309,100000.0,139322.14,139322.14,5,20000.0,20000.0,20000.0,4,39322.14,39.32,0.0,0.0,0,0,0,0,0,SALARY_MISMATCH
CASE-1310,45000.0,45136.2,44327.01,5,3000.0,3009.81,3031.96,4,672.99,1.5,31.96,1.07,0,0,0,0,0,CONSISTENT
CASE-1311,100000.0,62296.1,62296.1,2,12000.0,12000.0,12000.0,3,37703.9,37.7,0.0,0.0,0,0,0,0,0,SALARY_MISMATCH
CASE-1312,100000.0,70000.0,70000.0,2,0.0,0.0,8000.0,0,30000.0,30.0,8000.0,100.0,195,0,0,0,0,MULTIPLE_MISMATCH
CASE-1313,45000.0,44957.38,45305.56,6,3000.0,2988.28,2975.76,2,305.56,0.68,24.24,0.81,0,0,0,0,0,CONSISTENT
CASE-1314,80000.0,80000.0,80000.0,6,12000.0,18849.0,18849.0,1,0.0,0.0,6849.0,57.07,0,0,0,0,0,EMI_MISMATCH
CASE-1315,80000.0,81421.47,81585.64,5,3000.0,2994.03,2970.3,2,1585.64,1.98,29.7,0.99,1,0,0,0,0,CONSISTENT
CASE-1316,100000.0,122123.72,122123.72,4,5000.0,5000.0,5000.0,4,22123.72,22.12,0.0,0.0,0,0,0,0,0,SALARY_MISMATCH
CASE-1317,80000.0,80000.0,80000.0,6,12000.0,12000.0,12000.0,1,0.0,0.0,0.0,0.0,35,0,0,0,0,EMPLOYMENT_MISMATCH
CASE-1318,80000.0,79622.83,79365.79,3,8000.0,7851.97,8001.72,4,634.21,0.79,1.72,0.02,1,0,0,0,0,CONSISTENT
CASE-1319,80000.0,50606.78,50606.78,3,20000.0,20000.0,20000.0,1,29393.22,36.74,0.0,0.0,0,0,0,0,0,SALARY_MISMATCH
CASE-1320,45000.0,44436.48,44901.49,4,20000.0,19990.49,20250.45,2,98.51,0.22,250.45,1.25,0,0,0,0,0,CONSISTENT
CASE-1321,150000.0,150771.01,148290.93,4,8000.0,8040.79,8135.57,1,1709.07,1.14,135.57,1.69,0,0,0,0,0,CONSISTENT
CASE-1322,60000.0,60000.0,60000.0,6,0.0,0.0,0.0,0,0.0,0.0,0.0,0.0,0,2,2,0,0,DATA_QUALITY_ISSUE
CASE-1323,100000.0,99548.89,99131.06,6,12000.0,11906.16,12231.81,4,868.94,0.87,231.81,1.93,0,0,0,0,0,CONSISTENT
CASE-1324,80000.0,80000.0,80000.0,5,0.0,7266.93,7266.93,0,0.0,0.0,7266.93,100.0,0,0,0,0,0,EMI_MISMATCH
CASE-1325,100000.0,100561.52,101402.02,5,5000.0,5048.17,5008.51,3,1402.02,1.4,8.51,0.17,0,0,0,0,0,CONSISTENT
CASE-1326,45000.0,45000.0,45000.0,5,0.0,9709.73,9709.73,0,0.0,0.0,9709.73,100.0,0,0,0,0,0,EMI_MISMATCH
CASE-1327,100000.0,140982.95,140982.95,2,3000.0,3000.0,3000.0,1,40982.95,40.98,0.0,0.0,0,0,0,0,0,SALARY_MISMATCH
CASE-1328,80000.0,79359.77,79917.79,2,8000.0,7893.77,7953.54,1,82.21,0.1,46.46,0.58,0,0,0,0,0,CONSISTENT
CASE-1329,60000.0,38878.46,38878.46,6,5000.0,5000.0,5000.0,3,21121.54,35.2,0.0,0.0,0,0,0,0,0,SALARY_MISMATCH
CASE-1330,45000.0,45000.0,45000.0,6,0.0,6406.28,6406.28,0,0.0,0.0,6406.28,100.0,0,0,0,0,0,EMI_MISMATCH
CASE-1331,80000.0,80000.0,80000.0,3,0.0,0.0,0.0,0,0.0,0.0,0.0,0.0,365,0,0,0,0,EMPLOYMENT_MISMATCH
CASE-1332,80000.0,81388.73,78819.39,5,3000.0,3035.69,3000.95,3,1180.61,1.48,0.95,0.03,0,0,0,0,0,CONSISTENT
CASE-1333,60000.0,60000.0,60000.0,2,5000.0,5000.0,5000.0,2,0.0,0.0,0.0,0.0,462,0,0,0,0,EMPLOYMENT_MISMATCH
CASE-1334,30000.0,21722.94,21722.94,5,8000.0,8000.0,8000.0,3,8277.06,27.59,0.0,0.0,0,0,0,0,0,SALARY_MISMATCH
CASE-1335,100000.0,69008.92,69008.92,6,5000.0,5000.0,5000.0,4,30991.08,30.99,0.0,0.0,0,0,0,0,0,SALARY_MISMATCH
CASE-1336,80000.0,119067.77,119067.77,4,20000.0,20000.0,20000.0,4,39067.77,48.83,0.0,0.0,0,0,0,0,0,SALARY_MISMATCH
CASE-1337,150000.0,150000.0,150000.0,3,3000.0,16218.48,16218.48,1,0.0,0.0,13218.48,440.62,0,0,0,0,0,EMI_MISMATCH
CASE-1338,30000.0,19727.97,19727.97,4,8000.0,8000.0,8000.0,3,10272.03,34.24,0.0,0.0,0,0,0,0,0,SALARY_MISMATCH
CASE-1339,80000.0,44858.99,44858.99,4,3000.0,3000.0,3000.0,3,35141.01,43.93,0.0,0.0,0,0,0,0,0,SALARY_MISMATCH
CASE-1340,80000.0,80000.0,80000.0,2,12000.0,19222.06,19222.06,2,0.0,0.0,7222.06,60.18,0,0,0,0,0,EMI_MISMATCH
CASE-1341,100000.0,62220.84,62220.84,5,12000.0,12000.0,12000.0,2,37779.16,37.78,0.0,0.0,0,0,0,0,0,SALARY_MISMATCH
CASE-1342,150000.0,150000.0,150000.0,5,20000.0,28671.47,28671.47,1,0.0,0.0,8671.47,43.36,0,0,0,0,0,EMI_MISMATCH
CASE-1343,60000.0,60000.0,60000.0,4,12000.0,12000.0,12000.0,2,0.0,0.0,0.0,0.0,126,0,0,0,0,EMPLOYMENT_MISMATCH
CASE-1344,30000.0,29490.36,29851.02,2,8000.0,8102.57,7842.29,4,148.98,0.5,157.71,1.97,0,0,0,0,0,CONSISTENT
CASE-1345,30000.0,24948.94,24948.94,5,12000.0,12000.0,12000.0,2,5051.06,16.84,0.0,0.0,0,0,0,0,0,SALARY_MISMATCH
CASE-1346,45000.0,57292.19,57292.19,2,20000.0,20000.0,20000.0,4,12292.19,27.32,0.0,0.0,0,0,0,0,0,SALARY_MISMATCH
CASE-1347,100000.0,100000.0,100000.0,6,0.0,0.0,0.0,0,0.0,0.0,0.0,0.0,93,0,0,0,0,EMPLOYMENT_MISMATCH
CASE-1348,150000.0,150000.0,150000.0,5,12000.0,12000.0,12000.0,4,0.0,0.0,0.0,0.0,367,0,0,0,0,EMPLOYMENT_MISMATCH
CASE-1349,30000.0,30000.0,30000.0,6,0.0,0.0,0.0,0,0.0,0.0,0.0,0.0,288,0,0,0,0,EMPLOYMENT_MISMATCH
CASE-1350,45000.0,44439.83,44845.94,3,0.0,0.0,0.0,0,154.06,0.34,0.0,0.0,1,0,0,0,0,CONSISTENT
CASE-1351,60000.0,60000.0,0.0,0,5000.0,5000.0,0.0,0,60000.0,100.0,5000.0,100.0,0,2,3,0,1,DATA_QUALITY_ISSUE
CASE-1352,30000.0,30000.0,30000.0,3,12000.0,12000.0,12000.0,2,0.0,0.0,0.0,0.0,404,0,0,0,0,EMPLOYMENT_MISMATCH
CASE-1353,30000.0,30000.0,30000.0,3,20000.0,20000.0,20000.0,1,0.0,0.0,0.0,0.0,228,0,0,0,0,EMPLOYMENT_MISMATCH
CASE-1354,30000.0,20491.67,20491.67,6,8000.0,8000.0,8000.0,3,9508.33,31.69,0.0,0.0,0,0,0,0,0,SALARY_MISMATCH
CASE-1355,150000.0,219431.51,219431.51,5,0.0,0.0,0.0,0,69431.51,46.29,0.0,0.0,0,0,0,0,0,SALARY_MISMATCH
CASE-1356,100000.0,101707.63,101848.23,6,8000.0,8002.87,7984.9,2,1848.23,1.85,15.1,0.19,0,0,0,0,0,CONSISTENT
CASE-1357,80000.0,78857.01,80255.45,5,12000.0,11895.62,11893.92,3,255.45,0.32,106.08,0.88,0,0,0,0,0,CONSISTENT
CASE-1358,30000.0,35077.15,35077.15,5,12000.0,12000.0,12000.0,2,5077.15,16.92,0.0,0.0,0,0,0,0,0,SALARY_MISMATCH
CASE-1359,30000.0,30000.0,30000.0,6,5000.0,16490.02,16490.02,3,0.0,0.0,11490.02,229.8,0,0,0,0,0,EMI_MISMATCH
CASE-1360,100000.0,73924.0,73924.0,6,8000.0,8000.0,8000.0,3,26076.0,26.08,0.0,0.0,0,0,0,0,0,SALARY_MISMATCH
CASE-1361,100000.0,99339.51,100283.42,6,20000.0,20327.68,19604.95,2,283.42,0.28,395.05,1.98,0,0,0,0,0,CONSISTENT
CASE-1362,60000.0,60000.0,60000.0,3,20000.0,20000.0,20000.0,3,0.0,0.0,0.0,0.0,381,0,0,0,0,EMPLOYMENT_MISMATCH
CASE-1363,45000.0,45067.57,44125.55,4,5000.0,4951.53,4989.99,2,874.45,1.94,10.01,0.2,0,0,0,0,0,CONSISTENT
CASE-1364,30000.0,30000.0,30000.0,6,12000.0,26940.48,26940.48,3,0.0,0.0,14940.48,124.5,0,0,0,0,0,EMI_MISMATCH
CASE-1365,60000.0,60918.28,59032.75,2,0.0,0.0,0.0,0,967.25,1.61,0.0,0.0,0,0,0,0,0,CONSISTENT
CASE-1366,30000.0,29469.29,30414.01,6,12000.0,11788.34,11890.4,4,414.01,1.38,109.6,0.91,1,0,0,0,0,CONSISTENT
CASE-1367,100000.0,98362.24,100672.01,6,3000.0,2956.0,3042.22,3,672.01,0.67,42.22,1.41,1,0,0,0,0,CONSISTENT
CASE-1368,30000.0,30000.0,30000.0,2,0.0,0.0,0.0,0,0.0,0.0,0.0,0.0,297,0,0,0,0,EMPLOYMENT_MISMATCH
CASE-1369,80000.0,80901.7,79949.35,2,0.0,0.0,0.0,0,50.65,0.06,0.0,0.0,0,0,0,0,0,CONSISTENT
CASE-1370,150000.0,150000.0,150000.0,5,5000.0,5000.0,5000.0,2,0.0,0.0,0.0,0.0,57,0,0,0,0,EMPLOYMENT_MISMATCH
CASE-1371,80000.0,79162.53,79118.03,2,8000.0,8001.44,7923.47,2,881.97,1.1,76.53,0.96,0,0,0,0,0,CONSISTENT
CASE-1372,150000.0,150077.18,152068.79,3,8000.0,7865.47,8066.23,3,2068.79,1.38,66.23,0.83,0,0,0,0,0,CONSISTENT
CASE-1373,30000.0,30000.0,30000.0,3,12000.0,17173.92,17173.92,1,0.0,0.0,5173.92,43.12,0,0,0,0,0,EMI_MISMATCH
CASE-1374,150000.0,107967.71,107967.71,4,3000.0,3000.0,3000.0,2,42032.29,28.02,0.0,0.0,0,0,0,0,0,SALARY_MISMATCH
CASE-1375,150000.0,149366.88,152202.36,2,5000.0,4948.8,5093.35,3,2202.36,1.47,93.35,1.87,1,0,0,0,0,CONSISTENT
CASE-1376,100000.0,100000.0,0.0,0,20000.0,20000.0,0.0,0,100000.0,100.0,20000.0,100.0,0,2,1,0,2,DATA_QUALITY_ISSUE
CASE-1377,80000.0,79433.57,81244.84,4,8000.0,7891.4,7895.37,1,1244.84,1.56,104.63,1.31,1,0,0,0,0,CONSISTENT
CASE-1378,80000.0,78565.3,78557.74,5,12000.0,11945.42,11929.67,4,1442.26,1.8,70.33,0.59,0,0,0,0,0,CONSISTENT
CASE-1379,80000.0,79426.35,79015.23,6,3000.0,2977.14,3056.99,1,984.77,1.23,56.99,1.9,0,0,0,0,0,CONSISTENT
CASE-1380,45000.0,28153.86,28153.86,4,20000.0,20000.0,20000.0,2,16846.14,37.44,0.0,0.0,0,0,0,0,0,SALARY_MISMATCH
CASE-1381,150000.0,150000.0,150000.0,5,0.0,0.0,0.0,0,0.0,0.0,0.0,0.0,454,0,0,0,0,EMPLOYMENT_MISMATCH
CASE-1382,80000.0,80000.0,80000.0,3,5000.0,5000.0,5000.0,3,0.0,0.0,0.0,0.0,416,0,0,0,0,EMPLOYMENT_MISMATCH
CASE-1383,45000.0,44985.77,45875.68,6,20000.0,19822.61,19916.33,2,875.68,1.95,83.67,0.42,0,0,0,0,0,CONSISTENT
CASE-1384,150000.0,150000.0,150000.0,4,3000.0,10426.09,10426.09,4,0.0,0.0,7426.09,247.54,0,0,0,0,0,EMI_MISMATCH
CASE-1385,60000.0,60425.15,59085.65,3,20000.0,19655.14,19986.84,1,914.35,1.52,13.16,0.07,0,0,0,0,0,CONSISTENT
CASE-1386,100000.0,98502.57,99158.91,3,3000.0,2968.65,2965.63,1,841.09,0.84,34.37,1.15,1,0,0,0,0,CONSISTENT
CASE-1387,45000.0,55174.88,55174.88,2,0.0,0.0,0.0,0,10174.88,22.61,0.0,0.0,0,0,0,0,0,SALARY_MISMATCH
CASE-1388,150000.0,218258.26,218258.26,6,8000.0,8000.0,8000.0,3,68258.26,45.51,0.0,0.0,0,0,0,0,0,SALARY_MISMATCH
CASE-1389,80000.0,59508.08,59508.08,6,0.0,0.0,0.0,0,20491.92,25.61,0.0,0.0,0,0,0,0,0,SALARY_MISMATCH
CASE-1390,60000.0,60000.0,60000.0,2,8000.0,8000.0,8000.0,3,0.0,0.0,0.0,0.0,268,0,0,0,0,EMPLOYMENT_MISMATCH
CASE-1391,100000.0,141131.11,141131.11,3,8000.0,8000.0,8000.0,1,41131.11,41.13,0.0,0.0,0,0,0,0,0,SALARY_MISMATCH
CASE-1392,150000.0,148097.19,148394.42,4,0.0,0.0,0.0,0,1605.58,1.07,0.0,0.0,0,0,0,0,0,CONSISTENT
CASE-1393,45000.0,45000.0,45000.0,6,0.0,12110.33,12110.33,0,0.0,0.0,12110.33,100.0,0,0,0,0,0,EMI_MISMATCH
CASE-1394,80000.0,81171.95,79821.39,4,5000.0,4927.41,5072.44,4,178.61,0.22,72.44,1.45,0,0,0,0,0,CONSISTENT
CASE-1395,80000.0,80000.0,80000.0,2,12000.0,12000.0,12000.0,3,0.0,0.0,0.0,0.0,299,0,0,0,0,EMPLOYMENT_MISMATCH
CASE-1396,100000.0,100000.0,100000.0,3,0.0,3357.4,3357.4,0,0.0,0.0,3357.4,100.0,0,0,0,0,0,EMI_MISMATCH
CASE-1397,100000.0,100000.0,100000.0,3,3000.0,7032.71,7032.71,1,0.0,0.0,4032.71,134.42,0,0,0,0,0,EMI_MISMATCH
CASE-1398,100000.0,100000.0,100000.0,6,5000.0,5000.0,5000.0,2,0.0,0.0,0.0,0.0,242,0,0,0,0,EMPLOYMENT_MISMATCH
CASE-1399,100000.0,135275.97,135275.97,6,3000.0,3000.0,3000.0,4,35275.97,35.28,0.0,0.0,0,0,0,0,0,SALARY_MISMATCH
CASE-1400,45000.0,31500.0,31500.0,3,3000.0,3000.0,11000.0,2,13500.0,30.0,8000.0,266.67,184,0,0,0,0,MULTIPLE_MISMATCH
CASE-1401,60000.0,60000.0,60000.0,4,5000.0,5000.0,5000.0,3,0.0,0.0,0.0,0.0,214,0,0,0,0,EMPLOYMENT_MISMATCH
CASE-1402,100000.0,52462.26,52462.26,4,3000.0,3000.0,3000.0,2,47537.74,47.54,0.0,0.0,0,0,0,0,0,SALARY_MISMATCH
CASE-1403,80000.0,78568.7,79827.75,6,0.0,0.0,0.0,0,172.25,0.22,0.0,0.0,1,0,0,0,0,CONSISTENT
CASE-1404,30000.0,30000.0,30000.0,6,12000.0,25280.13,25280.13,1,0.0,0.0,13280.13,110.67,0,0,0,0,0,EMI_MISMATCH
CASE-1405,60000.0,60000.0,60000.0,2,20000.0,20000.0,20000.0,3,0.0,0.0,0.0,0.0,258,0,0,0,0,EMPLOYMENT_MISMATCH
CASE-1406,45000.0,45000.0,45000.0,3,20000.0,20000.0,20000.0,2,0.0,0.0,0.0,0.0,50,0,0,0,0,EMPLOYMENT_MISMATCH
CASE-1407,80000.0,80000.0,80000.0,4,0.0,12846.22,12846.22,0,0.0,0.0,12846.22,100.0,0,0,0,0,0,EMI_MISMATCH
CASE-1408,80000.0,80000.0,80000.0,5,0.0,7958.73,7958.73,0,0.0,0.0,7958.73,100.0,0,0,0,0,0,EMI_MISMATCH
CASE-1409,45000.0,53092.98,53092.98,2,20000.0,20000.0,20000.0,4,8092.98,17.98,0.0,0.0,0,0,0,0,0,SALARY_MISMATCH
CASE-1410,60000.0,42000.0,42000.0,4,3000.0,3000.0,11000.0,1,18000.0,30.0,8000.0,266.67,147,0,0,0,0,MULTIPLE_MISMATCH
CASE-1411,60000.0,60708.03,59192.05,4,8000.0,7873.38,7886.56,4,807.95,1.35,113.44,1.42,1,0,0,0,0,CONSISTENT
CASE-1412,150000.0,105000.0,105000.0,2,12000.0,12000.0,20000.0,3,45000.0,30.0,8000.0,66.67,181,0,0,0,0,MULTIPLE_MISMATCH
CASE-1413,60000.0,37359.32,37359.32,3,12000.0,12000.0,12000.0,3,22640.68,37.73,0.0,0.0,0,0,0,0,0,SALARY_MISMATCH
CASE-1414,100000.0,70000.0,70000.0,2,8000.0,8000.0,16000.0,2,30000.0,30.0,8000.0,100.0,152,0,0,0,0,MULTIPLE_MISMATCH
CASE-1415,60000.0,60000.0,60000.0,6,20000.0,23461.16,23461.16,1,0.0,0.0,3461.16,17.31,0,0,0,0,0,EMI_MISMATCH
CASE-1416,45000.0,44340.36,44796.05,2,12000.0,12154.15,12225.36,2,203.95,0.45,225.36,1.88,0,0,0,0,0,CONSISTENT
CASE-1417,60000.0,31420.69,31420.69,5,0.0,0.0,0.0,0,28579.31,47.63,0.0,0.0,0,0,0,0,0,SALARY_MISMATCH
CASE-1418,45000.0,31500.0,31500.0,3,5000.0,5000.0,13000.0,4,13500.0,30.0,8000.0,160.0,180,0,0,0,0,MULTIPLE_MISMATCH
CASE-1419,150000.0,213927.55,213927.55,2,5000.0,5000.0,5000.0,2,63927.55,42.62,0.0,0.0,0,0,0,0,0,SALARY_MISMATCH
CASE-1420,60000.0,60000.0,60000.0,4,0.0,14976.6,14976.6,0,0.0,0.0,14976.6,100.0,0,0,0,0,0,EMI_MISMATCH
CASE-1421,30000.0,29889.48,29817.34,2,12000.0,11770.39,11804.05,1,182.66,0.61,195.95,1.63,0,0,0,0,0,CONSISTENT
CASE-1422,60000.0,60000.0,60000.0,2,0.0,8684.95,8684.95,0,0.0,0.0,8684.95,100.0,0,0,0,0,0,EMI_MISMATCH
CASE-1423,80000.0,42469.08,42469.08,3,0.0,0.0,0.0,0,37530.92,46.91,0.0,0.0,0,0,0,0,0,SALARY_MISMATCH
CASE-1424,60000.0,48962.62,48962.62,6,5000.0,5000.0,5000.0,1,11037.38,18.4,0.0,0.0,0,0,0,0,0,SALARY_MISMATCH
CASE-1425,100000.0,98220.41,99707.58,3,3000.0,2996.28,3051.43,3,292.42,0.29,51.43,1.71,1,0,0,0,0,CONSISTENT
CASE-1426,80000.0,80000.0,80000.0,5,8000.0,16829.14,16829.14,4,0.0,0.0,8829.14,110.36,0,0,0,0,0,EMI_MISMATCH
CASE-1427,150000.0,152886.27,150970.86,5,0.0,0.0,0.0,0,970.86,0.65,0.0,0.0,1,0,0,0,0,CONSISTENT
CASE-1428,100000.0,100000.0,100000.0,4,12000.0,12000.0,12000.0,1,0.0,0.0,0.0,0.0,229,0,0,0,0,EMPLOYMENT_MISMATCH
CASE-1429,80000.0,80000.0,80000.0,2,3000.0,9103.69,9103.69,1,0.0,0.0,6103.69,203.46,0,0,0,0,0,EMI_MISMATCH
CASE-1430,60000.0,58828.6,59135.26,6,0.0,0.0,0.0,0,864.74,1.44,0.0,0.0,0,0,0,0,0,CONSISTENT
CASE-1431,100000.0,100000.0,100000.0,6,5000.0,5000.0,5000.0,1,0.0,0.0,0.0,0.0,388,0,0,0,0,EMPLOYMENT_MISMATCH
CASE-1432,150000.0,151927.56,148467.93,2,5000.0,4984.26,5067.77,3,1532.07,1.02,67.77,1.36,0,0,0,0,0,CONSISTENT
CASE-1433,30000.0,21000.0,21000.0,4,12000.0,12000.0,20000.0,3,9000.0,30.0,8000.0,66.67,170,0,0,0,0,MULTIPLE_MISMATCH
CASE-1434,150000.0,150000.0,150000.0,2,12000.0,17305.37,17305.37,3,0.0,0.0,5305.37,44.21,0,0,0,0,0,EMI_MISMATCH
CASE-1435,100000.0,100000.0,100000.0,5,8000.0,16682.3,16682.3,4,0.0,0.0,8682.3,108.53,0,0,0,0,0,EMI_MISMATCH
CASE-1436,45000.0,45000.0,45000.0,5,0.0,8851.65,8851.65,0,0.0,0.0,8851.65,100.0,0,0,0,0,0,EMI_MISMATCH
CASE-1437,150000.0,150000.0,150000.0,2,3000.0,14790.55,14790.55,4,0.0,0.0,11790.55,393.02,0,0,0,0,0,EMI_MISMATCH
CASE-1438,80000.0,80000.0,80000.0,3,8000.0,8000.0,8000.0,2,0.0,0.0,0.0,0.0,99,0,0,0,0,EMPLOYMENT_MISMATCH
CASE-1439,100000.0,101791.18,99586.36,5,20000.0,19699.9,20020.36,3,413.64,0.41,20.36,0.1,0,0,0,0,0,CONSISTENT
CASE-1440,150000.0,148960.43,149097.69,4,12000.0,12046.25,11891.62,3,902.31,0.6,108.38,0.9,0,0,0,0,0,CONSISTENT
CASE-1441,60000.0,60301.56,60193.81,6,0.0,0.0,0.0,0,193.81,0.32,0.0,0.0,0,0,0,0,0,CONSISTENT
CASE-1442,100000.0,100000.0,100000.0,2,3000.0,3000.0,3000.0,1,0.0,0.0,0.0,0.0,32,0,0,0,0,EMPLOYMENT_MISMATCH
CASE-1443,80000.0,78803.55,78815.54,6,0.0,0.0,0.0,0,1184.46,1.48,0.0,0.0,1,0,0,0,0,CONSISTENT
CASE-1444,100000.0,100000.0,100000.0,6,5000.0,19515.52,19515.52,1,0.0,0.0,14515.52,290.31,0,0,0,0,0,EMI_MISMATCH
CASE-1445,80000.0,80000.0,80000.0,4,0.0,3373.45,3373.45,0,0.0,0.0,3373.45,100.0,0,0,0,0,0,EMI_MISMATCH
CASE-1446,100000.0,100000.0,100000.0,3,3000.0,3000.0,3000.0,3,0.0,0.0,0.0,0.0,138,0,0,0,0,EMPLOYMENT_MISMATCH
CASE-1447,45000.0,45000.0,45000.0,5,3000.0,14142.6,14142.6,2,0.0,0.0,11142.6,371.42,0,0,0,0,0,EMI_MISMATCH
CASE-1448,80000.0,56000.0,56000.0,3,20000.0,20000.0,28000.0,2,24000.0,30.0,8000.0,40.0,71,0,0,0,0,MULTIPLE_MISMATCH
CASE-1449,80000.0,80000.0,80000.0,6,0.0,0.0,0.0,0,0.0,0.0,0.0,0.0,457,0,0,0,0,EMPLOYMENT_MISMATCH
CASE-1450,60000.0,58879.23,61089.45,4,0.0,0.0,0.0,0,1089.45,1.82,0.0,0.0,0,0,0,0,0,CONSISTENT
CASE-1451,60000.0,60658.97,59322.55,2,20000.0,20096.98,19638.46,2,677.45,1.13,361.54,1.81,0,0,0,0,0,CONSISTENT
CASE-1452,45000.0,22876.65,22876.65,6,5000.0,5000.0,5000.0,4,22123.35,49.16,0.0,0.0,0,0,0,0,0,SALARY_MISMATCH
CASE-1453,60000.0,59408.11,60948.18,2,0.0,0.0,0.0,0,948.18,1.58,0.0,0.0,0,0,0,0,0,CONSISTENT
CASE-1454,45000.0,45000.0,45000.0,2,5000.0,17825.02,17825.02,3,0.0,0.0,12825.02,256.5,0,0,0,0,0,EMI_MISMATCH
CASE-1455,80000.0,42015.6,42015.6,2,5000.0,5000.0,5000.0,2,37984.4,47.48,0.0,0.0,0,0,0,0,0,SALARY_MISMATCH
CASE-1456,60000.0,61161.43,60974.73,5,3000.0,2946.65,3039.96,3,974.73,1.62,39.96,1.33,0,0,0,0,0,CONSISTENT
CASE-1457,80000.0,42917.16,42917.16,3,0.0,0.0,0.0,0,37082.84,46.35,0.0,0.0,0,0,0,0,0,SALARY_MISMATCH
CASE-1458,45000.0,45204.63,44501.56,3,0.0,0.0,0.0,0,498.44,1.11,0.0,0.0,0,0,0,0,0,CONSISTENT
CASE-1459,100000.0,78342.02,78342.02,4,8000.0,8000.0,8000.0,1,21657.98,21.66,0.0,0.0,0,0,0,0,0,SALARY_MISMATCH
CASE-1460,80000.0,100504.58,100504.58,4,5000.0,5000.0,5000.0,4,20504.58,25.63,0.0,0.0,0,0,0,0,0,SALARY_MISMATCH
CASE-1461,30000.0,30017.74,30015.91,6,0.0,0.0,0.0,0,15.91,0.05,0.0,0.0,0,0,0,0,0,CONSISTENT
CASE-1462,60000.0,59885.68,60560.74,6,20000.0,20272.02,20035.99,2,560.74,0.93,35.99,0.18,0,0,0,0,0,CONSISTENT
CASE-1463,80000.0,78927.79,78798.77,4,12000.0,11935.63,11870.11,4,1201.23,1.5,129.89,1.08,0,0,0,0,0,CONSISTENT
CASE-1464,80000.0,78524.82,79857.81,2,12000.0,12187.67,12033.36,3,142.19,0.18,33.36,0.28,0,0,0,0,0,CONSISTENT
CASE-1465,150000.0,105000.0,105000.0,3,0.0,0.0,8000.0,0,45000.0,30.0,8000.0,100.0,197,0,0,0,0,MULTIPLE_MISMATCH
CASE-1466,80000.0,79894.46,80594.09,5,20000.0,19781.02,19705.45,3,594.09,0.74,294.55,1.47,0,0,0,0,0,CONSISTENT
CASE-1467,45000.0,31500.0,31500.0,3,5000.0,5000.0,13000.0,3,13500.0,30.0,8000.0,160.0,137,0,0,0,0,MULTIPLE_MISMATCH
CASE-1468,60000.0,60761.06,59876.03,5,12000.0,11994.83,11864.52,4,123.97,0.21,135.48,1.13,0,0,0,0,0,CONSISTENT
CASE-1469,100000.0,98393.38,99797.1,4,0.0,0.0,0.0,0,202.9,0.2,0.0,0.0,1,0,0,0,0,CONSISTENT
CASE-1470,100000.0,100000.0,100000.0,6,12000.0,12000.0,12000.0,1,0.0,0.0,0.0,0.0,0,1,3,0,2,DATA_QUALITY_ISSUE
CASE-1471,30000.0,29968.89,30450.82,3,0.0,0.0,0.0,0,450.82,1.5,0.0,0.0,0,0,0,0,0,CONSISTENT
CASE-1472,100000.0,98650.24,99398.09,4,12000.0,11911.55,12139.85,1,601.91,0.6,139.85,1.17,0,0,0,0,0,CONSISTENT
CASE-1473,80000.0,80000.0,80000.0,2,3000.0,10950.67,10950.67,1,0.0,0.0,7950.67,265.02,0,0,0,0,0,EMI_MISMATCH
CASE-1474,60000.0,61151.53,60884.53,6,20000.0,19739.17,19636.96,4,884.53,1.47,363.04,1.82,0,0,0,0,0,CONSISTENT
CASE-1475,45000.0,45000.0,45000.0,2,8000.0,20655.8,20655.8,3,0.0,0.0,12655.8,158.2,0,0,0,0,0,EMI_MISMATCH
CASE-1476,150000.0,150000.0,150000.0,6,12000.0,12000.0,0.0,0,0.0,0.0,12000.0,100.0,0,1,2,0,1,DATA_QUALITY_ISSUE
CASE-1477,150000.0,152792.69,152494.89,4,0.0,0.0,0.0,0,2494.89,1.66,0.0,0.0,0,0,0,0,0,CONSISTENT
CASE-1478,80000.0,95800.88,95800.88,5,12000.0,12000.0,12000.0,1,15800.88,19.75,0.0,0.0,0,0,0,0,0,SALARY_MISMATCH
CASE-1479,30000.0,30000.0,30000.0,6,3000.0,3000.0,0.0,0,0.0,0.0,3000.0,100.0,0,1,3,0,2,DATA_QUALITY_ISSUE
CASE-1480,150000.0,147600.93,148630.31,5,5000.0,5063.19,4975.66,2,1369.69,0.91,24.34,0.49,0,0,0,0,0,CONSISTENT
CASE-1481,45000.0,45866.49,45233.43,6,3000.0,2989.94,2959.98,2,233.43,0.52,40.02,1.33,1,0,0,0,0,CONSISTENT
CASE-1482,30000.0,30000.0,30000.0,4,3000.0,3000.0,3000.0,1,0.0,0.0,0.0,0.0,0,1,2,0,0,DATA_QUALITY_ISSUE
CASE-1483,30000.0,29544.45,30096.92,2,8000.0,8137.2,7998.96,2,96.92,0.32,1.04,0.01,0,0,0,0,0,CONSISTENT
CASE-1484,45000.0,31500.0,31500.0,5,3000.0,3000.0,11000.0,4,13500.0,30.0,8000.0,266.67,131,0,0,0,0,MULTIPLE_MISMATCH
CASE-1485,60000.0,60000.0,60000.0,2,0.0,0.0,0.0,0,0.0,0.0,0.0,0.0,50,0,0,0,0,EMPLOYMENT_MISMATCH
CASE-1486,150000.0,150000.0,150000.0,4,20000.0,20000.0,20000.0,1,0.0,0.0,0.0,0.0,390,0,0,0,0,EMPLOYMENT_MISMATCH
CASE-1487,60000.0,60000.0,60000.0,6,12000.0,14447.24,14447.24,3,0.0,0.0,2447.24,20.39,0,0,0,0,0,EMI_MISMATCH
CASE-1488,100000.0,100000.0,100000.0,4,20000.0,32353.08,32353.08,2,0.0,0.0,12353.08,61.77,0,0,0,0,0,EMI_MISMATCH
CASE-1489,45000.0,45000.0,45000.0,5,8000.0,15342.25,15342.25,4,0.0,0.0,7342.25,91.78,0,0,0,0,0,EMI_MISMATCH
CASE-1490,45000.0,45000.0,45000.0,4,3000.0,7007.4,7007.4,1,0.0,0.0,4007.4,133.58,0,0,0,0,0,EMI_MISMATCH
CASE-1491,80000.0,80000.0,80000.0,6,20000.0,30368.36,30368.36,3,0.0,0.0,10368.36,51.84,0,0,0,0,0,EMI_MISMATCH
CASE-1492,150000.0,149071.59,148036.54,5,3000.0,3014.64,3045.84,2,1963.46,1.31,45.84,1.53,1,0,0,0,0,CONSISTENT
CASE-1493,60000.0,60000.0,60000.0,4,8000.0,8000.0,0.0,0,0.0,0.0,8000.0,100.0,0,2,2,0,2,DATA_QUALITY_ISSUE
CASE-1494,60000.0,60000.0,60000.0,5,12000.0,12000.0,12000.0,2,0.0,0.0,0.0,0.0,147,0,0,0,0,EMPLOYMENT_MISMATCH
CASE-1495,60000.0,58847.94,60207.84,2,5000.0,4991.08,5003.6,3,207.84,0.35,3.6,0.07,0,0,0,0,0,CONSISTENT
CASE-1496,80000.0,78865.66,81209.53,3,0.0,0.0,0.0,0,1209.53,1.51,0.0,0.0,0,0,0,0,0,CONSISTENT
CASE-1497,45000.0,44733.1,44892.32,3,8000.0,7862.18,8025.03,3,107.68,0.24,25.03,0.31,0,0,0,0,0,CONSISTENT
CASE-1498,100000.0,100000.0,100000.0,3,8000.0,18700.49,18700.49,4,0.0,0.0,10700.49,133.76,0,0,0,0,0,EMI_MISMATCH
CASE-1499,60000.0,73289.39,73289.39,4,3000.0,3000.0,3000.0,1,13289.39,22.15,0.0,0.0,0,0,0,0,0,SALARY_MISMATCH
CASE-1500,100000.0,100000.0,100000.0,5,0.0,8242.39,8242.39,0,0.0,0.0,8242.39,100.0,0,0,0,0,0,EMI_MISMATCH
CASE-1501,150000.0,79370.31,79370.31,5,3000.0,3000.0,3000.0,2,70629.69,47.09,0.0,0.0,0,0,0,0,0,SALARY_MISMATCH
CASE-1502,150000.0,150000.0,150000.0,5,3000.0,3000.0,3000.0,1,0.0,0.0,0.0,0.0,154,0,0,0,0,EMPLOYMENT_MISMATCH
CASE-1503,60000.0,60000.0,60000.0,2,0.0,0.0,0.0,0,0.0,0.0,0.0,0.0,95,0,0,0,0,EMPLOYMENT_MISMATCH
CASE-1504,45000.0,30943.0,30943.0,6,0.0,0.0,0.0,0,14057.0,31.24,0.0,0.0,0,0,0,0,0,SALARY_MISMATCH
CASE-1505,150000.0,149012.44,152713.58,3,20000.0,20026.44,20105.24,1,2713.58,1.81,105.24,0.53,0,0,0,0,0,CONSISTENT
CASE-1506,45000.0,61561.53,61561.53,2,0.0,0.0,0.0,0,16561.53,36.8,0.0,0.0,0,0,0,0,0,SALARY_MISMATCH
CASE-1507,100000.0,83221.91,83221.91,3,5000.0,5000.0,5000.0,4,16778.09,16.78,0.0,0.0,0,0,0,0,0,SALARY_MISMATCH
CASE-1508,30000.0,15697.41,15697.41,6,12000.0,12000.0,12000.0,1,14302.59,47.68,0.0,0.0,0,0,0,0,0,SALARY_MISMATCH
CASE-1509,60000.0,60000.0,0.0,0,20000.0,20000.0,0.0,0,60000.0,100.0,20000.0,100.0,0,1,2,0,2,DATA_QUALITY_ISSUE
CASE-1510,45000.0,27754.08,27754.08,3,5000.0,5000.0,5000.0,2,17245.92,38.32,0.0,0.0,0,0,0,0,0,SALARY_MISMATCH
CASE-1511,30000.0,29531.38,30559.0,6,5000.0,4934.96,5029.61,2,559.0,1.86,29.61,0.59,0,0,0,0,0,CONSISTENT
CASE-1512,150000.0,151660.93,151040.52,6,8000.0,8036.64,8125.59,3,1040.52,0.69,125.59,1.57,0,0,0,0,0,CONSISTENT
CASE-1513,45000.0,44546.92,45878.43,4,12000.0,11946.91,12111.65,4,878.43,1.95,111.65,0.93,0,0,0,0,0,CONSISTENT
CASE-1514,150000.0,150000.0,150000.0,3,12000.0,17106.97,17106.97,4,0.0,0.0,5106.97,42.56,0,0,0,0,0,EMI_MISMATCH
CASE-1515,80000.0,81360.21,79571.56,5,3000.0,2952.44,3024.29,2,428.44,0.54,24.29,0.81,0,0,0,0,0,CONSISTENT
CASE-1516,45000.0,45644.65,44834.29,2,20000.0,20384.21,20120.09,2,165.71,0.37,120.09,0.6,1,0,0,0,0,CONSISTENT
CASE-1517,30000.0,30000.0,30000.0,3,12000.0,12000.0,12000.0,1,0.0,0.0,0.0,0.0,120,0,0,0,0,EMPLOYMENT_MISMATCH
CASE-1518,45000.0,45000.0,45000.0,5,3000.0,9793.43,9793.43,1,0.0,0.0,6793.43,226.45,0,0,0,0,0,EMI_MISMATCH
CASE-1519,30000.0,30000.0,30000.0,6,0.0,0.0,0.0,0,0.0,0.0,0.0,0.0,287,0,0,0,0,EMPLOYMENT_MISMATCH
CASE-1520,45000.0,58151.79,58151.79,2,5000.0,5000.0,5000.0,1,13151.79,29.23,0.0,0.0,0,0,0,0,0,SALARY_MISMATCH
CASE-1521,80000.0,80000.0,80000.0,3,8000.0,8000.0,8000.0,1,0.0,0.0,0.0,0.0,489,0,0,0,0,EMPLOYMENT_MISMATCH
CASE-1522,60000.0,42000.0,42000.0,5,3000.0,3000.0,11000.0,4,18000.0,30.0,8000.0,266.67,109,0,0,0,0,MULTIPLE_MISMATCH
CASE-1523,80000.0,80000.0,80000.0,2,8000.0,8000.0,0.0,0,0.0,0.0,8000.0,100.0,0,1,2,0,1,DATA_QUALITY_ISSUE
CASE-1524,150000.0,152809.25,147887.11,6,20000.0,20352.7,19746.31,1,2112.89,1.41,253.69,1.27,1,0,0,0,0,CONSISTENT
CASE-1525,45000.0,45000.0,45000.0,3,0.0,5556.05,5556.05,0,0.0,0.0,5556.05,100.0,0,0,0,0,0,EMI_MISMATCH
CASE-1526,60000.0,39734.12,39734.12,4,8000.0,8000.0,8000.0,4,20265.88,33.78,0.0,0.0,0,0,0,0,0,SALARY_MISMATCH
CASE-1527,30000.0,18135.68,18135.68,2,3000.0,3000.0,3000.0,3,11864.32,39.55,0.0,0.0,0,0,0,0,0,SALARY_MISMATCH
CASE-1528,45000.0,45580.78,44123.91,6,12000.0,12020.17,11980.59,4,876.09,1.95,19.41,0.16,0,0,0,0,0,CONSISTENT
CASE-1529,150000.0,91567.14,91567.14,3,8000.0,8000.0,8000.0,1,58432.86,38.96,0.0,0.0,0,0,0,0,0,SALARY_MISMATCH
CASE-1530,45000.0,33155.78,33155.78,2,20000.0,20000.0,20000.0,1,11844.22,26.32,0.0,0.0,0,0,0,0,0,SALARY_MISMATCH
CASE-1531,30000.0,30000.0,30000.0,5,5000.0,5000.0,5000.0,2,0.0,0.0,0.0,0.0,382,0,0,0,0,EMPLOYMENT_MISMATCH
CASE-1532,60000.0,42000.0,42000.0,4,8000.0,8000.0,16000.0,4,18000.0,30.0,8000.0,100.0,107,0,0,0,0,MULTIPLE_MISMATCH
CASE-1533,30000.0,30000.0,30000.0,2,5000.0,15359.79,15359.79,2,0.0,0.0,10359.79,207.2,0,0,0,0,0,EMI_MISMATCH
CASE-1534,45000.0,45000.0,45000.0,5,20000.0,20000.0,20000.0,3,0.0,0.0,0.0,0.0,163,0,0,0,0,EMPLOYMENT_MISMATCH
CASE-1535,30000.0,30381.39,30574.74,6,20000.0,20001.5,19963.97,4,574.74,1.92,36.03,0.18,0,0,0,0,0,CONSISTENT
CASE-1536,45000.0,45000.0,45000.0,6,8000.0,8000.0,8000.0,3,0.0,0.0,0.0,0.0,378,0,0,0,0,EMPLOYMENT_MISMATCH
CASE-1537,45000.0,58333.25,58333.25,5,8000.0,8000.0,8000.0,2,13333.25,29.63,0.0,0.0,0,0,0,0,0,SALARY_MISMATCH
CASE-1538,30000.0,21000.0,21000.0,6,20000.0,20000.0,28000.0,4,9000.0,30.0,8000.0,40.0,60,0,0,0,0,MULTIPLE_MISMATCH
CASE-1539,150000.0,105000.0,105000.0,4,8000.0,8000.0,16000.0,4,45000.0,30.0,8000.0,100.0,79,0,0,0,0,MULTIPLE_MISMATCH
CASE-1540,45000.0,45221.65,44740.92,4,3000.0,3034.67,2968.04,3,259.08,0.58,31.96,1.07,1,0,0,0,0,CONSISTENT
CASE-1541,150000.0,150000.0,150000.0,3,0.0,11920.95,11920.95,0,0.0,0.0,11920.95,100.0,0,0,0,0,0,EMI_MISMATCH
CASE-1542,45000.0,45000.0,45000.0,2,8000.0,8000.0,8000.0,2,0.0,0.0,0.0,0.0,258,0,0,0,0,EMPLOYMENT_MISMATCH
CASE-1543,80000.0,80000.0,80000.0,3,5000.0,9091.18,9091.18,1,0.0,0.0,4091.18,81.82,0,0,0,0,0,EMI_MISMATCH
CASE-1544,100000.0,100000.0,100000.0,3,20000.0,20000.0,20000.0,4,0.0,0.0,0.0,0.0,432,0,0,0,0,EMPLOYMENT_MISMATCH
CASE-1545,30000.0,30000.0,30000.0,4,0.0,4491.73,4491.73,0,0.0,0.0,4491.73,100.0,0,0,0,0,0,EMI_MISMATCH
CASE-1546,60000.0,43466.73,43466.73,6,0.0,0.0,0.0,0,16533.27,27.56,0.0,0.0,0,0,0,0,0,SALARY_MISMATCH
CASE-1547,150000.0,214335.23,214335.23,2,5000.0,5000.0,5000.0,2,64335.23,42.89,0.0,0.0,0,0,0,0,0,SALARY_MISMATCH
CASE-1548,45000.0,45624.21,45597.49,2,20000.0,19922.82,19866.64,1,597.49,1.33,133.36,0.67,0,0,0,0,0,CONSISTENT
CASE-1549,30000.0,37002.54,37002.54,5,5000.0,5000.0,5000.0,4,7002.54,23.34,0.0,0.0,0,0,0,0,0,SALARY_MISMATCH
CASE-1550,100000.0,100000.0,100000.0,4,3000.0,3000.0,3000.0,2,0.0,0.0,0.0,0.0,219,0,0,0,0,EMPLOYMENT_MISMATCH
CASE-1551,80000.0,79164.3,81437.7,2,3000.0,2976.61,2960.26,1,1437.7,1.8,39.74,1.32,1,0,0,0,0,CONSISTENT
CASE-1552,30000.0,19786.86,19786.86,5,5000.0,5000.0,5000.0,3,10213.14,34.04,0.0,0.0,0,0,0,0,0,SALARY_MISMATCH
CASE-1553,80000.0,80000.0,80000.0,6,5000.0,12814.94,12814.94,1,0.0,0.0,7814.94,156.3,0,0,0,0,0,EMI_MISMATCH
CASE-1554,80000.0,80000.0,80000.0,3,0.0,0.0,0.0,0,0.0,0.0,0.0,0.0,0,2,2,0,0,DATA_QUALITY_ISSUE
CASE-1555,150000.0,151557.12,148235.93,6,5000.0,5041.86,4904.23,3,1764.07,1.18,95.77,1.92,0,0,0,0,0,CONSISTENT
CASE-1556,150000.0,89554.64,89554.64,2,0.0,0.0,0.0,0,60445.36,40.3,0.0,0.0,0,0,0,0,0,SALARY_MISMATCH
CASE-1557,100000.0,100000.0,100000.0,6,3000.0,3000.0,0.0,0,0.0,0.0,3000.0,100.0,0,1,3,0,0,DATA_QUALITY_ISSUE
CASE-1558,100000.0,100000.0,100000.0,3,3000.0,15637.91,15637.91,1,0.0,0.0,12637.91,421.26,0,0,0,0,0,EMI_MISMATCH
CASE-1559,150000.0,150000.0,150000.0,4,3000.0,10575.5,10575.5,4,0.0,0.0,7575.5,252.52,0,0,0,0,0,EMI_MISMATCH
CASE-1560,100000.0,99070.11,100076.83,4,3000.0,2968.12,2954.83,4,76.83,0.08,45.17,1.51,1,0,0,0,0,CONSISTENT
CASE-1561,150000.0,149257.56,152539.72,6,5000.0,5008.96,4953.95,2,2539.72,1.69,46.05,0.92,0,0,0,0,0,CONSISTENT
CASE-1562,80000.0,80000.0,80000.0,2,5000.0,5000.0,5000.0,1,0.0,0.0,0.0,0.0,311,0,0,0,0,EMPLOYMENT_MISMATCH
CASE-1563,80000.0,80000.0,0.0,0,20000.0,20000.0,20000.0,3,80000.0,100.0,0.0,0.0,0,2,2,0,0,DATA_QUALITY_ISSUE
CASE-1564,60000.0,60000.0,60000.0,5,20000.0,23477.4,23477.4,1,0.0,0.0,3477.4,17.39,0,0,0,0,0,EMI_MISMATCH
CASE-1565,60000.0,60688.14,60023.34,4,0.0,0.0,0.0,0,23.34,0.04,0.0,0.0,0,0,0,0,0,CONSISTENT
CASE-1566,80000.0,79603.11,80820.19,5,5000.0,5007.93,4915.5,1,820.19,1.03,84.5,1.69,0,0,0,0,0,CONSISTENT
CASE-1567,80000.0,80638.03,78758.44,6,8000.0,8111.83,8010.51,3,1241.56,1.55,10.51,0.13,0,0,0,0,0,CONSISTENT
CASE-1568,45000.0,26589.04,26589.04,2,5000.0,5000.0,5000.0,3,18410.96,40.91,0.0,0.0,0,0,0,0,0,SALARY_MISMATCH
CASE-1569,45000.0,45022.07,44977.27,6,20000.0,20100.07,20356.95,3,22.73,0.05,356.95,1.78,1,0,0,0,0,CONSISTENT
CASE-1570,80000.0,80000.0,80000.0,5,5000.0,7654.2,7654.2,4,0.0,0.0,2654.2,53.08,0,0,0,0,0,EMI_MISMATCH
CASE-1571,80000.0,78503.91,80778.73,3,5000.0,5044.67,4927.21,3,778.73,0.97,72.79,1.46,1,0,0,0,0,CONSISTENT
CASE-1572,80000.0,56000.0,56000.0,5,8000.0,8000.0,16000.0,1,24000.0,30.0,8000.0,100.0,138,0,0,0,0,MULTIPLE_MISMATCH
CASE-1573,45000.0,45699.74,44211.01,2,12000.0,11976.03,11858.27,3,788.99,1.75,141.73,1.18,0,0,0,0,0,CONSISTENT
CASE-1574,100000.0,100000.0,100000.0,5,3000.0,8934.1,8934.1,2,0.0,0.0,5934.1,197.8,0,0,0,0,0,EMI_MISMATCH
CASE-1575,30000.0,16717.38,16717.38,3,0.0,0.0,0.0,0,13282.62,44.28,0.0,0.0,0,0,0,0,0,SALARY_MISMATCH
CASE-1576,150000.0,98016.29,98016.29,5,20000.0,20000.0,20000.0,3,51983.71,34.66,0.0,0.0,0,0,0,0,0,SALARY_MISMATCH
CASE-1577,100000.0,99275.27,100373.99,2,3000.0,2965.21,2953.96,3,373.99,0.37,46.04,1.53,0,0,0,0,0,CONSISTENT
CASE-1578,80000.0,80000.0,0.0,0,20000.0,20000.0,20000.0,1,80000.0,100.0,0.0,0.0,0,2,3,0,2,DATA_QUALITY_ISSUE
CASE-1579,150000.0,150000.0,150000.0,3,20000.0,20000.0,20000.0,4,0.0,0.0,0.0,0.0,190,0,0,0,0,EMPLOYMENT_MISMATCH
CASE-1580,150000.0,147873.77,151184.59,4,5000.0,5028.56,5056.55,2,1184.59,0.79,56.55,1.13,0,0,0,0,0,CONSISTENT
CASE-1581,60000.0,60000.0,60000.0,3,20000.0,20000.0,20000.0,2,0.0,0.0,0.0,0.0,0,2,3,0,0,DATA_QUALITY_ISSUE
CASE-1582,30000.0,30410.63,29651.17,4,3000.0,2948.7,3024.39,2,348.83,1.16,24.39,0.81,0,0,0,0,0,CONSISTENT
CASE-1583,45000.0,28008.48,28008.48,3,5000.0,5000.0,5000.0,2,16991.52,37.76,0.0,0.0,0,0,0,0,0,SALARY_MISMATCH
CASE-1584,100000.0,99034.23,99348.85,4,3000.0,2988.27,2946.15,2,651.15,0.65,53.85,1.8,0,0,0,0,0,CONSISTENT
CASE-1585,100000.0,70966.04,70966.04,2,12000.0,12000.0,12000.0,1,29033.96,29.03,0.0,0.0,0,0,0,0,0,SALARY_MISMATCH
CASE-1586,100000.0,56889.03,56889.03,5,0.0,0.0,0.0,0,43110.97,43.11,0.0,0.0,0,0,0,0,0,SALARY_MISMATCH
CASE-1587,45000.0,45505.03,44750.89,6,0.0,0.0,0.0,0,249.11,0.55,0.0,0.0,0,0,0,0,0,CONSISTENT
CASE-1588,150000.0,125020.69,125020.69,5,8000.0,8000.0,8000.0,3,24979.31,16.65,0.0,0.0,0,0,0,0,0,SALARY_MISMATCH
CASE-1589,150000.0,147422.43,149129.59,5,8000.0,8001.02,7997.85,3,870.41,0.58,2.15,0.03,1,0,0,0,0,CONSISTENT
CASE-1590,80000.0,81510.65,78909.31,3,3000.0,2982.5,2990.34,3,1090.69,1.36,9.66,0.32,1,0,0,0,0,CONSISTENT
CASE-1591,100000.0,122737.5,122737.5,3,20000.0,20000.0,20000.0,2,22737.5,22.74,0.0,0.0,0,0,0,0,0,SALARY_MISMATCH
CASE-1592,30000.0,30000.0,30000.0,5,5000.0,5000.0,5000.0,4,0.0,0.0,0.0,0.0,306,0,0,0,0,EMPLOYMENT_MISMATCH
CASE-1593,100000.0,100000.0,100000.0,2,3000.0,5137.17,5137.17,3,0.0,0.0,2137.17,71.24,0,0,0,0,0,EMI_MISMATCH
CASE-1594,30000.0,30470.25,29744.6,5,5000.0,4965.55,4923.12,2,255.4,0.85,76.88,1.54,1,0,0,0,0,CONSISTENT
CASE-1595,60000.0,82933.3,82933.3,2,8000.0,8000.0,8000.0,4,22933.3,38.22,0.0,0.0,0,0,0,0,0,SALARY_MISMATCH
CASE-1596,30000.0,21000.0,21000.0,2,3000.0,3000.0,11000.0,1,9000.0,30.0,8000.0,266.67,187,0,0,0,0,MULTIPLE_MISMATCH
CASE-1597,150000.0,117494.76,117494.76,3,5000.0,5000.0,5000.0,4,32505.24,21.67,0.0,0.0,0,0,0,0,0,SALARY_MISMATCH
CASE-1598,45000.0,22792.61,22792.61,4,8000.0,8000.0,8000.0,3,22207.39,49.35,0.0,0.0,0,0,0,0,0,SALARY_MISMATCH
CASE-1599,80000.0,81410.82,80546.77,4,12000.0,12078.92,11977.32,2,546.77,0.68,22.68,0.19,0,0,0,0,0,CONSISTENT
CASE-1600,80000.0,56000.0,56000.0,3,12000.0,12000.0,20000.0,3,24000.0,30.0,8000.0,66.67,135,0,0,0,0,MULTIPLE_MISMATCH
CASE-1601,30000.0,30000.0,30000.0,6,20000.0,24534.26,24534.26,3,0.0,0.0,4534.26,22.67,0,0,0,0,0,EMI_MISMATCH
CASE-1602,60000.0,42000.0,42000.0,4,5000.0,5000.0,13000.0,2,18000.0,30.0,8000.0,160.0,142,0,0,0,0,MULTIPLE_MISMATCH
CASE-1603,80000.0,79822.21,78853.18,5,0.0,0.0,0.0,0,1146.82,1.43,0.0,0.0,0,0,0,0,0,CONSISTENT
CASE-1604,30000.0,29942.66,29571.34,5,3000.0,2986.73,3054.2,3,428.66,1.43,54.2,1.81,0,0,0,0,0,CONSISTENT
CASE-1605,80000.0,81220.0,79520.6,5,3000.0,2949.99,3026.95,3,479.4,0.6,26.95,0.9,1,0,0,0,0,CONSISTENT
CASE-1606,60000.0,60314.85,59192.68,3,5000.0,5013.12,5000.78,2,807.32,1.35,0.78,0.02,0,0,0,0,0,CONSISTENT
CASE-1607,45000.0,45627.49,45699.56,2,8000.0,7994.83,8073.1,3,699.56,1.55,73.1,0.91,0,0,0,0,0,CONSISTENT
CASE-1608,30000.0,29633.36,30074.34,6,8000.0,7940.66,7867.0,4,74.34,0.25,133.0,1.66,1,0,0,0,0,CONSISTENT
CASE-1609,60000.0,60000.0,60000.0,3,0.0,6679.9,6679.9,0,0.0,0.0,6679.9,100.0,0,0,0,0,0,EMI_MISMATCH
CASE-1610,150000.0,151012.03,148892.5,3,3000.0,3021.91,3044.58,2,1107.5,0.74,44.58,1.49,1,0,0,0,0,CONSISTENT
CASE-1611,30000.0,29863.64,29720.71,2,5000.0,4984.3,4918.88,2,279.29,0.93,81.12,1.62,1,0,0,0,0,CONSISTENT
CASE-1612,30000.0,29952.85,29743.54,5,20000.0,19797.97,20116.19,2,256.46,0.85,116.19,0.58,0,0,0,0,0,CONSISTENT
CASE-1613,60000.0,60000.0,60000.0,5,8000.0,20728.23,20728.23,3,0.0,0.0,12728.23,159.1,0,0,0,0,0,EMI_MISMATCH
CASE-1614,100000.0,70000.0,70000.0,4,5000.0,5000.0,13000.0,1,30000.0,30.0,8000.0,160.0,116,0,0,0,0,MULTIPLE_MISMATCH
CASE-1615,45000.0,45000.0,45000.0,2,12000.0,26991.37,26991.37,2,0.0,0.0,14991.37,124.93,0,0,0,0,0,EMI_MISMATCH
CASE-1616,60000.0,59872.28,59874.0,2,3000.0,3054.6,3050.36,2,126.0,0.21,50.36,1.68,0,0,0,0,0,CONSISTENT
CASE-1617,80000.0,79890.32,79168.78,5,0.0,0.0,0.0,0,831.22,1.04,0.0,0.0,0,0,0,0,0,CONSISTENT
CASE-1618,100000.0,135375.07,135375.07,5,3000.0,3000.0,3000.0,3,35375.07,35.38,0.0,0.0,0,0,0,0,0,SALARY_MISMATCH
CASE-1619,30000.0,44117.32,44117.32,4,8000.0,8000.0,8000.0,3,14117.32,47.06,0.0,0.0,0,0,0,0,0,SALARY_MISMATCH
CASE-1620,150000.0,150000.0,150000.0,5,5000.0,13835.01,13835.01,1,0.0,0.0,8835.01,176.7,0,0,0,0,0,EMI_MISMATCH
CASE-1621,100000.0,100000.0,100000.0,4,12000.0,12000.0,12000.0,2,0.0,0.0,0.0,0.0,325,0,0,0,0,EMPLOYMENT_MISMATCH
CASE-1622,60000.0,60000.0,0.0,0,20000.0,20000.0,20000.0,2,60000.0,100.0,0.0,0.0,0,2,2,0,1,DATA_QUALITY_ISSUE
CASE-1623,80000.0,80000.0,80000.0,5,5000.0,7361.93,7361.93,1,0.0,0.0,2361.93,47.24,0,0,0,0,0,EMI_MISMATCH
CASE-1624,150000.0,152950.99,148596.65,5,5000.0,5066.64,4985.36,3,1403.35,0.94,14.64,0.29,1,0,0,0,0,CONSISTENT
CASE-1625,80000.0,80000.0,80000.0,3,5000.0,15238.8,15238.8,2,0.0,0.0,10238.8,204.78,0,0,0,0,0,EMI_MISMATCH
CASE-1626,80000.0,79994.21,79454.5,4,20000.0,19952.48,20285.56,4,545.5,0.68,285.56,1.43,1,0,0,0,0,CONSISTENT
CASE-1627,60000.0,60000.0,60000.0,2,20000.0,24645.64,24645.64,1,0.0,0.0,4645.64,23.23,0,0,0,0,0,EMI_MISMATCH
CASE-1628,30000.0,21000.0,21000.0,3,5000.0,5000.0,13000.0,3,9000.0,30.0,8000.0,160.0,73,0,0,0,0,MULTIPLE_MISMATCH
CASE-1629,150000.0,100615.35,100615.35,4,20000.0,20000.0,20000.0,3,49384.65,32.92,0.0,0.0,0,0,0,0,0,SALARY_MISMATCH
CASE-1630,45000.0,45000.0,0.0,0,8000.0,8000.0,0.0,0,45000.0,100.0,8000.0,100.0,0,2,2,0,1,DATA_QUALITY_ISSUE
CASE-1631,30000.0,29773.21,30463.11,5,0.0,0.0,0.0,0,463.11,1.54,0.0,0.0,1,0,0,0,0,CONSISTENT
CASE-1632,45000.0,45000.0,45000.0,3,20000.0,20000.0,20000.0,2,0.0,0.0,0.0,0.0,467,0,0,0,0,EMPLOYMENT_MISMATCH
CASE-1633,60000.0,60000.0,0.0,0,8000.0,8000.0,0.0,0,60000.0,100.0,8000.0,100.0,0,1,3,0,1,DATA_QUALITY_ISSUE
CASE-1634,150000.0,147617.43,151380.78,2,20000.0,19909.8,20227.52,2,1380.78,0.92,227.52,1.14,0,0,0,0,0,CONSISTENT
CASE-1635,80000.0,112573.33,112573.33,5,20000.0,20000.0,20000.0,1,32573.33,40.72,0.0,0.0,0,0,0,0,0,SALARY_MISMATCH
CASE-1636,30000.0,29490.64,30141.44,5,8000.0,8053.07,7961.18,1,141.44,0.47,38.82,0.49,0,0,0,0,0,CONSISTENT
CASE-1637,100000.0,100000.0,100000.0,5,20000.0,20000.0,0.0,0,0.0,0.0,20000.0,100.0,0,1,2,0,2,DATA_QUALITY_ISSUE
CASE-1638,60000.0,58877.97,60228.66,5,8000.0,8012.54,8150.02,3,228.66,0.38,150.02,1.88,0,0,0,0,0,CONSISTENT
CASE-1639,60000.0,81682.33,81682.33,3,20000.0,20000.0,20000.0,3,21682.33,36.14,0.0,0.0,0,0,0,0,0,SALARY_MISMATCH
CASE-1640,45000.0,44159.14,44998.51,3,0.0,0.0,0.0,0,1.49,0.0,0.0,0.0,0,0,0,0,0,CONSISTENT
CASE-1641,150000.0,150000.0,150000.0,6,0.0,11375.92,11375.92,0,0.0,0.0,11375.92,100.0,0,0,0,0,0,EMI_MISMATCH
CASE-1642,80000.0,81542.07,80611.54,3,3000.0,3045.98,3053.78,1,611.54,0.76,53.78,1.79,0,0,0,0,0,CONSISTENT
CASE-1643,45000.0,29774.59,29774.59,4,12000.0,12000.0,12000.0,3,15225.41,33.83,0.0,0.0,0,0,0,0,0,SALARY_MISMATCH
CASE-1644,60000.0,60639.24,60379.08,5,0.0,0.0,0.0,0,379.08,0.63,0.0,0.0,0,0,0,0,0,CONSISTENT
CASE-1645,150000.0,105000.0,105000.0,6,20000.0,20000.0,28000.0,4,45000.0,30.0,8000.0,40.0,49,0,0,0,0,MULTIPLE_MISMATCH
CASE-1646,150000.0,150000.0,0.0,0,3000.0,3000.0,0.0,0,150000.0,100.0,3000.0,100.0,0,2,3,0,2,DATA_QUALITY_ISSUE
CASE-1647,30000.0,30000.0,30000.0,6,20000.0,20000.0,20000.0,3,0.0,0.0,0.0,0.0,495,0,0,0,0,EMPLOYMENT_MISMATCH
CASE-1648,60000.0,60000.0,60000.0,4,5000.0,5000.0,5000.0,4,0.0,0.0,0.0,0.0,306,0,0,0,0,EMPLOYMENT_MISMATCH
CASE-1649,60000.0,89379.21,89379.21,3,5000.0,5000.0,5000.0,1,29379.21,48.97,0.0,0.0,0,0,0,0,0,SALARY_MISMATCH
CASE-1650,45000.0,44790.5,44863.87,4,8000.0,8068.7,8033.21,4,136.13,0.3,33.21,0.42,0,0,0,0,0,CONSISTENT
CASE-1651,150000.0,149332.05,149662.21,3,0.0,0.0,0.0,0,337.79,0.23,0.0,0.0,0,0,0,0,0,CONSISTENT
CASE-1652,30000.0,21000.0,21000.0,2,3000.0,3000.0,11000.0,1,9000.0,30.0,8000.0,266.67,148,0,0,0,0,MULTIPLE_MISMATCH
CASE-1653,150000.0,150000.0,150000.0,3,0.0,0.0,0.0,0,0.0,0.0,0.0,0.0,206,0,0,0,0,EMPLOYMENT_MISMATCH
CASE-1654,60000.0,60000.0,0.0,0,0.0,0.0,0.0,0,60000.0,100.0,0.0,0.0,0,2,3,0,0,DATA_QUALITY_ISSUE
CASE-1655,80000.0,80190.77,79293.9,5,8000.0,7951.64,8135.41,3,706.1,0.88,135.41,1.69,0,0,0,0,0,CONSISTENT
CASE-1656,30000.0,29436.55,29509.05,5,8000.0,8113.5,8041.78,3,490.95,1.64,41.78,0.52,0,0,0,0,0,CONSISTENT
CASE-1657,30000.0,30000.0,30000.0,2,5000.0,5000.0,5000.0,3,0.0,0.0,0.0,0.0,126,0,0,0,0,EMPLOYMENT_MISMATCH
CASE-1658,80000.0,80000.0,80000.0,5,5000.0,5000.0,5000.0,4,0.0,0.0,0.0,0.0,232,0,0,0,0,EMPLOYMENT_MISMATCH
CASE-1659,100000.0,53228.72,53228.72,3,12000.0,12000.0,12000.0,2,46771.28,46.77,0.0,0.0,0,0,0,0,0,SALARY_MISMATCH
CASE-1660,80000.0,80000.0,80000.0,5,5000.0,5000.0,5000.0,4,0.0,0.0,0.0,0.0,142,0,0,0,0,EMPLOYMENT_MISMATCH
CASE-1661,100000.0,100218.48,101606.52,4,12000.0,12204.57,11764.37,1,1606.52,1.61,235.63,1.96,1,0,0,0,0,CONSISTENT
CASE-1662,60000.0,59999.24,58947.23,3,20000.0,20171.65,20098.73,3,1052.77,1.75,98.73,0.49,0,0,0,0,0,CONSISTENT
CASE-1663,30000.0,30000.0,30000.0,6,12000.0,12000.0,12000.0,3,0.0,0.0,0.0,0.0,0,2,1,0,0,DATA_QUALITY_ISSUE
CASE-1664,150000.0,147516.7,150354.82,5,0.0,0.0,0.0,0,354.82,0.24,0.0,0.0,1,0,0,0,0,CONSISTENT
CASE-1665,45000.0,58712.54,58712.54,4,3000.0,3000.0,3000.0,4,13712.54,30.47,0.0,0.0,0,0,0,0,0,SALARY_MISMATCH
CASE-1666,100000.0,100342.62,98033.98,2,12000.0,12125.28,12102.25,2,1966.02,1.97,102.25,0.85,0,0,0,0,0,CONSISTENT
CASE-1667,150000.0,187369.0,187369.0,6,12000.0,12000.0,12000.0,1,37369.0,24.91,0.0,0.0,0,0,0,0,0,SALARY_MISMATCH
CASE-1668,30000.0,21000.0,21000.0,2,20000.0,20000.0,28000.0,3,9000.0,30.0,8000.0,40.0,83,0,0,0,0,MULTIPLE_MISMATCH
CASE-1669,45000.0,45000.0,45000.0,3,20000.0,24012.94,24012.94,4,0.0,0.0,4012.94,20.06,0,0,0,0,0,EMI_MISMATCH
CASE-1670,80000.0,107683.25,107683.25,2,12000.0,12000.0,12000.0,2,27683.25,34.6,0.0,0.0,0,0,0,0,0,SALARY_MISMATCH
CASE-1671,30000.0,40402.16,40402.16,2,3000.0,3000.0,3000.0,4,10402.16,34.67,0.0,0.0,0,0,0,0,0,SALARY_MISMATCH
CASE-1672,150000.0,150820.93,152848.62,5,8000.0,8104.19,7859.2,3,2848.62,1.9,140.8,1.76,1,0,0,0,0,CONSISTENT
CASE-1673,60000.0,82904.35,82904.35,4,0.0,0.0,0.0,0,22904.35,38.17,0.0,0.0,0,0,0,0,0,SALARY_MISMATCH
CASE-1674,150000.0,105000.0,105000.0,2,8000.0,8000.0,16000.0,3,45000.0,30.0,8000.0,100.0,35,0,0,0,0,MULTIPLE_MISMATCH
CASE-1675,150000.0,190333.86,190333.86,3,20000.0,20000.0,20000.0,1,40333.86,26.89,0.0,0.0,0,0,0,0,0,SALARY_MISMATCH
CASE-1676,100000.0,100000.0,100000.0,5,3000.0,3000.0,3000.0,1,0.0,0.0,0.0,0.0,308,0,0,0,0,EMPLOYMENT_MISMATCH
CASE-1677,30000.0,29761.99,29860.82,5,20000.0,20283.52,20199.2,2,139.18,0.46,199.2,1.0,0,0,0,0,0,CONSISTENT
CASE-1678,150000.0,148511.99,152524.54,4,8000.0,8026.11,8010.71,4,2524.54,1.68,10.71,0.13,0,0,0,0,0,CONSISTENT
CASE-1679,80000.0,80000.0,80000.0,2,5000.0,13761.75,13761.75,2,0.0,0.0,8761.75,175.24,0,0,0,0,0,EMI_MISMATCH
CASE-1680,45000.0,64642.84,64642.84,5,5000.0,5000.0,5000.0,4,19642.84,43.65,0.0,0.0,0,0,0,0,0,SALARY_MISMATCH
CASE-1681,80000.0,56000.0,56000.0,2,5000.0,5000.0,13000.0,2,24000.0,30.0,8000.0,160.0,132,0,0,0,0,MULTIPLE_MISMATCH
CASE-1682,60000.0,60253.07,58937.03,2,3000.0,3020.74,3003.65,2,1062.97,1.77,3.65,0.12,1,0,0,0,0,CONSISTENT
CASE-1683,30000.0,30000.0,30000.0,5,12000.0,19495.13,19495.13,3,0.0,0.0,7495.13,62.46,0,0,0,0,0,EMI_MISMATCH
CASE-1684,150000.0,150911.21,151676.9,4,12000.0,12128.24,12226.89,2,1676.9,1.12,226.89,1.89,0,0,0,0,0,CONSISTENT
CASE-1685,150000.0,149073.94,151459.77,6,5000.0,4987.62,5063.56,1,1459.77,0.97,63.56,1.27,0,0,0,0,0,CONSISTENT
CASE-1686,100000.0,148175.22,148175.22,5,3000.0,3000.0,3000.0,3,48175.22,48.18,0.0,0.0,0,0,0,0,0,SALARY_MISMATCH
CASE-1687,30000.0,29502.48,29939.76,2,12000.0,12123.05,12141.18,2,60.24,0.2,141.18,1.18,0,0,0,0,0,CONSISTENT
CASE-1688,60000.0,77622.57,77622.57,3,5000.0,5000.0,5000.0,4,17622.57,29.37,0.0,0.0,0,0,0,0,0,SALARY_MISMATCH
CASE-1689,45000.0,31500.0,31500.0,3,20000.0,20000.0,28000.0,3,13500.0,30.0,8000.0,40.0,164,0,0,0,0,MULTIPLE_MISMATCH
CASE-1690,45000.0,45000.0,45000.0,2,3000.0,6154.05,6154.05,4,0.0,0.0,3154.05,105.14,0,0,0,0,0,EMI_MISMATCH
CASE-1691,80000.0,56000.0,56000.0,3,0.0,0.0,8000.0,0,24000.0,30.0,8000.0,100.0,17,0,0,0,0,MULTIPLE_MISMATCH
CASE-1692,80000.0,80067.76,78879.29,2,3000.0,2947.87,3027.53,4,1120.71,1.4,27.53,0.92,0,0,0,0,0,CONSISTENT
CASE-1693,30000.0,30000.0,30000.0,4,5000.0,11507.34,11507.34,1,0.0,0.0,6507.34,130.15,0,0,0,0,0,EMI_MISMATCH
CASE-1694,100000.0,100000.0,100000.0,3,8000.0,8000.0,8000.0,2,0.0,0.0,0.0,0.0,285,0,0,0,0,EMPLOYMENT_MISMATCH
CASE-1695,150000.0,147911.88,147781.91,2,8000.0,7950.6,8098.46,3,2218.09,1.48,98.46,1.23,0,0,0,0,0,CONSISTENT
CASE-1696,80000.0,80343.91,80074.11,2,12000.0,12179.75,11780.85,3,74.11,0.09,219.15,1.83,0,0,0,0,0,CONSISTENT
CASE-1697,30000.0,30302.81,29421.17,6,0.0,0.0,0.0,0,578.83,1.93,0.0,0.0,0,0,0,0,0,CONSISTENT
CASE-1698,30000.0,38709.26,38709.26,3,3000.0,3000.0,3000.0,4,8709.26,29.03,0.0,0.0,0,0,0,0,0,SALARY_MISMATCH
CASE-1699,100000.0,98831.16,101195.79,6,5000.0,5060.61,4983.05,3,1195.79,1.2,16.95,0.34,1,0,0,0,0,CONSISTENT
CASE-1700,45000.0,45291.35,44739.95,3,3000.0,3037.06,2975.36,1,260.05,0.58,24.64,0.82,1,0,0,0,0,CONSISTENT
CASE-1701,80000.0,80000.0,80000.0,4,5000.0,10935.98,10935.98,2,0.0,0.0,5935.98,118.72,0,0,0,0,0,EMI_MISMATCH
CASE-1702,30000.0,15735.82,15735.82,4,0.0,0.0,0.0,0,14264.18,47.55,0.0,0.0,0,0,0,0,0,SALARY_MISMATCH
CASE-1703,80000.0,42708.34,42708.34,5,8000.0,8000.0,8000.0,4,37291.66,46.61,0.0,0.0,0,0,0,0,0,SALARY_MISMATCH
CASE-1704,30000.0,29661.93,29556.54,6,20000.0,19610.06,19723.17,4,443.46,1.48,276.83,1.38,0,0,0,0,0,CONSISTENT
CASE-1705,100000.0,100000.0,100000.0,6,0.0,0.0,0.0,0,0.0,0.0,0.0,0.0,125,0,0,0,0,EMPLOYMENT_MISMATCH
CASE-1706,60000.0,42000.0,42000.0,6,20000.0,20000.0,28000.0,3,18000.0,30.0,8000.0,40.0,97,0,0,0,0,MULTIPLE_MISMATCH
CASE-1707,30000.0,17240.87,17240.87,5,3000.0,3000.0,3000.0,3,12759.13,42.53,0.0,0.0,0,0,0,0,0,SALARY_MISMATCH
CASE-1708,100000.0,101431.06,99896.41,6,0.0,0.0,0.0,0,103.59,0.1,0.0,0.0,0,0,0,0,0,CONSISTENT
CASE-1709,60000.0,59799.93,59172.02,2,0.0,0.0,0.0,0,827.98,1.38,0.0,0.0,0,0,0,0,0,CONSISTENT
CASE-1710,100000.0,100000.0,100000.0,5,0.0,4312.44,4312.44,0,0.0,0.0,4312.44,100.0,0,0,0,0,0,EMI_MISMATCH
CASE-1711,45000.0,31500.0,31500.0,4,0.0,0.0,8000.0,0,13500.0,30.0,8000.0,100.0,82,0,0,0,0,MULTIPLE_MISMATCH
CASE-1712,30000.0,30000.0,30000.0,6,8000.0,8000.0,8000.0,3,0.0,0.0,0.0,0.0,262,0,0,0,0,EMPLOYMENT_MISMATCH
CASE-1713,100000.0,100000.0,100000.0,2,3000.0,17929.34,17929.34,4,0.0,0.0,14929.34,497.64,0,0,0,0,0,EMI_MISMATCH
CASE-1714,80000.0,80000.0,80000.0,3,5000.0,12302.63,12302.63,1,0.0,0.0,7302.63,146.05,0,0,0,0,0,EMI_MISMATCH
CASE-1715,150000.0,150524.09,148045.26,6,0.0,0.0,0.0,0,1954.74,1.3,0.0,0.0,0,0,0,0,0,CONSISTENT
CASE-1716,60000.0,60000.0,60000.0,6,0.0,0.0,0.0,0,0.0,0.0,0.0,0.0,0,1,2,0,2,DATA_QUALITY_ISSUE
CASE-1717,45000.0,44616.32,44604.82,5,0.0,0.0,0.0,0,395.18,0.88,0.0,0.0,0,0,0,0,0,CONSISTENT
CASE-1718,150000.0,148711.12,151757.04,6,12000.0,12194.76,12228.04,4,1757.04,1.17,228.04,1.9,0,0,0,0,0,CONSISTENT
CASE-1719,45000.0,44303.11,45666.04,6,8000.0,8043.55,7892.71,3,666.04,1.48,107.29,1.34,0,0,0,0,0,CONSISTENT
CASE-1720,150000.0,173288.68,173288.68,5,3000.0,3000.0,3000.0,3,23288.68,15.53,0.0,0.0,0,0,0,0,0,SALARY_MISMATCH
CASE-1721,45000.0,44348.91,44867.02,6,3000.0,3006.28,3011.87,1,132.98,0.3,11.87,0.4,0,0,0,0,0,CONSISTENT
CASE-1722,80000.0,80890.69,81411.89,3,3000.0,3043.43,3007.71,2,1411.89,1.76,7.71,0.26,0,0,0,0,0,CONSISTENT
CASE-1723,45000.0,53718.07,53718.07,3,20000.0,20000.0,20000.0,1,8718.07,19.37,0.0,0.0,0,0,0,0,0,SALARY_MISMATCH
CASE-1724,100000.0,99018.65,101992.78,2,0.0,0.0,0.0,0,1992.78,1.99,0.0,0.0,0,0,0,0,0,CONSISTENT
CASE-1725,30000.0,29518.42,30095.77,6,0.0,0.0,0.0,0,95.77,0.32,0.0,0.0,1,0,0,0,0,CONSISTENT
CASE-1726,60000.0,60000.0,60000.0,5,12000.0,19632.26,19632.26,3,0.0,0.0,7632.26,63.6,0,0,0,0,0,EMI_MISMATCH
CASE-1727,30000.0,30000.0,30000.0,2,3000.0,3000.0,3000.0,3,0.0,0.0,0.0,0.0,143,0,0,0,0,EMPLOYMENT_MISMATCH
CASE-1728,100000.0,70000.0,70000.0,6,5000.0,5000.0,13000.0,1,30000.0,30.0,8000.0,160.0,18,0,0,0,0,MULTIPLE_MISMATCH
CASE-1729,150000.0,147327.07,150999.15,3,20000.0,20246.03,20006.95,4,999.15,0.67,6.95,0.03,0,0,0,0,0,CONSISTENT
CASE-1730,80000.0,81394.4,80312.36,5,20000.0,20247.54,20240.12,1,312.36,0.39,240.12,1.2,0,0,0,0,0,CONSISTENT
CASE-1731,45000.0,45000.0,0.0,0,20000.0,20000.0,20000.0,4,45000.0,100.0,0.0,0.0,0,2,3,0,0,DATA_QUALITY_ISSUE
CASE-1732,45000.0,45000.0,45000.0,2,3000.0,3000.0,3000.0,1,0.0,0.0,0.0,0.0,457,0,0,0,0,EMPLOYMENT_MISMATCH
CASE-1733,45000.0,45831.95,44621.86,4,8000.0,8112.94,7964.04,1,378.14,0.84,35.96,0.45,0,0,0,0,0,CONSISTENT
CASE-1734,45000.0,44753.98,44802.52,6,20000.0,19684.87,20136.36,1,197.48,0.44,136.36,0.68,0,0,0,0,0,CONSISTENT
CASE-1735,80000.0,80292.33,80701.44,3,12000.0,12117.72,12006.94,4,701.44,0.88,6.94,0.06,0,0,0,0,0,CONSISTENT
CASE-1736,45000.0,45013.52,44822.25,3,8000.0,8113.63,7978.21,2,177.75,0.4,21.79,0.27,0,0,0,0,0,CONSISTENT
CASE-1737,60000.0,38348.74,38348.74,6,12000.0,12000.0,12000.0,4,21651.26,36.09,0.0,0.0,0,0,0,0,0,SALARY_MISMATCH
CASE-1738,100000.0,100941.91,101968.3,6,5000.0,5025.83,4974.06,3,1968.3,1.97,25.94,0.52,1,0,0,0,0,CONSISTENT
CASE-1739,30000.0,30377.48,29680.71,5,5000.0,4940.13,5043.03,1,319.29,1.06,43.03,0.86,0,0,0,0,0,CONSISTENT
CASE-1740,45000.0,45824.36,45005.53,3,0.0,0.0,0.0,0,5.53,0.01,0.0,0.0,1,0,0,0,0,CONSISTENT
CASE-1741,100000.0,99314.42,99139.65,6,20000.0,19982.63,19744.51,3,860.35,0.86,255.49,1.28,0,0,0,0,0,CONSISTENT
CASE-1742,45000.0,37780.8,37780.8,6,8000.0,8000.0,8000.0,4,7219.2,16.04,0.0,0.0,0,0,0,0,0,SALARY_MISMATCH
CASE-1743,45000.0,44937.88,45797.75,4,8000.0,8138.15,7906.2,3,797.75,1.77,93.8,1.17,0,0,0,0,0,CONSISTENT
CASE-1744,60000.0,37153.49,37153.49,5,3000.0,3000.0,3000.0,4,22846.51,38.08,0.0,0.0,0,0,0,0,0,SALARY_MISMATCH
CASE-1745,100000.0,55778.52,55778.52,4,3000.0,3000.0,3000.0,2,44221.48,44.22,0.0,0.0,0,0,0,0,0,SALARY_MISMATCH
CASE-1746,30000.0,30000.0,30000.0,3,20000.0,20000.0,20000.0,4,0.0,0.0,0.0,0.0,422,0,0,0,0,EMPLOYMENT_MISMATCH
CASE-1747,45000.0,44676.11,44859.19,6,3000.0,2967.57,2963.95,3,140.81,0.31,36.05,1.2,0,0,0,0,0,CONSISTENT
CASE-1748,60000.0,60636.65,59655.03,5,5000.0,4954.82,5060.23,4,344.97,0.57,60.23,1.2,1,0,0,0,0,CONSISTENT
CASE-1749,150000.0,123841.24,123841.24,2,12000.0,12000.0,12000.0,1,26158.76,17.44,0.0,0.0,0,0,0,0,0,SALARY_MISMATCH
CASE-1750,80000.0,80475.06,79614.72,6,5000.0,5051.01,5034.47,1,385.28,0.48,34.47,0.69,0,0,0,0,0,CONSISTENT
CASE-1751,150000.0,221556.57,221556.57,4,20000.0,20000.0,20000.0,1,71556.57,47.7,0.0,0.0,0,0,0,0,0,SALARY_MISMATCH
CASE-1752,100000.0,100263.55,100462.21,3,8000.0,7852.66,7968.97,2,462.21,0.46,31.03,0.39,0,0,0,0,0,CONSISTENT
CASE-1753,100000.0,100000.0,100000.0,2,3000.0,9167.32,9167.32,3,0.0,0.0,6167.32,205.58,0,0,0,0,0,EMI_MISMATCH
CASE-1754,80000.0,78812.01,81432.4,6,3000.0,2997.02,2978.07,2,1432.4,1.79,21.93,0.73,0,0,0,0,0,CONSISTENT
CASE-1755,45000.0,45000.0,45000.0,2,20000.0,20000.0,20000.0,4,0.0,0.0,0.0,0.0,212,0,0,0,0,EMPLOYMENT_MISMATCH
CASE-1756,45000.0,45660.87,45311.41,3,0.0,0.0,0.0,0,311.41,0.69,0.0,0.0,0,0,0,0,0,CONSISTENT
CASE-1757,30000.0,30458.68,29576.42,4,0.0,0.0,0.0,0,423.58,1.41,0.0,0.0,0,0,0,0,0,CONSISTENT
CASE-1758,45000.0,45000.0,45000.0,6,0.0,0.0,0.0,0,0.0,0.0,0.0,0.0,157,0,0,0,0,EMPLOYMENT_MISMATCH
CASE-1759,80000.0,54892.03,54892.03,3,5000.0,5000.0,5000.0,3,25107.97,31.38,0.0,0.0,0,0,0,0,0,SALARY_MISMATCH
CASE-1760,150000.0,105000.0,105000.0,2,5000.0,5000.0,13000.0,4,45000.0,30.0,8000.0,160.0,160,0,0,0,0,MULTIPLE_MISMATCH
CASE-1761,150000.0,150000.0,150000.0,3,5000.0,13616.24,13616.24,1,0.0,0.0,8616.24,172.32,0,0,0,0,0,EMI_MISMATCH
CASE-1762,150000.0,152598.47,152224.03,4,5000.0,4984.37,5038.26,4,2224.03,1.48,38.26,0.77,0,0,0,0,0,CONSISTENT
CASE-1763,100000.0,70000.0,70000.0,5,20000.0,20000.0,28000.0,1,30000.0,30.0,8000.0,40.0,167,0,0,0,0,MULTIPLE_MISMATCH
CASE-1764,80000.0,51152.77,51152.77,4,3000.0,3000.0,3000.0,1,28847.23,36.06,0.0,0.0,0,0,0,0,0,SALARY_MISMATCH
CASE-1765,30000.0,29751.02,29600.96,6,20000.0,19903.2,19882.86,4,399.04,1.33,117.14,0.59,0,0,0,0,0,CONSISTENT
CASE-1766,60000.0,60020.86,60530.69,2,3000.0,2982.32,2979.08,3,530.69,0.88,20.92,0.7,0,0,0,0,0,CONSISTENT
CASE-1767,100000.0,68525.29,68525.29,5,12000.0,12000.0,12000.0,4,31474.71,31.47,0.0,0.0,0,0,0,0,0,SALARY_MISMATCH
CASE-1768,100000.0,101208.81,99395.04,2,8000.0,8062.04,7891.08,2,604.96,0.6,108.92,1.36,0,0,0,0,0,CONSISTENT
CASE-1769,30000.0,21000.0,21000.0,5,3000.0,3000.0,11000.0,1,9000.0,30.0,8000.0,266.67,93,0,0,0,0,MULTIPLE_MISMATCH
CASE-1770,30000.0,21000.0,21000.0,6,0.0,0.0,8000.0,0,9000.0,30.0,8000.0,100.0,25,0,0,0,0,MULTIPLE_MISMATCH
CASE-1771,60000.0,60794.99,60640.24,4,5000.0,4970.13,4975.36,2,640.24,1.07,24.64,0.49,0,0,0,0,0,CONSISTENT
CASE-1772,100000.0,138656.24,138656.24,6,8000.0,8000.0,8000.0,2,38656.24,38.66,0.0,0.0,0,0,0,0,0,SALARY_MISMATCH
CASE-1773,30000.0,29600.12,30127.99,5,3000.0,3025.1,2942.53,4,127.99,0.43,57.47,1.92,0,0,0,0,0,CONSISTENT
CASE-1774,100000.0,98293.22,101576.73,3,8000.0,7913.01,8076.81,4,1576.73,1.58,76.81,0.96,0,0,0,0,0,CONSISTENT
CASE-1775,60000.0,60481.09,59764.35,5,0.0,0.0,0.0,0,235.65,0.39,0.0,0.0,0,0,0,0,0,CONSISTENT
CASE-1776,80000.0,80374.03,78409.32,3,20000.0,19607.54,20247.03,3,1590.68,1.99,247.03,1.24,0,0,0,0,0,CONSISTENT
CASE-1777,150000.0,149725.29,152180.58,5,0.0,0.0,0.0,0,2180.58,1.45,0.0,0.0,0,0,0,0,0,CONSISTENT
CASE-1778,150000.0,105000.0,105000.0,6,8000.0,8000.0,16000.0,4,45000.0,30.0,8000.0,100.0,82,0,0,0,0,MULTIPLE_MISMATCH
CASE-1779,80000.0,80908.71,79663.38,2,0.0,0.0,0.0,0,336.62,0.42,0.0,0.0,1,0,0,0,0,CONSISTENT
CASE-1780,150000.0,150000.0,150000.0,6,3000.0,17124.43,17124.43,4,0.0,0.0,14124.43,470.81,0,0,0,0,0,EMI_MISMATCH
CASE-1781,80000.0,45731.94,45731.94,3,0.0,0.0,0.0,0,34268.06,42.84,0.0,0.0,0,0,0,0,0,SALARY_MISMATCH
CASE-1782,60000.0,60065.41,61031.69,5,12000.0,11992.22,11995.42,2,1031.69,1.72,4.58,0.04,1,0,0,0,0,CONSISTENT
CASE-1783,30000.0,29696.36,30479.53,5,3000.0,3049.3,3053.2,2,479.53,1.6,53.2,1.77,0,0,0,0,0,CONSISTENT
CASE-1784,80000.0,109746.32,109746.32,3,20000.0,20000.0,20000.0,1,29746.32,37.18,0.0,0.0,0,0,0,0,0,SALARY_MISMATCH
CASE-1785,60000.0,45911.84,45911.84,5,3000.0,3000.0,3000.0,3,14088.16,23.48,0.0,0.0,0,0,0,0,0,SALARY_MISMATCH
CASE-1786,30000.0,30000.0,30000.0,6,8000.0,8000.0,8000.0,1,0.0,0.0,0.0,0.0,0,1,3,0,1,DATA_QUALITY_ISSUE
CASE-1787,150000.0,150022.15,148095.75,4,12000.0,12035.51,12065.95,3,1904.25,1.27,65.95,0.55,0,0,0,0,0,CONSISTENT
CASE-1788,30000.0,30000.0,30000.0,4,8000.0,15625.97,15625.97,2,0.0,0.0,7625.97,95.32,0,0,0,0,0,EMI_MISMATCH
CASE-1789,80000.0,67485.97,67485.97,4,5000.0,5000.0,5000.0,4,12514.03,15.64,0.0,0.0,0,0,0,0,0,SALARY_MISMATCH
CASE-1790,60000.0,60000.0,60000.0,5,20000.0,26028.01,26028.01,1,0.0,0.0,6028.01,30.14,0,0,0,0,0,EMI_MISMATCH
CASE-1791,80000.0,81354.32,80605.69,3,0.0,0.0,0.0,0,605.69,0.76,0.0,0.0,0,0,0,0,0,CONSISTENT
CASE-1792,80000.0,80295.95,81073.83,4,3000.0,2945.24,2968.4,2,1073.83,1.34,31.6,1.05,0,0,0,0,0,CONSISTENT
CASE-1793,80000.0,56000.0,56000.0,2,12000.0,12000.0,20000.0,1,24000.0,30.0,8000.0,66.67,77,0,0,0,0,MULTIPLE_MISMATCH
CASE-1794,45000.0,45000.0,0.0,0,20000.0,20000.0,20000.0,2,45000.0,100.0,0.0,0.0,0,2,1,0,1,DATA_QUALITY_ISSUE
CASE-1795,45000.0,44540.54,45686.67,5,0.0,0.0,0.0,0,686.67,1.53,0.0,0.0,1,0,0,0,0,CONSISTENT
CASE-1796,150000.0,220709.96,220709.96,2,12000.0,12000.0,12000.0,3,70709.96,47.14,0.0,0.0,0,0,0,0,0,SALARY_MISMATCH
CASE-1797,100000.0,142568.69,142568.69,6,8000.0,8000.0,8000.0,2,42568.69,42.57,0.0,0.0,0,0,0,0,0,SALARY_MISMATCH
CASE-1798,30000.0,30241.21,29535.92,6,3000.0,3032.75,2999.02,3,464.08,1.55,0.98,0.03,1,0,0,0,0,CONSISTENT
CASE-1799,60000.0,60000.0,60000.0,6,3000.0,3000.0,3000.0,2,0.0,0.0,0.0,0.0,385,0,0,0,0,EMPLOYMENT_MISMATCH
CASE-1800,30000.0,29733.77,29789.41,2,20000.0,20356.1,19826.13,4,210.59,0.7,173.87,0.87,0,0,0,0,0,CONSISTENT
CASE-1801,150000.0,181014.63,181014.63,4,20000.0,20000.0,20000.0,2,31014.63,20.68,0.0,0.0,0,0,0,0,0,SALARY_MISMATCH
CASE-1802,45000.0,65402.97,65402.97,3,5000.0,5000.0,5000.0,3,20402.97,45.34,0.0,0.0,0,0,0,0,0,SALARY_MISMATCH
CASE-1803,30000.0,30000.0,30000.0,2,12000.0,24065.26,24065.26,1,0.0,0.0,12065.26,100.54,0,0,0,0,0,EMI_MISMATCH
CASE-1804,100000.0,100000.0,100000.0,5,8000.0,10603.24,10603.24,3,0.0,0.0,2603.24,32.54,0,0,0,0,0,EMI_MISMATCH
CASE-1805,150000.0,150000.0,150000.0,4,20000.0,27759.52,27759.52,1,0.0,0.0,7759.52,38.8,0,0,0,0,0,EMI_MISMATCH
CASE-1806,80000.0,80000.0,80000.0,2,5000.0,8351.47,8351.47,3,0.0,0.0,3351.47,67.03,0,0,0,0,0,EMI_MISMATCH
CASE-1807,150000.0,150000.0,150000.0,5,3000.0,3000.0,3000.0,2,0.0,0.0,0.0,0.0,0,2,3,0,2,DATA_QUALITY_ISSUE
CASE-1808,150000.0,150109.94,149770.84,6,5000.0,4962.89,5016.19,1,229.16,0.15,16.19,0.32,0,0,0,0,0,CONSISTENT
CASE-1809,45000.0,45000.0,45000.0,3,3000.0,3000.0,3000.0,4,0.0,0.0,0.0,0.0,317,0,0,0,0,EMPLOYMENT_MISMATCH
CASE-1810,60000.0,60000.0,60000.0,2,0.0,9943.3,9943.3,0,0.0,0.0,9943.3,100.0,0,0,0,0,0,EMI_MISMATCH
CASE-1811,60000.0,60000.0,60000.0,2,20000.0,31831.04,31831.04,2,0.0,0.0,11831.04,59.16,0,0,0,0,0,EMI_MISMATCH
CASE-1812,100000.0,101271.4,99385.06,6,12000.0,12147.71,11931.07,3,614.94,0.61,68.93,0.57,0,0,0,0,0,CONSISTENT
CASE-1813,100000.0,100610.41,99824.4,5,8000.0,7967.29,7943.91,4,175.6,0.18,56.09,0.7,0,0,0,0,0,CONSISTENT
CASE-1814,100000.0,100000.0,100000.0,2,12000.0,12000.0,0.0,0,0.0,0.0,12000.0,100.0,0,2,2,0,2,DATA_QUALITY_ISSUE
CASE-1815,80000.0,79929.6,79908.37,6,3000.0,2961.09,2957.39,3,91.63,0.11,42.61,1.42,0,0,0,0,0,CONSISTENT
CASE-1816,60000.0,59967.37,60011.84,4,5000.0,4935.28,5062.55,4,11.84,0.02,62.55,1.25,0,0,0,0,0,CONSISTENT
CASE-1817,30000.0,42544.65,42544.65,6,12000.0,12000.0,12000.0,3,12544.65,41.82,0.0,0.0,0,0,0,0,0,SALARY_MISMATCH
CASE-1818,45000.0,45000.0,45000.0,4,5000.0,5000.0,0.0,0,0.0,0.0,5000.0,100.0,0,1,1,0,2,DATA_QUALITY_ISSUE
CASE-1819,45000.0,53053.13,53053.13,6,3000.0,3000.0,3000.0,2,8053.13,17.9,0.0,0.0,0,0,0,0,0,SALARY_MISMATCH
CASE-1820,60000.0,42000.0,42000.0,6,20000.0,20000.0,28000.0,2,18000.0,30.0,8000.0,40.0,124,0,0,0,0,MULTIPLE_MISMATCH
CASE-1821,60000.0,85687.92,85687.92,4,8000.0,8000.0,8000.0,3,25687.92,42.81,0.0,0.0,0,0,0,0,0,SALARY_MISMATCH
CASE-1822,30000.0,20154.31,20154.31,3,12000.0,12000.0,12000.0,2,9845.69,32.82,0.0,0.0,0,0,0,0,0,SALARY_MISMATCH
CASE-1823,80000.0,80210.39,80687.05,6,5000.0,5087.54,5082.45,2,687.05,0.86,82.45,1.65,0,0,0,0,0,CONSISTENT
CASE-1824,150000.0,150000.0,0.0,0,12000.0,12000.0,0.0,0,150000.0,100.0,12000.0,100.0,0,2,1,0,2,DATA_QUALITY_ISSUE
CASE-1825,100000.0,101580.34,101888.21,4,3000.0,3043.12,2953.2,1,1888.21,1.89,46.8,1.56,0,0,0,0,0,CONSISTENT
CASE-1826,45000.0,45000.0,0.0,0,5000.0,5000.0,0.0,0,45000.0,100.0,5000.0,100.0,0,1,3,0,0,DATA_QUALITY_ISSUE
CASE-1827,100000.0,99138.75,101550.43,5,8000.0,7957.71,7885.7,4,1550.43,1.55,114.3,1.43,0,0,0,0,0,CONSISTENT
CASE-1828,150000.0,150000.0,150000.0,5,3000.0,14797.85,14797.85,3,0.0,0.0,11797.85,393.26,0,0,0,0,0,EMI_MISMATCH
CASE-1829,150000.0,150000.0,150000.0,3,8000.0,8000.0,0.0,0,0.0,0.0,8000.0,100.0,0,1,1,0,0,DATA_QUALITY_ISSUE
CASE-1830,60000.0,50011.71,50011.71,6,12000.0,12000.0,12000.0,3,9988.29,16.65,0.0,0.0,0,0,0,0,0,SALARY_MISMATCH
CASE-1831,45000.0,45000.0,45000.0,6,0.0,12561.38,12561.38,0,0.0,0.0,12561.38,100.0,0,0,0,0,0,EMI_MISMATCH
CASE-1832,30000.0,21000.0,21000.0,3,5000.0,5000.0,13000.0,2,9000.0,30.0,8000.0,160.0,74,0,0,0,0,MULTIPLE_MISMATCH
CASE-1833,150000.0,148923.98,150314.03,2,5000.0,4910.1,4908.78,3,314.03,0.21,91.22,1.82,0,0,0,0,0,CONSISTENT
CASE-1834,100000.0,100000.0,100000.0,5,0.0,0.0,0.0,0,0.0,0.0,0.0,0.0,98,0,0,0,0,EMPLOYMENT_MISMATCH
CASE-1835,150000.0,151019.72,147002.41,6,0.0,0.0,0.0,0,2997.59,2.0,0.0,0.0,1,0,0,0,0,CONSISTENT
CASE-1836,150000.0,150000.0,150000.0,4,12000.0,12000.0,12000.0,2,0.0,0.0,0.0,0.0,466,0,0,0,0,EMPLOYMENT_MISMATCH
CASE-1837,45000.0,44972.75,44738.99,5,8000.0,7942.63,8148.45,4,261.01,0.58,148.45,1.86,1,0,0,0,0,CONSISTENT
CASE-1838,45000.0,45000.0,45000.0,3,3000.0,16375.11,16375.11,2,0.0,0.0,13375.11,445.84,0,0,0,0,0,EMI_MISMATCH
CASE-1839,80000.0,80826.83,80339.24,3,12000.0,12033.75,11785.72,2,339.24,0.42,214.28,1.79,0,0,0,0,0,CONSISTENT
CASE-1840,30000.0,29649.39,30004.88,5,12000.0,12021.54,11896.08,1,4.88,0.02,103.92,0.87,0,0,0,0,0,CONSISTENT
CASE-1841,30000.0,30000.0,30000.0,5,8000.0,8000.0,0.0,0,0.0,0.0,8000.0,100.0,0,1,1,0,0,DATA_QUALITY_ISSUE
CASE-1842,150000.0,150000.0,150000.0,5,0.0,0.0,0.0,0,0.0,0.0,0.0,0.0,473,0,0,0,0,EMPLOYMENT_MISMATCH
CASE-1843,30000.0,30573.92,29590.22,6,3000.0,2998.5,2983.69,4,409.78,1.37,16.31,0.54,0,0,0,0,0,CONSISTENT
CASE-1844,30000.0,30000.0,30000.0,5,8000.0,13808.03,13808.03,2,0.0,0.0,5808.03,72.6,0,0,0,0,0,EMI_MISMATCH
CASE-1845,30000.0,24744.2,24744.2,5,8000.0,8000.0,8000.0,4,5255.8,17.52,0.0,0.0,0,0,0,0,0,SALARY_MISMATCH
CASE-1846,60000.0,59952.04,59765.74,6,0.0,0.0,0.0,0,234.26,0.39,0.0,0.0,1,0,0,0,0,CONSISTENT
CASE-1847,45000.0,44645.91,44752.65,4,0.0,0.0,0.0,0,247.35,0.55,0.0,0.0,1,0,0,0,0,CONSISTENT
CASE-1848,100000.0,100427.31,98479.69,6,20000.0,19856.59,20294.11,1,1520.31,1.52,294.11,1.47,0,0,0,0,0,CONSISTENT
CASE-1849,150000.0,149416.03,148247.06,5,0.0,0.0,0.0,0,1752.94,1.17,0.0,0.0,1,0,0,0,0,CONSISTENT
CASE-1850,150000.0,150000.0,150000.0,2,3000.0,3000.0,3000.0,2,0.0,0.0,0.0,0.0,295,0,0,0,0,EMPLOYMENT_MISMATCH
CASE-1851,60000.0,60000.0,60000.0,6,8000.0,17455.39,17455.39,4,0.0,0.0,9455.39,118.19,0,0,0,0,0,EMI_MISMATCH
CASE-1852,30000.0,30530.62,30022.19,2,5000.0,4970.46,4946.81,4,22.19,0.07,53.19,1.06,0,0,0,0,0,CONSISTENT
CASE-1853,60000.0,60370.17,60080.68,3,8000.0,8142.09,7966.81,3,80.68,0.13,33.19,0.41,1,0,0,0,0,CONSISTENT
CASE-1854,30000.0,30000.0,30000.0,5,12000.0,15666.41,15666.41,3,0.0,0.0,3666.41,30.55,0,0,0,0,0,EMI_MISMATCH
CASE-1855,150000.0,151053.19,151664.0,4,20000.0,20045.35,20116.61,4,1664.0,1.11,116.61,0.58,0,0,0,0,0,CONSISTENT
CASE-1856,100000.0,98303.97,100715.15,5,3000.0,2961.13,3026.01,3,715.15,0.72,26.01,0.87,0,0,0,0,0,CONSISTENT
CASE-1857,80000.0,80000.0,80000.0,6,0.0,0.0,0.0,0,0.0,0.0,0.0,0.0,492,0,0,0,0,EMPLOYMENT_MISMATCH
CASE-1858,60000.0,60000.0,60000.0,3,12000.0,16529.12,16529.12,4,0.0,0.0,4529.12,37.74,0,0,0,0,0,EMI_MISMATCH
CASE-1859,100000.0,100000.0,100000.0,5,12000.0,12000.0,12000.0,1,0.0,0.0,0.0,0.0,399,0,0,0,0,EMPLOYMENT_MISMATCH
CASE-1860,60000.0,42000.0,42000.0,6,12000.0,12000.0,20000.0,1,18000.0,30.0,8000.0,66.67,61,0,0,0,0,MULTIPLE_MISMATCH
CASE-1861,60000.0,60045.99,59515.34,6,3000.0,2990.7,2975.8,2,484.66,0.81,24.2,0.81,1,0,0,0,0,CONSISTENT
CASE-1862,60000.0,59766.69,60213.14,5,20000.0,19671.38,19944.79,3,213.14,0.36,55.21,0.28,1,0,0,0,0,CONSISTENT
CASE-1863,45000.0,45110.07,45337.39,2,12000.0,11916.2,11805.47,2,337.39,0.75,194.53,1.62,1,0,0,0,0,CONSISTENT
CASE-1864,30000.0,30000.0,30000.0,6,20000.0,20000.0,0.0,0,0.0,0.0,20000.0,100.0,0,2,1,0,1,DATA_QUALITY_ISSUE
CASE-1865,100000.0,135625.0,135625.0,3,20000.0,20000.0,20000.0,1,35625.0,35.62,0.0,0.0,0,0,0,0,0,SALARY_MISMATCH
CASE-1866,100000.0,100000.0,100000.0,5,5000.0,17563.96,17563.96,3,0.0,0.0,12563.96,251.28,0,0,0,0,0,EMI_MISMATCH
CASE-1867,45000.0,45341.35,44642.51,2,20000.0,20100.79,19720.44,4,357.49,0.79,279.56,1.4,0,0,0,0,0,CONSISTENT
CASE-1868,150000.0,203216.59,203216.59,5,12000.0,12000.0,12000.0,4,53216.59,35.48,0.0,0.0,0,0,0,0,0,SALARY_MISMATCH
CASE-1869,60000.0,44012.58,44012.58,3,3000.0,3000.0,3000.0,3,15987.42,26.65,0.0,0.0,0,0,0,0,0,SALARY_MISMATCH
CASE-1870,45000.0,44904.04,44557.47,3,8000.0,8104.04,7995.28,2,442.53,0.98,4.72,0.06,0,0,0,0,0,CONSISTENT
CASE-1871,80000.0,97090.64,97090.64,3,5000.0,5000.0,5000.0,1,17090.64,21.36,0.0,0.0,0,0,0,0,0,SALARY_MISMATCH
CASE-1872,45000.0,44438.43,45275.65,4,12000.0,11831.27,12026.06,4,275.65,0.61,26.06,0.22,0,0,0,0,0,CONSISTENT
CASE-1873,80000.0,66456.93,66456.93,3,5000.0,5000.0,5000.0,1,13543.07,16.93,0.0,0.0,0,0,0,0,0,SALARY_MISMATCH
CASE-1874,45000.0,31500.0,31500.0,3,0.0,0.0,8000.0,0,13500.0,30.0,8000.0,100.0,15,0,0,0,0,MULTIPLE_MISMATCH
CASE-1875,100000.0,122363.02,122363.02,6,3000.0,3000.0,3000.0,3,22363.02,22.36,0.0,0.0,0,0,0,0,0,SALARY_MISMATCH
CASE-1876,60000.0,59305.7,59346.08,5,5000.0,4955.92,4925.48,4,653.92,1.09,74.52,1.49,0,0,0,0,0,CONSISTENT
CASE-1877,80000.0,80000.0,80000.0,6,0.0,3744.63,3744.63,0,0.0,0.0,3744.63,100.0,0,0,0,0,0,EMI_MISMATCH
CASE-1878,150000.0,150000.0,150000.0,5,5000.0,17950.83,17950.83,2,0.0,0.0,12950.83,259.02,0,0,0,0,0,EMI_MISMATCH
CASE-1879,80000.0,80000.0,80000.0,3,12000.0,12000.0,12000.0,4,0.0,0.0,0.0,0.0,262,0,0,0,0,EMPLOYMENT_MISMATCH
CASE-1880,100000.0,70000.0,70000.0,5,3000.0,3000.0,11000.0,4,30000.0,30.0,8000.0,266.67,35,0,0,0,0,MULTIPLE_MISMATCH
CASE-1881,60000.0,81684.1,81684.1,6,20000.0,20000.0,20000.0,1,21684.1,36.14,0.0,0.0,0,0,0,0,0,SALARY_MISMATCH
CASE-1882,80000.0,56000.0,56000.0,6,5000.0,5000.0,13000.0,3,24000.0,30.0,8000.0,160.0,173,0,0,0,0,MULTIPLE_MISMATCH
CASE-1883,100000.0,123998.36,123998.36,6,20000.0,20000.0,20000.0,2,23998.36,24.0,0.0,0.0,0,0,0,0,0,SALARY_MISMATCH
CASE-1884,150000.0,220475.26,220475.26,3,0.0,0.0,0.0,0,70475.26,46.98,0.0,0.0,0,0,0,0,0,SALARY_MISMATCH
CASE-1885,30000.0,43619.0,43619.0,4,12000.0,12000.0,12000.0,1,13619.0,45.4,0.0,0.0,0,0,0,0,0,SALARY_MISMATCH
CASE-1886,60000.0,42000.0,42000.0,2,20000.0,20000.0,28000.0,3,18000.0,30.0,8000.0,40.0,99,0,0,0,0,MULTIPLE_MISMATCH
CASE-1887,30000.0,30000.0,30000.0,2,12000.0,18370.08,18370.08,1,0.0,0.0,6370.08,53.08,0,0,0,0,0,EMI_MISMATCH
CASE-1888,30000.0,30238.6,30424.64,2,20000.0,19712.13,20035.35,4,424.64,1.42,35.35,0.18,0,0,0,0,0,CONSISTENT
CASE-1889,60000.0,58930.11,60541.15,3,3000.0,2949.73,3025.97,3,541.15,0.9,25.97,0.87,0,0,0,0,0,CONSISTENT
CASE-1890,45000.0,45563.67,45824.09,5,0.0,0.0,0.0,0,824.09,1.83,0.0,0.0,0,0,0,0,0,CONSISTENT
CASE-1891,150000.0,105000.0,105000.0,2,12000.0,12000.0,20000.0,1,45000.0,30.0,8000.0,66.67,91,0,0,0,0,MULTIPLE_MISMATCH
CASE-1892,150000.0,152166.68,147470.03,4,8000.0,7863.22,8112.1,3,2529.97,1.69,112.1,1.4,1,0,0,0,0,CONSISTENT
CASE-1893,80000.0,81065.26,78800.28,2,8000.0,7881.53,8018.18,4,1199.72,1.5,18.18,0.23,0,0,0,0,0,CONSISTENT
CASE-1894,80000.0,80000.0,0.0,0,20000.0,20000.0,20000.0,4,80000.0,100.0,0.0,0.0,0,1,1,0,2,DATA_QUALITY_ISSUE
CASE-1895,30000.0,21000.0,21000.0,5,0.0,0.0,8000.0,0,9000.0,30.0,8000.0,100.0,149,0,0,0,0,MULTIPLE_MISMATCH
CASE-1896,100000.0,98090.27,98451.43,3,12000.0,12052.54,12153.88,2,1548.57,1.55,153.88,1.28,0,0,0,0,0,CONSISTENT
CASE-1897,80000.0,80918.32,78580.42,2,0.0,0.0,0.0,0,1419.58,1.77,0.0,0.0,0,0,0,0,0,CONSISTENT
CASE-1898,30000.0,40383.66,40383.66,5,3000.0,3000.0,3000.0,3,10383.66,34.61,0.0,0.0,0,0,0,0,0,SALARY_MISMATCH
CASE-1899,150000.0,150000.0,150000.0,4,12000.0,12000.0,12000.0,3,0.0,0.0,0.0,0.0,299,0,0,0,0,EMPLOYMENT_MISMATCH
CASE-1900,30000.0,30000.0,30000.0,6,3000.0,12119.01,12119.01,3,0.0,0.0,9119.01,303.97,0,0,0,0,0,EMI_MISMATCH
CASE-1901,100000.0,100000.0,100000.0,3,5000.0,17867.16,17867.16,4,0.0,0.0,12867.16,257.34,0,0,0,0,0,EMI_MISMATCH
CASE-1902,30000.0,30346.85,29821.17,6,12000.0,11954.23,11948.97,4,178.83,0.6,51.03,0.43,1,0,0,0,0,CONSISTENT
CASE-1903,45000.0,45163.65,45880.59,3,5000.0,4933.37,4909.34,2,880.59,1.96,90.66,1.81,0,0,0,0,0,CONSISTENT
CASE-1904,150000.0,150000.0,150000.0,3,8000.0,8000.0,8000.0,1,0.0,0.0,0.0,0.0,90,0,0,0,0,EMPLOYMENT_MISMATCH
CASE-1905,60000.0,42000.0,42000.0,2,5000.0,5000.0,13000.0,4,18000.0,30.0,8000.0,160.0,175,0,0,0,0,MULTIPLE_MISMATCH
CASE-1906,80000.0,80000.0,80000.0,2,0.0,10197.65,10197.65,0,0.0,0.0,10197.65,100.0,0,0,0,0,0,EMI_MISMATCH
CASE-1907,30000.0,39832.92,39832.92,3,5000.0,5000.0,5000.0,4,9832.92,32.78,0.0,0.0,0,0,0,0,0,SALARY_MISMATCH
CASE-1908,45000.0,27795.28,27795.28,4,20000.0,20000.0,20000.0,3,17204.72,38.23,0.0,0.0,0,0,0,0,0,SALARY_MISMATCH
CASE-1909,30000.0,30472.92,30503.85,3,12000.0,11786.48,12153.91,1,503.85,1.68,153.91,1.28,0,0,0,0,0,CONSISTENT
CASE-1910,60000.0,60101.52,59155.44,4,8000.0,8078.82,7842.67,3,844.56,1.41,157.33,1.97,0,0,0,0,0,CONSISTENT
CASE-1911,60000.0,60514.53,60999.94,4,8000.0,8065.76,8054.97,3,999.94,1.67,54.97,0.69,0,0,0,0,0,CONSISTENT
CASE-1912,30000.0,35761.67,35761.67,2,0.0,0.0,0.0,0,5761.67,19.21,0.0,0.0,0,0,0,0,0,SALARY_MISMATCH
CASE-1913,30000.0,38883.21,38883.21,4,12000.0,12000.0,12000.0,3,8883.21,29.61,0.0,0.0,0,0,0,0,0,SALARY_MISMATCH
CASE-1914,60000.0,60000.0,60000.0,6,0.0,0.0,0.0,0,0.0,0.0,0.0,0.0,345,0,0,0,0,EMPLOYMENT_MISMATCH
CASE-1915,150000.0,152039.99,151349.48,2,0.0,0.0,0.0,0,1349.48,0.9,0.0,0.0,0,0,0,0,0,CONSISTENT
CASE-1916,45000.0,31500.0,31500.0,3,0.0,0.0,8000.0,0,13500.0,30.0,8000.0,100.0,99,0,0,0,0,MULTIPLE_MISMATCH
CASE-1917,100000.0,100000.0,100000.0,4,5000.0,5000.0,5000.0,4,0.0,0.0,0.0,0.0,0,2,1,0,2,DATA_QUALITY_ISSUE
CASE-1918,45000.0,44648.24,44416.87,5,12000.0,12137.53,11910.02,3,583.13,1.3,89.98,0.75,1,0,0,0,0,CONSISTENT
CASE-1919,100000.0,70000.0,70000.0,5,0.0,0.0,8000.0,0,30000.0,30.0,8000.0,100.0,29,0,0,0,0,MULTIPLE_MISMATCH
CASE-1920,150000.0,105000.0,105000.0,6,0.0,0.0,8000.0,0,45000.0,30.0,8000.0,100.0,91,0,0,0,0,MULTIPLE_MISMATCH
CASE-1921,60000.0,59229.22,60964.6,6,12000.0,11950.65,11877.73,3,964.6,1.61,122.27,1.02,0,0,0,0,0,CONSISTENT
CASE-1922,80000.0,42064.16,42064.16,3,0.0,0.0,0.0,0,37935.84,47.42,0.0,0.0,0,0,0,0,0,SALARY_MISMATCH
CASE-1923,100000.0,100000.0,0.0,0,12000.0,12000.0,12000.0,3,100000.0,100.0,0.0,0.0,0,1,1,0,1,DATA_QUALITY_ISSUE
CASE-1924,60000.0,59633.49,60434.52,5,5000.0,4974.58,4929.11,2,434.52,0.72,70.89,1.42,1,0,0,0,0,CONSISTENT
CASE-1925,100000.0,67898.83,67898.83,3,5000.0,5000.0,5000.0,1,32101.17,32.1,0.0,0.0,0,0,0,0,0,SALARY_MISMATCH
CASE-1926,45000.0,45000.0,45000.0,4,20000.0,34786.76,34786.76,3,0.0,0.0,14786.76,73.93,0,0,0,0,0,EMI_MISMATCH
CASE-1927,150000.0,150000.0,150000.0,2,3000.0,13103.09,13103.09,3,0.0,0.0,10103.09,336.77,0,0,0,0,0,EMI_MISMATCH
CASE-1928,150000.0,149700.15,148996.14,5,3000.0,2992.6,2971.52,1,1003.86,0.67,28.48,0.95,1,0,0,0,0,CONSISTENT
CASE-1929,30000.0,29640.19,29783.51,3,20000.0,20073.45,19657.78,3,216.49,0.72,342.22,1.71,1,0,0,0,0,CONSISTENT
CASE-1930,150000.0,151873.9,151514.46,4,5000.0,5050.66,5043.27,2,1514.46,1.01,43.27,0.87,0,0,0,0,0,CONSISTENT
CASE-1931,100000.0,100000.0,100000.0,3,0.0,10349.62,10349.62,0,0.0,0.0,10349.62,100.0,0,0,0,0,0,EMI_MISMATCH
CASE-1932,100000.0,100001.43,99430.05,2,12000.0,11893.16,12068.54,3,569.95,0.57,68.54,0.57,0,0,0,0,0,CONSISTENT
CASE-1933,100000.0,100000.0,100000.0,3,12000.0,24007.04,24007.04,1,0.0,0.0,12007.04,100.06,0,0,0,0,0,EMI_MISMATCH
CASE-1934,150000.0,150000.0,150000.0,5,5000.0,19822.27,19822.27,1,0.0,0.0,14822.27,296.45,0,0,0,0,0,EMI_MISMATCH
CASE-1935,45000.0,23056.12,23056.12,5,0.0,0.0,0.0,0,21943.88,48.76,0.0,0.0,0,0,0,0,0,SALARY_MISMATCH
CASE-1936,60000.0,60071.7,60275.77,3,5000.0,4996.48,4918.73,2,275.77,0.46,81.27,1.63,0,0,0,0,0,CONSISTENT
CASE-1937,60000.0,60000.0,60000.0,5,5000.0,5000.0,5000.0,3,0.0,0.0,0.0,0.0,427,0,0,0,0,EMPLOYMENT_MISMATCH
CASE-1938,150000.0,150417.13,151430.11,4,0.0,0.0,0.0,0,1430.11,0.95,0.0,0.0,0,0,0,0,0,CONSISTENT
CASE-1939,60000.0,60197.75,59104.43,2,8000.0,7987.82,8110.33,2,895.57,1.49,110.33,1.38,0,0,0,0,0,CONSISTENT
CASE-1940,30000.0,21000.0,21000.0,2,8000.0,8000.0,16000.0,4,9000.0,30.0,8000.0,100.0,114,0,0,0,0,MULTIPLE_MISMATCH
CASE-1941,100000.0,100000.0,100000.0,6,12000.0,12000.0,12000.0,1,0.0,0.0,0.0,0.0,32,0,0,0,0,EMPLOYMENT_MISMATCH
CASE-1942,150000.0,151774.72,149041.3,4,8000.0,7842.09,7993.45,1,958.7,0.64,6.55,0.08,0,0,0,0,0,CONSISTENT
CASE-1943,30000.0,29792.03,29924.61,4,12000.0,11894.15,12039.3,4,75.39,0.25,39.3,0.33,0,0,0,0,0,CONSISTENT
CASE-1944,60000.0,61013.54,59822.14,2,20000.0,20388.42,20043.25,3,177.86,0.3,43.25,0.22,0,0,0,0,0,CONSISTENT
CASE-1945,150000.0,150000.0,150000.0,6,12000.0,12000.0,12000.0,3,0.0,0.0,0.0,0.0,0,1,2,0,0,DATA_QUALITY_ISSUE
CASE-1946,150000.0,150000.0,150000.0,4,5000.0,5000.0,5000.0,4,0.0,0.0,0.0,0.0,0,1,2,0,0,DATA_QUALITY_ISSUE
CASE-1947,60000.0,60000.0,60000.0,6,5000.0,5000.0,5000.0,1,0.0,0.0,0.0,0.0,135,0,0,0,0,EMPLOYMENT_MISMATCH
CASE-1948,150000.0,150000.0,150000.0,6,8000.0,8000.0,8000.0,3,0.0,0.0,0.0,0.0,311,0,0,0,0,EMPLOYMENT_MISMATCH
CASE-1949,30000.0,30000.0,0.0,0,3000.0,3000.0,3000.0,3,30000.0,100.0,0.0,0.0,0,1,3,0,1,DATA_QUALITY_ISSUE
CASE-1950,150000.0,152487.7,148251.91,4,12000.0,12079.33,11797.78,3,1748.09,1.17,202.22,1.69,1,0,0,0,0,CONSISTENT
CASE-1951,100000.0,100000.0,100000.0,2,3000.0,15476.15,15476.15,2,0.0,0.0,12476.15,415.87,0,0,0,0,0,EMI_MISMATCH
CASE-1952,45000.0,45000.0,45000.0,2,0.0,0.0,0.0,0,0.0,0.0,0.0,0.0,0,2,3,0,0,DATA_QUALITY_ISSUE
CASE-1953,80000.0,92384.53,92384.53,5,8000.0,8000.0,8000.0,4,12384.53,15.48,0.0,0.0,0,0,0,0,0,SALARY_MISMATCH
CASE-1954,80000.0,80000.0,80000.0,6,0.0,0.0,0.0,0,0.0,0.0,0.0,0.0,0,2,3,0,1,DATA_QUALITY_ISSUE
CASE-1955,80000.0,116900.93,116900.93,6,0.0,0.0,0.0,0,36900.93,46.13,0.0,0.0,0,0,0,0,0,SALARY_MISMATCH
CASE-1956,45000.0,62297.52,62297.52,5,12000.0,12000.0,12000.0,2,17297.52,38.44,0.0,0.0,0,0,0,0,0,SALARY_MISMATCH
CASE-1957,45000.0,45000.0,0.0,0,20000.0,20000.0,0.0,0,45000.0,100.0,20000.0,100.0,0,2,2,0,2,DATA_QUALITY_ISSUE
CASE-1958,100000.0,100000.0,100000.0,5,5000.0,16273.18,16273.18,2,0.0,0.0,11273.18,225.46,0,0,0,0,0,EMI_MISMATCH
CASE-1959,30000.0,30000.0,30000.0,3,3000.0,8673.03,8673.03,2,0.0,0.0,5673.03,189.1,0,0,0,0,0,EMI_MISMATCH
CASE-1960,30000.0,17950.26,17950.26,6,12000.0,12000.0,12000.0,3,12049.74,40.17,0.0,0.0,0,0,0,0,0,SALARY_MISMATCH
CASE-1961,100000.0,76286.98,76286.98,5,20000.0,20000.0,20000.0,2,23713.02,23.71,0.0,0.0,0,0,0,0,0,SALARY_MISMATCH
CASE-1962,45000.0,44146.34,44713.89,4,5000.0,5060.66,5079.46,3,286.11,0.64,79.46,1.59,1,0,0,0,0,CONSISTENT
CASE-1963,45000.0,52235.49,52235.49,5,20000.0,20000.0,20000.0,1,7235.49,16.08,0.0,0.0,0,0,0,0,0,SALARY_MISMATCH
CASE-1964,80000.0,56000.0,56000.0,2,20000.0,20000.0,28000.0,3,24000.0,30.0,8000.0,40.0,137,0,0,0,0,MULTIPLE_MISMATCH
CASE-1965,150000.0,198765.64,198765.64,5,20000.0,20000.0,20000.0,2,48765.64,32.51,0.0,0.0,0,0,0,0,0,SALARY_MISMATCH
CASE-1966,60000.0,60000.0,60000.0,4,5000.0,10426.87,10426.87,2,0.0,0.0,5426.87,108.54,0,0,0,0,0,EMI_MISMATCH
CASE-1967,45000.0,45000.0,45000.0,6,5000.0,5000.0,0.0,0,0.0,0.0,5000.0,100.0,0,2,3,0,0,DATA_QUALITY_ISSUE
CASE-1968,30000.0,30000.0,30000.0,4,5000.0,5000.0,5000.0,4,0.0,0.0,0.0,0.0,0,2,3,0,1,DATA_QUALITY_ISSUE
CASE-1969,150000.0,148401.48,148580.84,3,0.0,0.0,0.0,0,1419.16,0.95,0.0,0.0,1,0,0,0,0,CONSISTENT
CASE-1970,100000.0,100682.16,99273.41,5,0.0,0.0,0.0,0,726.59,0.73,0.0,0.0,0,0,0,0,0,CONSISTENT
CASE-1971,80000.0,44072.08,44072.08,4,8000.0,8000.0,8000.0,2,35927.92,44.91,0.0,0.0,0,0,0,0,0,SALARY_MISMATCH
CASE-1972,60000.0,59335.42,58935.64,6,3000.0,2952.41,2991.78,4,1064.36,1.77,8.22,0.27,1,0,0,0,0,CONSISTENT
CASE-1973,100000.0,99013.98,101762.15,6,5000.0,5081.19,5013.36,3,1762.15,1.76,13.36,0.27,0,0,0,0,0,CONSISTENT
CASE-1974,30000.0,21175.55,21175.55,3,3000.0,3000.0,3000.0,1,8824.45,29.41,0.0,0.0,0,0,0,0,0,SALARY_MISMATCH
CASE-1975,100000.0,100000.0,100000.0,6,5000.0,5000.0,5000.0,4,0.0,0.0,0.0,0.0,88,0,0,0,0,EMPLOYMENT_MISMATCH
CASE-1976,60000.0,42000.0,42000.0,6,5000.0,5000.0,13000.0,4,18000.0,30.0,8000.0,160.0,98,0,0,0,0,MULTIPLE_MISMATCH
CASE-1977,30000.0,29514.07,29640.56,6,8000.0,7972.31,7905.98,1,359.44,1.2,94.02,1.18,1,0,0,0,0,CONSISTENT
CASE-1978,30000.0,21000.0,21000.0,3,5000.0,5000.0,13000.0,3,9000.0,30.0,8000.0,160.0,118,0,0,0,0,MULTIPLE_MISMATCH
CASE-1979,150000.0,150000.0,150000.0,2,0.0,8124.09,8124.09,0,0.0,0.0,8124.09,100.0,0,0,0,0,0,EMI_MISMATCH
CASE-1980,60000.0,35670.14,35670.14,6,3000.0,3000.0,3000.0,1,24329.86,40.55,0.0,0.0,0,0,0,0,0,SALARY_MISMATCH
CASE-1981,100000.0,101465.71,98133.29,6,5000.0,5082.56,4923.67,4,1866.71,1.87,76.33,1.53,0,0,0,0,0,CONSISTENT
CASE-1982,80000.0,80000.0,80000.0,5,5000.0,13443.5,13443.5,1,0.0,0.0,8443.5,168.87,0,0,0,0,0,EMI_MISMATCH
CASE-1983,100000.0,145866.61,145866.61,2,0.0,0.0,0.0,0,45866.61,45.87,0.0,0.0,0,0,0,0,0,SALARY_MISMATCH
CASE-1984,45000.0,29196.29,29196.29,3,12000.0,12000.0,12000.0,1,15803.71,35.12,0.0,0.0,0,0,0,0,0,SALARY_MISMATCH
CASE-1985,80000.0,62575.92,62575.92,3,8000.0,8000.0,8000.0,4,17424.08,21.78,0.0,0.0,0,0,0,0,0,SALARY_MISMATCH
CASE-1986,30000.0,30407.05,29438.39,5,3000.0,3052.82,3047.05,4,561.61,1.87,47.05,1.57,0,0,0,0,0,CONSISTENT
CASE-1987,150000.0,206823.34,206823.34,3,12000.0,12000.0,12000.0,3,56823.34,37.88,0.0,0.0,0,0,0,0,0,SALARY_MISMATCH
CASE-1988,80000.0,66746.49,66746.49,4,0.0,0.0,0.0,0,13253.51,16.57,0.0,0.0,0,0,0,0,0,SALARY_MISMATCH
CASE-1989,60000.0,60119.09,60930.76,5,3000.0,2952.56,3038.72,3,930.76,1.55,38.72,1.29,0,0,0,0,0,CONSISTENT
CASE-1990,60000.0,59559.85,59760.37,6,3000.0,2958.06,3000.43,1,239.63,0.4,0.43,0.01,1,0,0,0,0,CONSISTENT
CASE-1991,80000.0,80000.0,80000.0,3,12000.0,12000.0,12000.0,3,0.0,0.0,0.0,0.0,61,0,0,0,0,EMPLOYMENT_MISMATCH
CASE-1992,80000.0,119515.04,119515.04,4,12000.0,12000.0,12000.0,1,39515.04,49.39,0.0,0.0,0,0,0,0,0,SALARY_MISMATCH
CASE-1993,100000.0,129278.69,129278.69,6,8000.0,8000.0,8000.0,3,29278.69,29.28,0.0,0.0,0,0,0,0,0,SALARY_MISMATCH
CASE-1994,60000.0,59948.75,58907.19,4,12000.0,11908.59,11900.31,1,1092.81,1.82,99.69,0.83,0,0,0,0,0,CONSISTENT
CASE-1995,80000.0,80000.0,80000.0,5,5000.0,5000.0,5000.0,4,0.0,0.0,0.0,0.0,350,0,0,0,0,EMPLOYMENT_MISMATCH
CASE-1996,60000.0,60000.0,60000.0,4,5000.0,12618.77,12618.77,4,0.0,0.0,7618.77,152.38,0,0,0,0,0,EMI_MISMATCH
CASE-1997,30000.0,30000.0,30000.0,5,0.0,10847.58,10847.58,0,0.0,0.0,10847.58,100.0,0,0,0,0,0,EMI_MISMATCH
CASE-1998,60000.0,59786.31,60354.81,5,12000.0,12101.79,11845.66,4,354.81,0.59,154.34,1.29,0,0,0,0,0,CONSISTENT
CASE-1999,60000.0,59425.6,60848.03,3,0.0,0.0,0.0,0,848.03,1.41,0.0,0.0,1,0,0,0,0,CONSISTENT
CASE-2000,30000.0,21000.0,21000.0,3,8000.0,8000.0,16000.0,2,9000.0,30.0,8000.0,100.0,157,0,0,0,0,MULTIPLE_MISMATCH
CASE-2001,100000.0,70000.0,70000.0,5,12000.0,12000.0,20000.0,3,30000.0,30.0,8000.0,66.67,121,0,0,0,0,MULTIPLE_MISMATCH
CASE-2002,150000.0,150000.0,150000.0,3,0.0,0.0,0.0,0,0.0,0.0,0.0,0.0,0,2,3,0,0,DATA_QUALITY_ISSUE
CASE-2003,100000.0,101992.89,101555.37,2,12000.0,11783.2,12030.36,2,1555.37,1.56,30.36,0.25,1,0,0,0,0,CONSISTENT
CASE-2004,30000.0,30000.0,30000.0,5,0.0,3886.37,3886.37,0,0.0,0.0,3886.37,100.0,0,0,0,0,0,EMI_MISMATCH
CASE-2005,100000.0,70000.0,70000.0,3,20000.0,20000.0,28000.0,1,30000.0,30.0,8000.0,40.0,50,0,0,0,0,MULTIPLE_MISMATCH
CASE-2006,45000.0,45000.0,45000.0,5,5000.0,5000.0,5000.0,4,0.0,0.0,0.0,0.0,0,2,3,0,0,DATA_QUALITY_ISSUE
CASE-2007,80000.0,78602.44,80329.64,5,5000.0,4911.43,5078.75,4,329.64,0.41,78.75,1.57,0,0,0,0,0,CONSISTENT
CASE-2008,45000.0,67495.93,67495.93,3,8000.0,8000.0,8000.0,2,22495.93,49.99,0.0,0.0,0,0,0,0,0,SALARY_MISMATCH
CASE-2009,150000.0,148889.6,147773.87,2,8000.0,7989.91,8031.46,4,2226.13,1.48,31.46,0.39,0,0,0,0,0,CONSISTENT
CASE-2010,100000.0,98131.2,99681.34,6,20000.0,20316.08,20386.12,3,318.66,0.32,386.12,1.93,1,0,0,0,0,CONSISTENT
CASE-2011,150000.0,150000.0,150000.0,6,5000.0,18776.04,18776.04,3,0.0,0.0,13776.04,275.52,0,0,0,0,0,EMI_MISMATCH
CASE-2012,100000.0,52739.57,52739.57,2,0.0,0.0,0.0,0,47260.43,47.26,0.0,0.0,0,0,0,0,0,SALARY_MISMATCH
CASE-2013,45000.0,45000.0,45000.0,6,12000.0,12000.0,12000.0,4,0.0,0.0,0.0,0.0,390,0,0,0,0,EMPLOYMENT_MISMATCH
CASE-2014,100000.0,100000.0,100000.0,4,12000.0,12000.0,12000.0,1,0.0,0.0,0.0,0.0,327,0,0,0,0,EMPLOYMENT_MISMATCH
CASE-2015,60000.0,60000.0,60000.0,5,8000.0,8000.0,8000.0,1,0.0,0.0,0.0,0.0,102,0,0,0,0,EMPLOYMENT_MISMATCH
CASE-2016,100000.0,130864.16,130864.16,6,12000.0,12000.0,12000.0,3,30864.16,30.86,0.0,0.0,0,0,0,0,0,SALARY_MISMATCH
CASE-2017,100000.0,100000.0,100000.0,2,0.0,0.0,0.0,0,0.0,0.0,0.0,0.0,297,0,0,0,0,EMPLOYMENT_MISMATCH
CASE-2018,100000.0,100000.0,100000.0,6,8000.0,17911.58,17911.58,1,0.0,0.0,9911.58,123.89,0,0,0,0,0,EMI_MISMATCH
CASE-2019,45000.0,45000.0,45000.0,3,3000.0,13156.16,13156.16,4,0.0,0.0,10156.16,338.54,0,0,0,0,0,EMI_MISMATCH
CASE-2020,30000.0,29525.38,30264.32,2,3000.0,3022.47,2951.49,3,264.32,0.88,48.51,1.62,0,0,0,0,0,CONSISTENT
CASE-2021,30000.0,30000.0,0.0,0,8000.0,8000.0,0.0,0,30000.0,100.0,8000.0,100.0,0,2,2,0,2,DATA_QUALITY_ISSUE
CASE-2022,100000.0,100000.0,100000.0,4,3000.0,3000.0,3000.0,4,0.0,0.0,0.0,0.0,210,0,0,0,0,EMPLOYMENT_MISMATCH
CASE-2023,60000.0,60000.0,60000.0,4,3000.0,15912.3,15912.3,3,0.0,0.0,12912.3,430.41,0,0,0,0,0,EMI_MISMATCH
CASE-2024,100000.0,77256.68,77256.68,3,8000.0,8000.0,8000.0,1,22743.32,22.74,0.0,0.0,0,0,0,0,0,SALARY_MISMATCH
CASE-2025,45000.0,45000.0,45000.0,6,20000.0,30030.45,30030.45,3,0.0,0.0,10030.45,50.15,0,0,0,0,0,EMI_MISMATCH
CASE-2026,100000.0,132425.42,132425.42,6,3000.0,3000.0,3000.0,3,32425.42,32.43,0.0,0.0,0,0,0,0,0,SALARY_MISMATCH
CASE-2027,80000.0,56000.0,56000.0,5,3000.0,3000.0,11000.0,2,24000.0,30.0,8000.0,266.67,161,0,0,0,0,MULTIPLE_MISMATCH
CASE-2028,80000.0,56629.7,56629.7,2,5000.0,5000.0,5000.0,3,23370.3,29.21,0.0,0.0,0,0,0,0,0,SALARY_MISMATCH
CASE-2029,100000.0,70000.0,70000.0,6,12000.0,12000.0,20000.0,1,30000.0,30.0,8000.0,66.67,88,0,0,0,0,MULTIPLE_MISMATCH
CASE-2030,150000.0,191057.57,191057.57,5,5000.0,5000.0,5000.0,1,41057.57,27.37,0.0,0.0,0,0,0,0,0,SALARY_MISMATCH
CASE-2031,45000.0,45000.0,45000.0,2,0.0,3420.63,3420.63,0,0.0,0.0,3420.63,100.0,0,0,0,0,0,EMI_MISMATCH
CASE-2032,150000.0,150000.0,150000.0,4,5000.0,5000.0,5000.0,3,0.0,0.0,0.0,0.0,97,0,0,0,0,EMPLOYMENT_MISMATCH
CASE-2033,150000.0,150200.87,147316.54,6,3000.0,2994.83,3053.06,3,2683.46,1.79,53.06,1.77,0,0,0,0,0,CONSISTENT
CASE-2034,60000.0,42000.0,42000.0,4,8000.0,8000.0,16000.0,1,18000.0,30.0,8000.0,100.0,43,0,0,0,0,MULTIPLE_MISMATCH
CASE-2035,100000.0,100000.0,100000.0,6,5000.0,5000.0,5000.0,2,0.0,0.0,0.0,0.0,495,0,0,0,0,EMPLOYMENT_MISMATCH
CASE-2036,80000.0,55706.84,55706.84,6,5000.0,5000.0,5000.0,2,24293.16,30.37,0.0,0.0,0,0,0,0,0,SALARY_MISMATCH
CASE-2037,30000.0,30182.98,30328.56,4,8000.0,7954.68,7898.62,2,328.56,1.1,101.38,1.27,0,0,0,0,0,CONSISTENT
CASE-2038,150000.0,150000.0,150000.0,3,8000.0,21180.96,21180.96,4,0.0,0.0,13180.96,164.76,0,0,0,0,0,EMI_MISMATCH
CASE-2039,80000.0,79669.53,81401.77,3,20000.0,19722.51,19607.88,1,1401.77,1.75,392.12,1.96,0,0,0,0,0,CONSISTENT
CASE-2040,30000.0,30084.8,29922.71,2,8000.0,7972.75,8074.47,2,77.29,0.26,74.47,0.93,0,0,0,0,0,CONSISTENT
CASE-2041,30000.0,30000.0,30000.0,5,20000.0,29217.08,29217.08,4,0.0,0.0,9217.08,46.09,0,0,0,0,0,EMI_MISMATCH
CASE-2042,45000.0,45000.0,45000.0,5,3000.0,3000.0,3000.0,2,0.0,0.0,0.0,0.0,368,0,0,0,0,EMPLOYMENT_MISMATCH
CASE-2043,60000.0,34668.71,34668.71,5,0.0,0.0,0.0,0,25331.29,42.22,0.0,0.0,0,0,0,0,0,SALARY_MISMATCH
CASE-2044,30000.0,30000.0,30000.0,3,8000.0,8000.0,8000.0,2,0.0,0.0,0.0,0.0,325,0,0,0,0,EMPLOYMENT_MISMATCH
CASE-2045,30000.0,30000.0,30000.0,4,20000.0,22676.6,22676.6,1,0.0,0.0,2676.6,13.38,0,0,0,0,0,EMI_MISMATCH
CASE-2046,150000.0,105000.0,105000.0,4,12000.0,12000.0,20000.0,1,45000.0,30.0,8000.0,66.67,28,0,0,0,0,MULTIPLE_MISMATCH
CASE-2047,150000.0,223744.11,223744.11,3,12000.0,12000.0,12000.0,4,73744.11,49.16,0.0,0.0,0,0,0,0,0,SALARY_MISMATCH
CASE-2048,100000.0,82093.64,82093.64,4,5000.0,5000.0,5000.0,4,17906.36,17.91,0.0,0.0,0,0,0,0,0,SALARY_MISMATCH
CASE-2049,150000.0,148485.39,151844.07,6,0.0,0.0,0.0,0,1844.07,1.23,0.0,0.0,0,0,0,0,0,CONSISTENT
CASE-2050,30000.0,30000.0,30000.0,5,5000.0,5000.0,5000.0,4,0.0,0.0,0.0,0.0,272,0,0,0,0,EMPLOYMENT_MISMATCH
CASE-2051,45000.0,45000.0,45000.0,4,5000.0,5000.0,5000.0,2,0.0,0.0,0.0,0.0,301,0,0,0,0,EMPLOYMENT_MISMATCH
CASE-2052,80000.0,109546.44,109546.44,5,3000.0,3000.0,3000.0,1,29546.44,36.93,0.0,0.0,0,0,0,0,0,SALARY_MISMATCH
CASE-2053,45000.0,45000.0,45000.0,5,20000.0,34658.65,34658.65,4,0.0,0.0,14658.65,73.29,0,0,0,0,0,EMI_MISMATCH
CASE-2054,150000.0,150000.0,150000.0,4,8000.0,13646.02,13646.02,1,0.0,0.0,5646.02,70.58,0,0,0,0,0,EMI_MISMATCH
CASE-2055,80000.0,80000.0,80000.0,2,5000.0,5000.0,5000.0,3,0.0,0.0,0.0,0.0,462,0,0,0,0,EMPLOYMENT_MISMATCH
CASE-2056,30000.0,30587.21,30214.99,5,3000.0,3058.19,2943.46,3,214.99,0.72,56.54,1.88,0,0,0,0,0,CONSISTENT
CASE-2057,150000.0,148573.83,152033.33,4,12000.0,11775.52,12009.69,3,2033.33,1.36,9.69,0.08,0,0,0,0,0,CONSISTENT
CASE-2058,150000.0,150000.0,150000.0,4,12000.0,20178.86,20178.86,4,0.0,0.0,8178.86,68.16,0,0,0,0,0,EMI_MISMATCH
CASE-2059,150000.0,150000.0,150000.0,5,12000.0,12000.0,12000.0,2,0.0,0.0,0.0,0.0,405,0,0,0,0,EMPLOYMENT_MISMATCH
CASE-2060,100000.0,100763.81,99616.59,6,0.0,0.0,0.0,0,383.41,0.38,0.0,0.0,0,0,0,0,0,CONSISTENT
CASE-2061,100000.0,70000.0,70000.0,6,3000.0,3000.0,11000.0,3,30000.0,30.0,8000.0,266.67,188,0,0,0,0,MULTIPLE_MISMATCH
CASE-2062,45000.0,29569.52,29569.52,3,20000.0,20000.0,20000.0,3,15430.48,34.29,0.0,0.0,0,0,0,0,0,SALARY_MISMATCH
CASE-2063,150000.0,150000.0,150000.0,2,5000.0,5000.0,5000.0,1,0.0,0.0,0.0,0.0,36,0,0,0,0,EMPLOYMENT_MISMATCH
CASE-2064,30000.0,30000.0,30000.0,5,5000.0,5000.0,0.0,0,0.0,0.0,5000.0,100.0,0,1,3,0,1,DATA_QUALITY_ISSUE
CASE-2065,100000.0,118610.14,118610.14,4,8000.0,8000.0,8000.0,2,18610.14,18.61,0.0,0.0,0,0,0,0,0,SALARY_MISMATCH
CASE-2066,60000.0,60000.0,0.0,0,8000.0,8000.0,8000.0,1,60000.0,100.0,0.0,0.0,0,1,3,0,2,DATA_QUALITY_ISSUE
CASE-2067,45000.0,36262.43,36262.43,6,8000.0,8000.0,8000.0,1,8737.57,19.42,0.0,0.0,0,0,0,0,0,SALARY_MISMATCH
CASE-2068,60000.0,60000.0,60000.0,2,12000.0,20241.17,20241.17,1,0.0,0.0,8241.17,68.68,0,0,0,0,0,EMI_MISMATCH
CASE-2069,30000.0,44346.29,44346.29,6,0.0,0.0,0.0,0,14346.29,47.82,0.0,0.0,0,0,0,0,0,SALARY_MISMATCH
CASE-2070,150000.0,147649.02,152920.18,6,5000.0,5023.87,5030.17,2,2920.18,1.95,30.17,0.6,0,0,0,0,0,CONSISTENT
CASE-2071,60000.0,60983.34,61157.74,3,8000.0,7903.37,7882.92,3,1157.74,1.93,117.08,1.46,0,0,0,0,0,CONSISTENT
CASE-2072,30000.0,29482.79,30594.96,5,5000.0,4957.76,4929.85,1,594.96,1.98,70.15,1.4,1,0,0,0,0,CONSISTENT
CASE-2073,100000.0,100080.64,99459.27,4,12000.0,12179.23,11949.6,4,540.73,0.54,50.4,0.42,0,0,0,0,0,CONSISTENT
CASE-2074,150000.0,149266.78,148900.11,4,3000.0,3021.28,2974.75,2,1099.89,0.73,25.25,0.84,0,0,0,0,0,CONSISTENT
CASE-2075,60000.0,60000.0,60000.0,4,20000.0,22036.95,22036.95,1,0.0,0.0,2036.95,10.18,0,0,0,0,0,EMI_MISMATCH
CASE-2076,100000.0,100000.0,0.0,0,12000.0,12000.0,12000.0,4,100000.0,100.0,0.0,0.0,0,2,1,0,1,DATA_QUALITY_ISSUE
CASE-2077,45000.0,58604.88,58604.88,5,20000.0,20000.0,20000.0,1,13604.88,30.23,0.0,0.0,0,0,0,0,0,SALARY_MISMATCH
CASE-2078,30000.0,30000.0,30000.0,3,3000.0,3000.0,0.0,0,0.0,0.0,3000.0,100.0,0,1,3,0,1,DATA_QUALITY_ISSUE
CASE-2079,80000.0,56000.0,56000.0,5,12000.0,12000.0,20000.0,2,24000.0,30.0,8000.0,66.67,172,0,0,0,0,MULTIPLE_MISMATCH
CASE-2080,80000.0,56000.0,56000.0,2,0.0,0.0,8000.0,0,24000.0,30.0,8000.0,100.0,128,0,0,0,0,MULTIPLE_MISMATCH
CASE-2081,45000.0,56685.54,56685.54,4,5000.0,5000.0,5000.0,1,11685.54,25.97,0.0,0.0,0,0,0,0,0,SALARY_MISMATCH
CASE-2082,45000.0,45668.3,44446.65,2,12000.0,11806.86,12190.94,3,553.35,1.23,190.94,1.59,1,0,0,0,0,CONSISTENT
CASE-2083,60000.0,59662.9,59101.93,2,0.0,0.0,0.0,0,898.07,1.5,0.0,0.0,1,0,0,0,0,CONSISTENT
CASE-2084,150000.0,150000.0,150000.0,3,8000.0,12638.92,12638.92,1,0.0,0.0,4638.92,57.99,0,0,0,0,0,EMI_MISMATCH
CASE-2085,30000.0,40699.47,40699.47,2,12000.0,12000.0,12000.0,4,10699.47,35.66,0.0,0.0,0,0,0,0,0,SALARY_MISMATCH
CASE-2086,100000.0,101636.93,98407.02,4,5000.0,4909.83,4901.06,4,1592.98,1.59,98.94,1.98,0,0,0,0,0,CONSISTENT
CASE-2087,45000.0,44915.87,45331.79,6,12000.0,11932.76,12080.55,4,331.79,0.74,80.55,0.67,1,0,0,0,0,CONSISTENT
CASE-2088,60000.0,60698.04,60727.21,5,8000.0,8069.17,7905.36,4,727.21,1.21,94.64,1.18,0,0,0,0,0,CONSISTENT
CASE-2089,45000.0,45865.85,45204.67,6,0.0,0.0,0.0,0,204.67,0.45,0.0,0.0,0,0,0,0,0,CONSISTENT
CASE-2090,150000.0,150000.0,150000.0,2,5000.0,5000.0,5000.0,4,0.0,0.0,0.0,0.0,382,0,0,0,0,EMPLOYMENT_MISMATCH
CASE-2091,80000.0,80000.0,80000.0,5,5000.0,5000.0,5000.0,1,0.0,0.0,0.0,0.0,320,0,0,0,0,EMPLOYMENT_MISMATCH
CASE-2092,80000.0,79936.4,81010.13,6,8000.0,7860.07,8100.96,3,1010.13,1.26,100.96,1.26,0,0,0,0,0,CONSISTENT
CASE-2093,100000.0,145999.57,145999.57,4,3000.0,3000.0,3000.0,4,45999.57,46.0,0.0,0.0,0,0,0,0,0,SALARY_MISMATCH
CASE-2094,45000.0,45000.0,45000.0,2,5000.0,7437.45,7437.45,3,0.0,0.0,2437.45,48.75,0,0,0,0,0,EMI_MISMATCH
CASE-2095,100000.0,98717.18,98903.05,6,0.0,0.0,0.0,0,1096.95,1.1,0.0,0.0,0,0,0,0,0,CONSISTENT
CASE-2096,60000.0,60210.71,60833.51,2,20000.0,19953.02,19614.37,4,833.51,1.39,385.63,1.93,0,0,0,0,0,CONSISTENT
CASE-2097,100000.0,99747.82,101138.15,3,3000.0,2951.2,3002.5,2,1138.15,1.14,2.5,0.08,0,0,0,0,0,CONSISTENT
CASE-2098,45000.0,31500.0,31500.0,5,5000.0,5000.0,13000.0,2,13500.0,30.0,8000.0,160.0,91,0,0,0,0,MULTIPLE_MISMATCH
CASE-2099,150000.0,150000.0,0.0,0,3000.0,3000.0,3000.0,1,150000.0,100.0,0.0,0.0,0,2,2,0,0,DATA_QUALITY_ISSUE
CASE-2100,100000.0,99036.14,100834.71,3,3000.0,2965.78,2944.84,2,834.71,0.83,55.16,1.84,0,0,0,0,0,CONSISTENT
CASE-2101,150000.0,149026.49,149510.7,3,5000.0,5001.71,4995.35,1,489.3,0.33,4.65,0.09,0,0,0,0,0,CONSISTENT
CASE-2102,100000.0,100420.41,99582.98,5,3000.0,2975.84,3044.03,4,417.02,0.42,44.03,1.47,0,0,0,0,0,CONSISTENT
CASE-2103,80000.0,80000.0,80000.0,6,5000.0,5000.0,5000.0,3,0.0,0.0,0.0,0.0,285,0,0,0,0,EMPLOYMENT_MISMATCH
CASE-2104,30000.0,29809.31,30052.25,6,20000.0,20169.35,19768.74,4,52.25,0.17,231.26,1.16,0,0,0,0,0,CONSISTENT
CASE-2105,80000.0,80000.0,80000.0,2,12000.0,25235.0,25235.0,3,0.0,0.0,13235.0,110.29,0,0,0,0,0,EMI_MISMATCH
CASE-2106,150000.0,94979.13,94979.13,2,20000.0,20000.0,20000.0,3,55020.87,36.68,0.0,0.0,0,0,0,0,0,SALARY_MISMATCH
CASE-2107,100000.0,100000.0,100000.0,2,3000.0,3000.0,3000.0,4,0.0,0.0,0.0,0.0,90,0,0,0,0,EMPLOYMENT_MISMATCH
CASE-2108,80000.0,80000.0,80000.0,3,5000.0,5000.0,5000.0,4,0.0,0.0,0.0,0.0,377,0,0,0,0,EMPLOYMENT_MISMATCH
CASE-2109,100000.0,100303.14,98654.5,6,0.0,0.0,0.0,0,1345.5,1.35,0.0,0.0,0,0,0,0,0,CONSISTENT
CASE-2110,45000.0,45683.66,44181.16,6,12000.0,12110.99,12178.55,2,818.84,1.82,178.55,1.49,0,0,0,0,0,CONSISTENT
CASE-2111,100000.0,101849.21,101336.55,2,20000.0,19991.76,20210.06,2,1336.55,1.34,210.06,1.05,1,0,0,0,0,CONSISTENT
CASE-2112,60000.0,42000.0,42000.0,2,5000.0,5000.0,13000.0,4,18000.0,30.0,8000.0,160.0,173,0,0,0,0,MULTIPLE_MISMATCH
CASE-2113,100000.0,70000.0,70000.0,2,20000.0,20000.0,28000.0,2,30000.0,30.0,8000.0,40.0,194,0,0,0,0,MULTIPLE_MISMATCH
CASE-2114,30000.0,38298.59,38298.59,3,0.0,0.0,0.0,0,8298.59,27.66,0.0,0.0,0,0,0,0,0,SALARY_MISMATCH
CASE-2115,100000.0,100815.65,100603.21,2,12000.0,12224.57,12174.23,3,603.21,0.6,174.23,1.45,0,0,0,0,0,CONSISTENT
CASE-2116,60000.0,41002.77,41002.77,5,0.0,0.0,0.0,0,18997.23,31.66,0.0,0.0,0,0,0,0,0,SALARY_MISMATCH
CASE-2117,30000.0,30000.0,30000.0,6,3000.0,12549.58,12549.58,1,0.0,0.0,9549.58,318.32,0,0,0,0,0,EMI_MISMATCH
CASE-2118,45000.0,55322.68,55322.68,2,5000.0,5000.0,5000.0,1,10322.68,22.94,0.0,0.0,0,0,0,0,0,SALARY_MISMATCH
CASE-2119,60000.0,60000.0,60000.0,6,3000.0,9211.73,9211.73,2,0.0,0.0,6211.73,207.06,0,0,0,0,0,EMI_MISMATCH
CASE-2120,80000.0,80000.0,80000.0,2,0.0,5353.21,5353.21,0,0.0,0.0,5353.21,100.0,0,0,0,0,0,EMI_MISMATCH
CASE-2121,80000.0,101330.77,101330.77,3,8000.0,8000.0,8000.0,4,21330.77,26.66,0.0,0.0,0,0,0,0,0,SALARY_MISMATCH
CASE-2122,60000.0,60000.0,60000.0,5,20000.0,29878.2,29878.2,3,0.0,0.0,9878.2,49.39,0,0,0,0,0,EMI_MISMATCH
CASE-2123,60000.0,60517.59,60691.58,2,5000.0,5040.82,5017.95,2,691.58,1.15,17.95,0.36,0,0,0,0,0,CONSISTENT
CASE-2124,100000.0,73904.97,73904.97,3,12000.0,12000.0,12000.0,1,26095.03,26.1,0.0,0.0,0,0,0,0,0,SALARY_MISMATCH
CASE-2125,100000.0,70000.0,70000.0,4,3000.0,3000.0,11000.0,1,30000.0,30.0,8000.0,266.67,45,0,0,0,0,MULTIPLE_MISMATCH
CASE-2126,100000.0,55222.75,55222.75,4,8000.0,8000.0,8000.0,2,44777.25,44.78,0.0,0.0,0,0,0,0,0,SALARY_MISMATCH
CASE-2127,45000.0,32265.63,32265.63,3,8000.0,8000.0,8000.0,3,12734.37,28.3,0.0,0.0,0,0,0,0,0,SALARY_MISMATCH
CASE-2128,60000.0,43644.28,43644.28,5,8000.0,8000.0,8000.0,2,16355.72,27.26,0.0,0.0,0,0,0,0,0,SALARY_MISMATCH
CASE-2129,80000.0,93342.82,93342.82,2,3000.0,3000.0,3000.0,2,13342.82,16.68,0.0,0.0,0,0,0,0,0,SALARY_MISMATCH
CASE-2130,60000.0,60000.0,60000.0,6,0.0,0.0,0.0,0,0.0,0.0,0.0,0.0,222,0,0,0,0,EMPLOYMENT_MISMATCH
CASE-2131,100000.0,99014.57,98912.25,3,8000.0,7843.69,7881.71,1,1087.75,1.09,118.29,1.48,1,0,0,0,0,CONSISTENT
CASE-2132,60000.0,61166.06,59540.72,2,5000.0,4926.06,4939.82,1,459.28,0.77,60.18,1.2,0,0,0,0,0,CONSISTENT
CASE-2133,30000.0,30000.0,30000.0,3,8000.0,13207.72,13207.72,1,0.0,0.0,5207.72,65.1,0,0,0,0,0,EMI_MISMATCH
CASE-2134,60000.0,77692.45,77692.45,6,8000.0,8000.0,8000.0,3,17692.45,29.49,0.0,0.0,0,0,0,0,0,SALARY_MISMATCH
CASE-2135,100000.0,100616.09,99664.87,5,12000.0,11846.24,12090.77,2,335.13,0.34,90.77,0.76,0,0,0,0,0,CONSISTENT
CASE-2136,150000.0,150000.0,150000.0,3,0.0,12213.67,12213.67,0,0.0,0.0,12213.67,100.0,0,0,0,0,0,EMI_MISMATCH
CASE-2137,30000.0,30000.0,30000.0,4,5000.0,12740.11,12740.11,4,0.0,0.0,7740.11,154.8,0,0,0,0,0,EMI_MISMATCH
CASE-2138,30000.0,30000.0,30000.0,5,3000.0,3000.0,3000.0,2,0.0,0.0,0.0,0.0,0,1,3,0,2,DATA_QUALITY_ISSUE
CASE-2139,30000.0,15397.05,15397.05,5,12000.0,12000.0,12000.0,1,14602.95,48.68,0.0,0.0,0,0,0,0,0,SALARY_MISMATCH
CASE-2140,30000.0,21000.0,21000.0,4,20000.0,20000.0,28000.0,3,9000.0,30.0,8000.0,40.0,122,0,0,0,0,MULTIPLE_MISMATCH
CASE-2141,60000.0,60000.0,60000.0,2,12000.0,12000.0,12000.0,2,0.0,0.0,0.0,0.0,128,0,0,0,0,EMPLOYMENT_MISMATCH
CASE-2142,60000.0,58836.64,59328.31,2,5000.0,4956.39,4988.72,1,671.69,1.12,11.28,0.23,0,0,0,0,0,CONSISTENT
CASE-2143,60000.0,60425.06,60054.17,6,12000.0,12135.34,11834.71,2,54.17,0.09,165.29,1.38,1,0,0,0,0,CONSISTENT
CASE-2144,100000.0,118864.33,118864.33,3,12000.0,12000.0,12000.0,3,18864.33,18.86,0.0,0.0,0,0,0,0,0,SALARY_MISMATCH
CASE-2145,80000.0,67003.7,67003.7,2,12000.0,12000.0,12000.0,2,12996.3,16.25,0.0,0.0,0,0,0,0,0,SALARY_MISMATCH
CASE-2146,100000.0,98926.33,98724.87,5,0.0,0.0,0.0,0,1275.13,1.28,0.0,0.0,1,0,0,0,0,CONSISTENT
CASE-2147,30000.0,30000.0,30000.0,3,12000.0,12000.0,12000.0,2,0.0,0.0,0.0,0.0,373,0,0,0,0,EMPLOYMENT_MISMATCH
CASE-2148,60000.0,60000.0,60000.0,2,0.0,0.0,0.0,0,0.0,0.0,0.0,0.0,0,1,3,0,1,DATA_QUALITY_ISSUE
CASE-2149,80000.0,80000.0,80000.0,4,12000.0,12000.0,0.0,0,0.0,0.0,12000.0,100.0,0,1,1,0,2,DATA_QUALITY_ISSUE
CASE-2150,30000.0,30442.95,30064.95,3,0.0,0.0,0.0,0,64.95,0.22,0.0,0.0,0,0,0,0,0,CONSISTENT
CASE-2151,45000.0,45000.0,45000.0,5,20000.0,23993.74,23993.74,1,0.0,0.0,3993.74,19.97,0,0,0,0,0,EMI_MISMATCH
CASE-2152,100000.0,100000.0,100000.0,2,0.0,0.0,0.0,0,0.0,0.0,0.0,0.0,488,0,0,0,0,EMPLOYMENT_MISMATCH
CASE-2153,150000.0,150000.0,150000.0,3,12000.0,25998.09,25998.09,4,0.0,0.0,13998.09,116.65,0,0,0,0,0,EMI_MISMATCH
CASE-2154,60000.0,42000.0,42000.0,6,3000.0,3000.0,11000.0,3,18000.0,30.0,8000.0,266.67,122,0,0,0,0,MULTIPLE_MISMATCH
CASE-2155,80000.0,81458.94,81354.56,3,12000.0,11979.51,12166.17,3,1354.56,1.69,166.17,1.38,0,0,0,0,0,CONSISTENT
CASE-2156,150000.0,207221.42,207221.42,2,12000.0,12000.0,12000.0,3,57221.42,38.15,0.0,0.0,0,0,0,0,0,SALARY_MISMATCH
CASE-2157,45000.0,45053.81,44805.02,3,0.0,0.0,0.0,0,194.98,0.43,0.0,0.0,1,0,0,0,0,CONSISTENT
CASE-2158,30000.0,30000.0,30000.0,3,12000.0,19070.21,19070.21,4,0.0,0.0,7070.21,58.92,0,0,0,0,0,EMI_MISMATCH
CASE-2159,100000.0,120326.11,120326.11,3,0.0,0.0,0.0,0,20326.11,20.33,0.0,0.0,0,0,0,0,0,SALARY_MISMATCH
CASE-2160,150000.0,152735.22,151404.65,6,8000.0,8051.74,8101.43,4,1404.65,0.94,101.43,1.27,0,0,0,0,0,CONSISTENT
CASE-2161,60000.0,60032.72,60727.31,5,8000.0,7959.57,7964.2,2,727.31,1.21,35.8,0.45,0,0,0,0,0,CONSISTENT
CASE-2162,100000.0,99429.88,98263.58,6,12000.0,11840.19,12236.56,4,1736.42,1.74,236.56,1.97,0,0,0,0,0,CONSISTENT
CASE-2163,45000.0,45000.0,45000.0,5,8000.0,20036.41,20036.41,3,0.0,0.0,12036.41,150.46,0,0,0,0,0,EMI_MISMATCH
CASE-2164,100000.0,70000.0,70000.0,3,8000.0,8000.0,16000.0,4,30000.0,30.0,8000.0,100.0,199,0,0,0,0,MULTIPLE_MISMATCH
CASE-2165,100000.0,70000.0,70000.0,3,0.0,0.0,8000.0,0,30000.0,30.0,8000.0,100.0,176,0,0,0,0,MULTIPLE_MISMATCH
CASE-2166,60000.0,42000.0,42000.0,4,5000.0,5000.0,13000.0,3,18000.0,30.0,8000.0,160.0,66,0,0,0,0,MULTIPLE_MISMATCH
CASE-2167,45000.0,65923.58,65923.58,4,8000.0,8000.0,8000.0,2,20923.58,46.5,0.0,0.0,0,0,0,0,0,SALARY_MISMATCH
CASE-2168,30000.0,38628.29,38628.29,6,8000.0,8000.0,8000.0,1,8628.29,28.76,0.0,0.0,0,0,0,0,0,SALARY_MISMATCH
CASE-2169,80000.0,99859.87,99859.87,2,3000.0,3000.0,3000.0,4,19859.87,24.82,0.0,0.0,0,0,0,0,0,SALARY_MISMATCH
CASE-2170,150000.0,150000.0,150000.0,3,5000.0,5000.0,0.0,0,0.0,0.0,5000.0,100.0,0,1,2,0,2,DATA_QUALITY_ISSUE
CASE-2171,80000.0,79340.68,79090.57,6,12000.0,11836.15,11910.09,2,909.43,1.14,89.91,0.75,0,0,0,0,0,CONSISTENT
CASE-2172,30000.0,29964.39,30448.29,2,0.0,0.0,0.0,0,448.29,1.49,0.0,0.0,1,0,0,0,0,CONSISTENT
CASE-2173,100000.0,100000.0,100000.0,6,5000.0,5000.0,5000.0,4,0.0,0.0,0.0,0.0,471,0,0,0,0,EMPLOYMENT_MISMATCH
CASE-2174,60000.0,42000.0,42000.0,3,20000.0,20000.0,28000.0,4,18000.0,30.0,8000.0,40.0,133,0,0,0,0,MULTIPLE_MISMATCH
CASE-2175,100000.0,84696.58,84696.58,4,5000.0,5000.0,5000.0,1,15303.42,15.3,0.0,0.0,0,0,0,0,0,SALARY_MISMATCH
CASE-2176,30000.0,30000.0,0.0,0,0.0,0.0,0.0,0,30000.0,100.0,0.0,0.0,0,1,2,0,1,DATA_QUALITY_ISSUE
CASE-2177,30000.0,25485.77,25485.77,6,5000.0,5000.0,5000.0,2,4514.23,15.05,0.0,0.0,0,0,0,0,0,SALARY_MISMATCH
CASE-2178,45000.0,35813.71,35813.71,2,20000.0,20000.0,20000.0,4,9186.29,20.41,0.0,0.0,0,0,0,0,0,SALARY_MISMATCH
CASE-2179,150000.0,114381.96,114381.96,2,5000.0,5000.0,5000.0,4,35618.04,23.75,0.0,0.0,0,0,0,0,0,SALARY_MISMATCH
CASE-2180,80000.0,80000.0,80000.0,6,0.0,7435.71,7435.71,0,0.0,0.0,7435.71,100.0,0,0,0,0,0,EMI_MISMATCH
CASE-2181,30000.0,21000.0,21000.0,2,3000.0,3000.0,11000.0,4,9000.0,30.0,8000.0,266.67,150,0,0,0,0,MULTIPLE_MISMATCH
CASE-2182,150000.0,152702.28,152749.97,5,20000.0,19678.17,19612.0,4,2749.97,1.83,388.0,1.94,0,0,0,0,0,CONSISTENT
CASE-2183,30000.0,29616.0,30003.06,5,8000.0,8111.49,7846.53,4,3.06,0.01,153.47,1.92,0,0,0,0,0,CONSISTENT
CASE-2184,100000.0,100000.0,100000.0,2,0.0,13210.35,13210.35,0,0.0,0.0,13210.35,100.0,0,0,0,0,0,EMI_MISMATCH
CASE-2185,60000.0,60418.13,59331.58,6,20000.0,19627.84,19927.4,1,668.42,1.11,72.6,0.36,1,0,0,0,0,CONSISTENT
CASE-2186,60000.0,61072.9,60011.7,3,5000.0,5077.42,4971.63,2,11.7,0.02,28.37,0.57,0,0,0,0,0,CONSISTENT
CASE-2187,100000.0,75723.78,75723.78,4,8000.0,8000.0,8000.0,2,24276.22,24.28,0.0,0.0,0,0,0,0,0,SALARY_MISMATCH
CASE-2188,45000.0,66353.5,66353.5,2,12000.0,12000.0,12000.0,1,21353.5,47.45,0.0,0.0,0,0,0,0,0,SALARY_MISMATCH
CASE-2189,45000.0,45000.0,45000.0,4,8000.0,18465.3,18465.3,2,0.0,0.0,10465.3,130.82,0,0,0,0,0,EMI_MISMATCH
CASE-2190,45000.0,45000.0,45000.0,5,8000.0,8000.0,8000.0,1,0.0,0.0,0.0,0.0,262,0,0,0,0,EMPLOYMENT_MISMATCH
CASE-2191,45000.0,31307.94,31307.94,5,3000.0,3000.0,3000.0,2,13692.06,30.43,0.0,0.0,0,0,0,0,0,SALARY_MISMATCH
CASE-2192,80000.0,63638.95,63638.95,5,3000.0,3000.0,3000.0,2,16361.05,20.45,0.0,0.0,0,0,0,0,0,SALARY_MISMATCH
CASE-2193,60000.0,42000.0,42000.0,4,5000.0,5000.0,13000.0,4,18000.0,30.0,8000.0,160.0,195,0,0,0,0,MULTIPLE_MISMATCH
CASE-2194,60000.0,79457.5,79457.5,2,12000.0,12000.0,12000.0,1,19457.5,32.43,0.0,0.0,0,0,0,0,0,SALARY_MISMATCH
CASE-2195,45000.0,45000.0,45000.0,4,5000.0,16191.41,16191.41,1,0.0,0.0,11191.41,223.83,0,0,0,0,0,EMI_MISMATCH
CASE-2196,45000.0,44214.5,44497.94,4,20000.0,20009.95,20036.72,4,502.06,1.12,36.72,0.18,0,0,0,0,0,CONSISTENT
CASE-2197,45000.0,45377.88,45060.71,6,5000.0,4928.77,4901.85,2,60.71,0.13,98.15,1.96,0,0,0,0,0,CONSISTENT
CASE-2198,60000.0,60000.0,60000.0,6,0.0,0.0,0.0,0,0.0,0.0,0.0,0.0,480,0,0,0,0,EMPLOYMENT_MISMATCH
CASE-2199,80000.0,79410.09,78678.21,4,5000.0,4944.59,4937.61,1,1321.79,1.65,62.39,1.25,0,0,0,0,0,CONSISTENT
CASE-2200,30000.0,34624.93,34624.93,2,8000.0,8000.0,8000.0,1,4624.93,15.42,0.0,0.0,0,0,0,0,0,SALARY_MISMATCH
CASE-2201,150000.0,149257.21,147378.96,5,0.0,0.0,0.0,0,2621.04,1.75,0.0,0.0,0,0,0,0,0,CONSISTENT
CASE-2202,80000.0,56000.0,56000.0,4,5000.0,5000.0,13000.0,3,24000.0,30.0,8000.0,160.0,59,0,0,0,0,MULTIPLE_MISMATCH
CASE-2203,30000.0,18911.19,18911.19,6,3000.0,3000.0,3000.0,1,11088.81,36.96,0.0,0.0,0,0,0,0,0,SALARY_MISMATCH
CASE-2204,30000.0,30000.0,30000.0,3,20000.0,20000.0,20000.0,2,0.0,0.0,0.0,0.0,201,0,0,0,0,EMPLOYMENT_MISMATCH
CASE-2205,100000.0,100000.0,100000.0,3,5000.0,5000.0,5000.0,1,0.0,0.0,0.0,0.0,362,0,0,0,0,EMPLOYMENT_MISMATCH
CASE-2206,150000.0,105000.0,105000.0,5,20000.0,20000.0,28000.0,2,45000.0,30.0,8000.0,40.0,72,0,0,0,0,MULTIPLE_MISMATCH
CASE-2207,100000.0,100024.33,100868.88,4,3000.0,3039.95,3029.13,3,868.88,0.87,29.13,0.97,0,0,0,0,0,CONSISTENT
CASE-2208,30000.0,21000.0,21000.0,6,8000.0,8000.0,16000.0,4,9000.0,30.0,8000.0,100.0,85,0,0,0,0,MULTIPLE_MISMATCH
CASE-2209,100000.0,100000.0,100000.0,2,0.0,12707.57,12707.57,0,0.0,0.0,12707.57,100.0,0,0,0,0,0,EMI_MISMATCH
CASE-2210,45000.0,45000.0,45000.0,2,8000.0,15050.9,15050.9,3,0.0,0.0,7050.9,88.14,0,0,0,0,0,EMI_MISMATCH
CASE-2211,80000.0,56000.0,56000.0,4,5000.0,5000.0,13000.0,4,24000.0,30.0,8000.0,160.0,139,0,0,0,0,MULTIPLE_MISMATCH
CASE-2212,80000.0,99954.92,99954.92,6,3000.0,3000.0,3000.0,1,19954.92,24.94,0.0,0.0,0,0,0,0,0,SALARY_MISMATCH
CASE-2213,45000.0,44794.55,45867.74,6,8000.0,7965.15,7865.59,3,867.74,1.93,134.41,1.68,1,0,0,0,0,CONSISTENT
CASE-2214,100000.0,98641.28,99128.62,6,8000.0,7914.64,8074.9,3,871.38,0.87,74.9,0.94,0,0,0,0,0,CONSISTENT
CASE-2215,30000.0,30312.79,29976.87,3,8000.0,8138.1,8066.52,4,23.13,0.08,66.52,0.83,0,0,0,0,0,CONSISTENT
CASE-2216,150000.0,150000.0,150000.0,2,0.0,0.0,0.0,0,0.0,0.0,0.0,0.0,230,0,0,0,0,EMPLOYMENT_MISMATCH
CASE-2217,60000.0,60851.08,59353.19,3,20000.0,19862.05,19767.91,3,646.81,1.08,232.09,1.16,0,0,0,0,0,CONSISTENT
CASE-2218,150000.0,214815.61,214815.61,2,12000.0,12000.0,12000.0,2,64815.61,43.21,0.0,0.0,0,0,0,0,0,SALARY_MISMATCH
CASE-2219,80000.0,80289.22,78624.38,3,3000.0,2943.16,2971.32,4,1375.62,1.72,28.68,0.96,0,0,0,0,0,CONSISTENT
CASE-2220,100000.0,134468.27,134468.27,3,5000.0,5000.0,5000.0,1,34468.27,34.47,0.0,0.0,0,0,0,0,0,SALARY_MISMATCH
CASE-2221,150000.0,190306.14,190306.14,6,12000.0,12000.0,12000.0,2,40306.14,26.87,0.0,0.0,0,0,0,0,0,SALARY_MISMATCH
CASE-2222,150000.0,149033.82,147858.49,5,20000.0,20286.31,19847.09,4,2141.51,1.43,152.91,0.76,0,0,0,0,0,CONSISTENT
CASE-2223,60000.0,60000.0,60000.0,4,12000.0,15521.59,15521.59,2,0.0,0.0,3521.59,29.35,0,0,0,0,0,EMI_MISMATCH
CASE-2224,60000.0,60949.95,58938.69,2,3000.0,2956.88,3026.0,1,1061.31,1.77,26.0,0.87,0,0,0,0,0,CONSISTENT
CASE-2225,45000.0,59731.63,59731.63,6,8000.0,8000.0,8000.0,3,14731.63,32.74,0.0,0.0,0,0,0,0,0,SALARY_MISMATCH
CASE-2226,100000.0,101054.46,99033.06,4,12000.0,11990.78,12236.17,3,966.94,0.97,236.17,1.97,1,0,0,0,0,CONSISTENT
CASE-2227,80000.0,80000.0,80000.0,6,20000.0,24844.33,24844.33,4,0.0,0.0,4844.33,24.22,0,0,0,0,0,EMI_MISMATCH
CASE-2228,45000.0,27750.84,27750.84,5,8000.0,8000.0,8000.0,3,17249.16,38.33,0.0,0.0,0,0,0,0,0,SALARY_MISMATCH
CASE-2229,60000.0,60000.0,60000.0,4,20000.0,26501.46,26501.46,2,0.0,0.0,6501.46,32.51,0,0,0,0,0,EMI_MISMATCH
CASE-2230,80000.0,80000.0,80000.0,4,8000.0,17620.37,17620.37,2,0.0,0.0,9620.37,120.25,0,0,0,0,0,EMI_MISMATCH
CASE-2231,60000.0,37826.34,37826.34,5,12000.0,12000.0,12000.0,3,22173.66,36.96,0.0,0.0,0,0,0,0,0,SALARY_MISMATCH
CASE-2232,150000.0,148811.01,150901.78,2,20000.0,19863.2,19913.16,2,901.78,0.6,86.84,0.43,0,0,0,0,0,CONSISTENT
CASE-2233,60000.0,60373.0,58819.84,4,8000.0,8089.59,8053.32,4,1180.16,1.97,53.32,0.67,0,0,0,0,0,CONSISTENT
CASE-2234,100000.0,101193.09,101133.35,6,12000.0,11929.11,11903.49,2,1133.35,1.13,96.51,0.8,0,0,0,0,0,CONSISTENT
CASE-2235,100000.0,100000.0,100000.0,3,0.0,3074.67,3074.67,0,0.0,0.0,3074.67,100.0,0,0,0,0,0,EMI_MISMATCH
CASE-2236,100000.0,100048.07,101968.97,3,5000.0,5030.52,4912.26,2,1968.97,1.97,87.74,1.75,0,0,0,0,0,CONSISTENT
CASE-2237,100000.0,139143.74,139143.74,3,0.0,0.0,0.0,0,39143.74,39.14,0.0,0.0,0,0,0,0,0,SALARY_MISMATCH
CASE-2238,150000.0,175885.76,175885.76,4,12000.0,12000.0,12000.0,2,25885.76,17.26,0.0,0.0,0,0,0,0,0,SALARY_MISMATCH
CASE-2239,30000.0,30000.0,30000.0,4,20000.0,28574.65,28574.65,2,0.0,0.0,8574.65,42.87,0,0,0,0,0,EMI_MISMATCH
CASE-2240,150000.0,150000.0,150000.0,3,20000.0,20000.0,20000.0,1,0.0,0.0,0.0,0.0,370,0,0,0,0,EMPLOYMENT_MISMATCH
CASE-2241,60000.0,42000.0,42000.0,4,20000.0,20000.0,28000.0,3,18000.0,30.0,8000.0,40.0,52,0,0,0,0,MULTIPLE_MISMATCH
CASE-2242,60000.0,42000.0,42000.0,4,8000.0,8000.0,16000.0,4,18000.0,30.0,8000.0,100.0,153,0,0,0,0,MULTIPLE_MISMATCH
CASE-2243,45000.0,45000.0,45000.0,3,5000.0,16312.61,16312.61,3,0.0,0.0,11312.61,226.25,0,0,0,0,0,EMI_MISMATCH
CASE-2244,45000.0,45750.25,45108.31,2,12000.0,11833.84,12140.85,1,108.31,0.24,140.85,1.17,1,0,0,0,0,CONSISTENT
CASE-2245,100000.0,70000.0,70000.0,5,20000.0,20000.0,28000.0,2,30000.0,30.0,8000.0,40.0,132,0,0,0,0,MULTIPLE_MISMATCH
CASE-2246,45000.0,45000.0,45000.0,4,0.0,2444.28,2444.28,0,0.0,0.0,2444.28,100.0,0,0,0,0,0,EMI_MISMATCH
CASE-2247,80000.0,78423.27,78594.92,3,3000.0,2991.46,2987.92,1,1405.08,1.76,12.08,0.4,0,0,0,0,0,CONSISTENT
CASE-2248,150000.0,148047.9,152092.75,4,3000.0,2975.78,3011.83,4,2092.75,1.4,11.83,0.39,0,0,0,0,0,CONSISTENT
CASE-2249,150000.0,123557.58,123557.58,6,0.0,0.0,0.0,0,26442.42,17.63,0.0,0.0,0,0,0,0,0,SALARY_MISMATCH
CASE-2250,30000.0,30000.0,0.0,0,3000.0,3000.0,0.0,0,30000.0,100.0,3000.0,100.0,0,2,3,0,0,DATA_QUALITY_ISSUE
CASE-2251,60000.0,42000.0,42000.0,3,8000.0,8000.0,16000.0,1,18000.0,30.0,8000.0,100.0,93,0,0,0,0,MULTIPLE_MISMATCH
CASE-2252,60000.0,60000.0,60000.0,2,5000.0,5000.0,5000.0,4,0.0,0.0,0.0,0.0,346,0,0,0,0,EMPLOYMENT_MISMATCH
CASE-2253,100000.0,70000.0,70000.0,3,8000.0,8000.0,16000.0,4,30000.0,30.0,8000.0,100.0,106,0,0,0,0,MULTIPLE_MISMATCH
CASE-2254,45000.0,45000.0,45000.0,2,3000.0,14519.78,14519.78,3,0.0,0.0,11519.78,383.99,0,0,0,0,0,EMI_MISMATCH
CASE-2255,150000.0,150000.0,150000.0,2,20000.0,20000.0,20000.0,2,0.0,0.0,0.0,0.0,328,0,0,0,0,EMPLOYMENT_MISMATCH
CASE-2256,150000.0,150084.48,151975.09,6,0.0,0.0,0.0,0,1975.09,1.32,0.0,0.0,0,0,0,0,0,CONSISTENT
CASE-2257,60000.0,80068.49,80068.49,4,8000.0,8000.0,8000.0,2,20068.49,33.45,0.0,0.0,0,0,0,0,0,SALARY_MISMATCH
CASE-2258,100000.0,101312.17,98630.0,6,0.0,0.0,0.0,0,1370.0,1.37,0.0,0.0,1,0,0,0,0,CONSISTENT
CASE-2259,150000.0,150000.0,150000.0,2,20000.0,33016.28,33016.28,4,0.0,0.0,13016.28,65.08,0,0,0,0,0,EMI_MISMATCH
CASE-2260,60000.0,77838.42,77838.42,3,8000.0,8000.0,8000.0,4,17838.42,29.73,0.0,0.0,0,0,0,0,0,SALARY_MISMATCH
CASE-2261,150000.0,150000.0,150000.0,6,20000.0,20000.0,20000.0,1,0.0,0.0,0.0,0.0,495,0,0,0,0,EMPLOYMENT_MISMATCH
CASE-2262,150000.0,150000.0,150000.0,4,8000.0,11144.08,11144.08,4,0.0,0.0,3144.08,39.3,0,0,0,0,0,EMI_MISMATCH
CASE-2263,30000.0,21000.0,21000.0,3,3000.0,3000.0,11000.0,4,9000.0,30.0,8000.0,266.67,109,0,0,0,0,MULTIPLE_MISMATCH
CASE-2264,80000.0,80000.0,80000.0,5,8000.0,8000.0,8000.0,3,0.0,0.0,0.0,0.0,36,0,0,0,0,EMPLOYMENT_MISMATCH
CASE-2265,150000.0,151860.75,148596.95,4,20000.0,19772.1,20260.3,3,1403.05,0.94,260.3,1.3,0,0,0,0,0,CONSISTENT
CASE-2266,45000.0,45000.0,0.0,0,8000.0,8000.0,0.0,0,45000.0,100.0,8000.0,100.0,0,1,1,0,2,DATA_QUALITY_ISSUE
CASE-2267,150000.0,148020.78,151571.32,5,12000.0,12131.27,12180.06,4,1571.32,1.05,180.06,1.5,0,0,0,0,0,CONSISTENT
CASE-2268,150000.0,148285.53,149045.3,3,12000.0,12136.78,11852.18,4,954.7,0.64,147.82,1.23,1,0,0,0,0,CONSISTENT
CASE-2269,60000.0,60000.0,60000.0,3,3000.0,17403.22,17403.22,1,0.0,0.0,14403.22,480.11,0,0,0,0,0,EMI_MISMATCH
CASE-2270,30000.0,30000.0,30000.0,3,12000.0,12000.0,12000.0,2,0.0,0.0,0.0,0.0,185,0,0,0,0,EMPLOYMENT_MISMATCH
CASE-2271,150000.0,176004.39,176004.39,5,20000.0,20000.0,20000.0,3,26004.39,17.34,0.0,0.0,0,0,0,0,0,SALARY_MISMATCH
CASE-2272,100000.0,99575.91,99061.25,6,0.0,0.0,0.0,0,938.75,0.94,0.0,0.0,1,0,0,0,0,CONSISTENT
CASE-2273,80000.0,80465.28,80599.59,2,8000.0,7959.21,7923.97,1,599.59,0.75,76.03,0.95,1,0,0,0,0,CONSISTENT
CASE-2274,45000.0,45000.0,45000.0,4,5000.0,5000.0,5000.0,4,0.0,0.0,0.0,0.0,119,0,0,0,0,EMPLOYMENT_MISMATCH
CASE-2275,80000.0,80000.0,80000.0,6,8000.0,19125.31,19125.31,4,0.0,0.0,11125.31,139.07,0,0,0,0,0,EMI_MISMATCH
CASE-2276,45000.0,31500.0,31500.0,6,12000.0,12000.0,20000.0,2,13500.0,30.0,8000.0,66.67,66,0,0,0,0,MULTIPLE_MISMATCH
CASE-2277,30000.0,30000.0,30000.0,3,12000.0,16648.33,16648.33,4,0.0,0.0,4648.33,38.74,0,0,0,0,0,EMI_MISMATCH
CASE-2278,80000.0,81445.65,80930.47,4,8000.0,7959.66,8020.1,4,930.47,1.16,20.1,0.25,0,0,0,0,0,CONSISTENT
CASE-2279,45000.0,45404.84,44884.89,4,8000.0,8041.61,7948.98,3,115.11,0.26,51.02,0.64,1,0,0,0,0,CONSISTENT
CASE-2280,80000.0,79994.01,80254.52,6,0.0,0.0,0.0,0,254.52,0.32,0.0,0.0,1,0,0,0,0,CONSISTENT
CASE-2281,150000.0,147503.39,147313.66,3,0.0,0.0,0.0,0,2686.34,1.79,0.0,0.0,0,0,0,0,0,CONSISTENT
CASE-2282,60000.0,59049.06,60751.03,2,20000.0,19631.1,20127.15,2,751.03,1.25,127.15,0.64,0,0,0,0,0,CONSISTENT
CASE-2283,60000.0,59963.98,59533.38,4,8000.0,8005.64,7962.23,4,466.62,0.78,37.77,0.47,0,0,0,0,0,CONSISTENT
CASE-2284,150000.0,150000.0,150000.0,4,20000.0,34960.88,34960.88,4,0.0,0.0,14960.88,74.8,0,0,0,0,0,EMI_MISMATCH
CASE-2285,45000.0,27064.19,27064.19,3,8000.0,8000.0,8000.0,4,17935.81,39.86,0.0,0.0,0,0,0,0,0,SALARY_MISMATCH
CASE-2286,30000.0,39269.84,39269.84,3,12000.0,12000.0,12000.0,1,9269.84,30.9,0.0,0.0,0,0,0,0,0,SALARY_MISMATCH
CASE-2287,150000.0,150000.0,150000.0,4,0.0,0.0,0.0,0,0.0,0.0,0.0,0.0,282,0,0,0,0,EMPLOYMENT_MISMATCH
CASE-2288,80000.0,80000.0,80000.0,2,3000.0,3000.0,3000.0,3,0.0,0.0,0.0,0.0,327,0,0,0,0,EMPLOYMENT_MISMATCH
CASE-2289,150000.0,150000.0,150000.0,5,12000.0,12000.0,0.0,0,0.0,0.0,12000.0,100.0,0,2,3,0,2,DATA_QUALITY_ISSUE
CASE-2290,45000.0,45000.0,0.0,0,8000.0,8000.0,8000.0,3,45000.0,100.0,0.0,0.0,0,1,2,0,0,DATA_QUALITY_ISSUE
CASE-2291,150000.0,150000.0,150000.0,5,3000.0,11726.62,11726.62,2,0.0,0.0,8726.62,290.89,0,0,0,0,0,EMI_MISMATCH
CASE-2292,45000.0,66359.09,66359.09,4,3000.0,3000.0,3000.0,2,21359.09,47.46,0.0,0.0,0,0,0,0,0,SALARY_MISMATCH
CASE-2293,60000.0,60815.44,61193.21,4,3000.0,2975.11,2982.93,4,1193.21,1.99,17.07,0.57,0,0,0,0,0,CONSISTENT
CASE-2294,150000.0,150000.0,0.0,0,20000.0,20000.0,0.0,0,150000.0,100.0,20000.0,100.0,0,2,3,0,2,DATA_QUALITY_ISSUE
CASE-2295,100000.0,100947.99,98712.08,3,8000.0,8103.9,7928.36,1,1287.92,1.29,71.64,0.9,0,0,0,0,0,CONSISTENT
CASE-2296,60000.0,60000.0,0.0,0,0.0,0.0,0.0,0,60000.0,100.0,0.0,0.0,0,2,2,0,2,DATA_QUALITY_ISSUE
CASE-2297,30000.0,21000.0,21000.0,4,5000.0,5000.0,13000.0,1,9000.0,30.0,8000.0,160.0,151,0,0,0,0,MULTIPLE_MISMATCH
CASE-2298,60000.0,37137.5,37137.5,6,20000.0,20000.0,20000.0,3,22862.5,38.1,0.0,0.0,0,0,0,0,0,SALARY_MISMATCH
CASE-2299,45000.0,31500.0,31500.0,2,8000.0,8000.0,16000.0,2,13500.0,30.0,8000.0,100.0,147,0,0,0,0,MULTIPLE_MISMATCH
CASE-2300,30000.0,30000.0,30000.0,4,0.0,0.0,0.0,0,0.0,0.0,0.0,0.0,220,0,0,0,0,EMPLOYMENT_MISMATCH
CASE-2301,150000.0,150000.0,150000.0,5,12000.0,12000.0,12000.0,4,0.0,0.0,0.0,0.0,204,0,0,0,0,EMPLOYMENT_MISMATCH
CASE-2302,30000.0,30280.35,30150.03,3,3000.0,3042.48,3036.3,1,150.03,0.5,36.3,1.21,0,0,0,0,0,CONSISTENT
CASE-2303,80000.0,78726.64,80324.51,3,3000.0,3044.86,2954.38,2,324.51,0.41,45.62,1.52,0,0,0,0,0,CONSISTENT
CASE-2304,30000.0,43050.16,43050.16,6,5000.0,5000.0,5000.0,1,13050.16,43.5,0.0,0.0,0,0,0,0,0,SALARY_MISMATCH
CASE-2305,45000.0,25775.95,25775.95,2,20000.0,20000.0,20000.0,1,19224.05,42.72,0.0,0.0,0,0,0,0,0,SALARY_MISMATCH
CASE-2306,45000.0,44731.66,45774.95,2,20000.0,20239.74,19946.24,4,774.95,1.72,53.76,0.27,0,0,0,0,0,CONSISTENT
CASE-2307,80000.0,106777.62,106777.62,4,3000.0,3000.0,3000.0,3,26777.62,33.47,0.0,0.0,0,0,0,0,0,SALARY_MISMATCH
CASE-2308,60000.0,37898.33,37898.33,5,0.0,0.0,0.0,0,22101.67,36.84,0.0,0.0,0,0,0,0,0,SALARY_MISMATCH
CASE-2309,80000.0,80000.0,80000.0,6,5000.0,15370.62,15370.62,3,0.0,0.0,10370.62,207.41,0,0,0,0,0,EMI_MISMATCH
CASE-2310,45000.0,45000.0,45000.0,3,12000.0,20082.04,20082.04,3,0.0,0.0,8082.04,67.35,0,0,0,0,0,EMI_MISMATCH
CASE-2311,100000.0,100000.0,100000.0,2,0.0,13609.02,13609.02,0,0.0,0.0,13609.02,100.0,0,0,0,0,0,EMI_MISMATCH
CASE-2312,60000.0,60000.0,60000.0,2,3000.0,3000.0,3000.0,2,0.0,0.0,0.0,0.0,95,0,0,0,0,EMPLOYMENT_MISMATCH
CASE-2313,80000.0,80000.0,80000.0,3,0.0,0.0,0.0,0,0.0,0.0,0.0,0.0,382,0,0,0,0,EMPLOYMENT_MISMATCH
CASE-2314,100000.0,100083.26,99074.23,3,8000.0,8088.51,8016.71,3,925.77,0.93,16.71,0.21,0,0,0,0,0,CONSISTENT
CASE-2315,45000.0,45000.0,45000.0,3,12000.0,18678.47,18678.47,2,0.0,0.0,6678.47,55.65,0,0,0,0,0,EMI_MISMATCH
CASE-2316,45000.0,45000.0,0.0,0,3000.0,3000.0,0.0,0,45000.0,100.0,3000.0,100.0,0,1,1,0,0,DATA_QUALITY_ISSUE
CASE-2317,45000.0,45000.0,45000.0,2,3000.0,7213.5,7213.5,2,0.0,0.0,4213.5,140.45,0,0,0,0,0,EMI_MISMATCH
CASE-2318,150000.0,150000.0,150000.0,2,0.0,2818.63,2818.63,0,0.0,0.0,2818.63,100.0,0,0,0,0,0,EMI_MISMATCH
CASE-2319,30000.0,21000.0,21000.0,2,3000.0,3000.0,11000.0,1,9000.0,30.0,8000.0,266.67,135,0,0,0,0,MULTIPLE_MISMATCH
CASE-2320,45000.0,59563.19,59563.19,2,8000.0,8000.0,8000.0,3,14563.19,32.36,0.0,0.0,0,0,0,0,0,SALARY_MISMATCH
CASE-2321,60000.0,61038.35,60251.88,4,12000.0,12076.56,11952.86,1,251.88,0.42,47.14,0.39,0,0,0,0,0,CONSISTENT
CASE-2322,45000.0,31500.0,31500.0,2,20000.0,20000.0,28000.0,2,13500.0,30.0,8000.0,40.0,165,0,0,0,0,MULTIPLE_MISMATCH
CASE-2323,30000.0,30000.0,30000.0,3,8000.0,8000.0,8000.0,2,0.0,0.0,0.0,0.0,373,0,0,0,0,EMPLOYMENT_MISMATCH
CASE-2324,45000.0,60174.74,60174.74,4,0.0,0.0,0.0,0,15174.74,33.72,0.0,0.0,0,0,0,0,0,SALARY_MISMATCH
CASE-2325,100000.0,99063.58,99753.76,3,12000.0,11774.54,12129.91,3,246.24,0.25,129.91,1.08,0,0,0,0,0,CONSISTENT
CASE-2326,80000.0,80000.0,80000.0,4,5000.0,14098.65,14098.65,2,0.0,0.0,9098.65,181.97,0,0,0,0,0,EMI_MISMATCH
CASE-2327,100000.0,100000.0,100000.0,6,5000.0,12581.2,12581.2,2,0.0,0.0,7581.2,151.62,0,0,0,0,0,EMI_MISMATCH
CASE-2328,150000.0,207997.44,207997.44,6,3000.0,3000.0,3000.0,1,57997.44,38.66,0.0,0.0,0,0,0,0,0,SALARY_MISMATCH
CASE-2329,150000.0,150000.0,150000.0,6,5000.0,5000.0,5000.0,1,0.0,0.0,0.0,0.0,300,0,0,0,0,EMPLOYMENT_MISMATCH
CASE-2330,30000.0,30581.09,30398.11,3,12000.0,11985.5,12026.21,2,398.11,1.33,26.21,0.22,0,0,0,0,0,CONSISTENT
CASE-2331,30000.0,21000.0,21000.0,3,20000.0,20000.0,28000.0,1,9000.0,30.0,8000.0,40.0,200,0,0,0,0,MULTIPLE_MISMATCH
CASE-2332,80000.0,81471.73,80571.35,2,20000.0,20056.45,20356.5,2,571.35,0.71,356.5,1.78,1,0,0,0,0,CONSISTENT
CASE-2333,150000.0,221474.43,221474.43,4,20000.0,20000.0,20000.0,2,71474.43,47.65,0.0,0.0,0,0,0,0,0,SALARY_MISMATCH
CASE-2334,45000.0,45336.51,45525.43,2,5000.0,5016.6,5081.78,2,525.43,1.17,81.78,1.64,0,0,0,0,0,CONSISTENT
CASE-2335,100000.0,100000.0,100000.0,5,5000.0,5000.0,0.0,0,0.0,0.0,5000.0,100.0,0,1,3,0,0,DATA_QUALITY_ISSUE
CASE-2336,60000.0,60000.0,60000.0,4,20000.0,28979.29,28979.29,1,0.0,0.0,8979.29,44.9,0,0,0,0,0,EMI_MISMATCH
CASE-2337,150000.0,105000.0,105000.0,5,12000.0,12000.0,20000.0,1,45000.0,30.0,8000.0,66.67,148,0,0,0,0,MULTIPLE_MISMATCH
CASE-2338,45000.0,45000.0,45000.0,3,5000.0,12102.84,12102.84,4,0.0,0.0,7102.84,142.06,0,0,0,0,0,EMI_MISMATCH
CASE-2339,80000.0,79844.5,80004.63,4,20000.0,20016.66,19958.69,3,4.63,0.01,41.31,0.21,0,0,0,0,0,CONSISTENT
CASE-2340,30000.0,29518.24,30308.96,2,3000.0,2966.82,2946.68,3,308.96,1.03,53.32,1.78,1,0,0,0,0,CONSISTENT
CASE-2341,150000.0,150000.0,150000.0,2,8000.0,8000.0,8000.0,4,0.0,0.0,0.0,0.0,175,0,0,0,0,EMPLOYMENT_MISMATCH
CASE-2342,80000.0,80607.89,79471.15,5,5000.0,5039.1,5039.73,3,528.85,0.66,39.73,0.79,1,0,0,0,0,CONSISTENT
CASE-2343,100000.0,100000.0,100000.0,3,20000.0,20000.0,20000.0,4,0.0,0.0,0.0,0.0,178,0,0,0,0,EMPLOYMENT_MISMATCH
CASE-2344,80000.0,56000.0,56000.0,5,12000.0,12000.0,20000.0,2,24000.0,30.0,8000.0,66.67,32,0,0,0,0,MULTIPLE_MISMATCH
CASE-2345,100000.0,125767.93,125767.93,5,20000.0,20000.0,20000.0,3,25767.93,25.77,0.0,0.0,0,0,0,0,0,SALARY_MISMATCH
CASE-2346,80000.0,79092.16,80983.01,5,8000.0,8082.37,7954.22,1,983.01,1.23,45.78,0.57,1,0,0,0,0,CONSISTENT
CASE-2347,150000.0,150000.0,150000.0,5,8000.0,8000.0,0.0,0,0.0,0.0,8000.0,100.0,0,1,1,0,1,DATA_QUALITY_ISSUE
CASE-2348,60000.0,75946.69,75946.69,2,5000.0,5000.0,5000.0,2,15946.69,26.58,0.0,0.0,0,0,0,0,0,SALARY_MISMATCH
CASE-2349,30000.0,29755.73,29736.16,3,5000.0,4929.2,4957.84,3,263.84,0.88,42.16,0.84,0,0,0,0,0,CONSISTENT
CASE-2350,100000.0,100877.88,99344.66,6,20000.0,19832.23,20032.95,4,655.34,0.66,32.95,0.16,0,0,0,0,0,CONSISTENT
CASE-2351,150000.0,150080.28,151951.93,3,12000.0,12151.59,12208.7,4,1951.93,1.3,208.7,1.74,1,0,0,0,0,CONSISTENT
CASE-2352,100000.0,70000.0,70000.0,4,20000.0,20000.0,28000.0,3,30000.0,30.0,8000.0,40.0,179,0,0,0,0,MULTIPLE_MISMATCH
CASE-2353,45000.0,45000.0,45000.0,5,8000.0,20337.82,20337.82,3,0.0,0.0,12337.82,154.22,0,0,0,0,0,EMI_MISMATCH
CASE-2354,45000.0,45000.0,45000.0,5,0.0,0.0,0.0,0,0.0,0.0,0.0,0.0,0,2,2,0,2,DATA_QUALITY_ISSUE
CASE-2355,150000.0,150000.0,150000.0,2,0.0,10188.97,10188.97,0,0.0,0.0,10188.97,100.0,0,0,0,0,0,EMI_MISMATCH
CASE-2356,60000.0,59036.39,59436.3,2,8000.0,7998.42,8110.89,3,563.7,0.94,110.89,1.39,1,0,0,0,0,CONSISTENT
CASE-2357,100000.0,80136.4,80136.4,5,20000.0,20000.0,20000.0,2,19863.6,19.86,0.0,0.0,0,0,0,0,0,SALARY_MISMATCH
CASE-2358,80000.0,78927.15,79524.34,3,20000.0,19811.89,19879.89,1,475.66,0.59,120.11,0.6,0,0,0,0,0,CONSISTENT
CASE-2359,30000.0,30000.0,30000.0,2,3000.0,3000.0,3000.0,1,0.0,0.0,0.0,0.0,285,0,0,0,0,EMPLOYMENT_MISMATCH
CASE-2360,100000.0,100000.0,100000.0,2,5000.0,17465.23,17465.23,2,0.0,0.0,12465.23,249.3,0,0,0,0,0,EMI_MISMATCH
CASE-2361,60000.0,84233.18,84233.18,5,12000.0,12000.0,12000.0,3,24233.18,40.39,0.0,0.0,0,0,0,0,0,SALARY_MISMATCH
CASE-2362,150000.0,152935.11,149774.17,6,3000.0,2948.92,3057.28,1,225.83,0.15,57.28,1.91,0,0,0,0,0,CONSISTENT
CASE-2363,45000.0,31500.0,31500.0,6,20000.0,20000.0,28000.0,4,13500.0,30.0,8000.0,40.0,134,0,0,0,0,MULTIPLE_MISMATCH
CASE-2364,30000.0,21000.0,21000.0,3,5000.0,5000.0,13000.0,3,9000.0,30.0,8000.0,160.0,184,0,0,0,0,MULTIPLE_MISMATCH
CASE-2365,30000.0,23281.74,23281.74,5,12000.0,12000.0,12000.0,4,6718.26,22.39,0.0,0.0,0,0,0,0,0,SALARY_MISMATCH
CASE-2366,100000.0,100000.0,100000.0,6,20000.0,26037.81,26037.81,3,0.0,0.0,6037.81,30.19,0,0,0,0,0,EMI_MISMATCH
CASE-2367,80000.0,43242.19,43242.19,6,12000.0,12000.0,12000.0,1,36757.81,45.95,0.0,0.0,0,0,0,0,0,SALARY_MISMATCH
CASE-2368,60000.0,45725.67,45725.67,2,3000.0,3000.0,3000.0,4,14274.33,23.79,0.0,0.0,0,0,0,0,0,SALARY_MISMATCH
CASE-2369,30000.0,30000.0,30000.0,2,0.0,10465.57,10465.57,0,0.0,0.0,10465.57,100.0,0,0,0,0,0,EMI_MISMATCH
CASE-2370,60000.0,42000.0,42000.0,5,3000.0,3000.0,11000.0,4,18000.0,30.0,8000.0,266.67,95,0,0,0,0,MULTIPLE_MISMATCH
CASE-2371,30000.0,29493.89,30345.74,5,3000.0,3040.26,2959.52,4,345.74,1.15,40.48,1.35,1,0,0,0,0,CONSISTENT
CASE-2372,30000.0,21000.0,21000.0,2,3000.0,3000.0,11000.0,1,9000.0,30.0,8000.0,266.67,60,0,0,0,0,MULTIPLE_MISMATCH
CASE-2373,60000.0,42195.77,42195.77,6,0.0,0.0,0.0,0,17804.23,29.67,0.0,0.0,0,0,0,0,0,SALARY_MISMATCH
CASE-2374,80000.0,80016.52,80100.26,4,8000.0,8097.79,8093.23,2,100.26,0.13,93.23,1.17,1,0,0,0,0,CONSISTENT
CASE-2375,45000.0,45000.0,45000.0,5,12000.0,24113.8,24113.8,2,0.0,0.0,12113.8,100.95,0,0,0,0,0,EMI_MISMATCH
CASE-2376,80000.0,110310.08,110310.08,4,5000.0,5000.0,5000.0,4,30310.08,37.89,0.0,0.0,0,0,0,0,0,SALARY_MISMATCH
CASE-2377,100000.0,100000.0,0.0,0,8000.0,8000.0,0.0,0,100000.0,100.0,8000.0,100.0,0,2,2,0,2,DATA_QUALITY_ISSUE
CASE-2378,60000.0,61167.47,60516.18,5,5000.0,5022.93,4909.41,3,516.18,0.86,90.59,1.81,1,0,0,0,0,CONSISTENT
CASE-2379,60000.0,42000.0,42000.0,6,12000.0,12000.0,20000.0,4,18000.0,30.0,8000.0,66.67,172,0,0,0,0,MULTIPLE_MISMATCH
CASE-2380,100000.0,135301.35,135301.35,4,12000.0,12000.0,12000.0,3,35301.35,35.3,0.0,0.0,0,0,0,0,0,SALARY_MISMATCH
CASE-2381,30000.0,30000.0,30000.0,2,5000.0,5000.0,5000.0,1,0.0,0.0,0.0,0.0,95,0,0,0,0,EMPLOYMENT_MISMATCH
CASE-2382,30000.0,30000.0,30000.0,4,20000.0,22120.28,22120.28,3,0.0,0.0,2120.28,10.6,0,0,0,0,0,EMI_MISMATCH
CASE-2383,60000.0,47212.52,47212.52,6,3000.0,3000.0,3000.0,1,12787.48,21.31,0.0,0.0,0,0,0,0,0,SALARY_MISMATCH
CASE-2384,30000.0,21000.0,21000.0,4,3000.0,3000.0,11000.0,4,9000.0,30.0,8000.0,266.67,39,0,0,0,0,MULTIPLE_MISMATCH
CASE-2385,150000.0,148782.58,147325.63,5,20000.0,20077.3,19669.49,3,2674.37,1.78,330.51,1.65,0,0,0,0,0,CONSISTENT
CASE-2386,80000.0,80000.0,80000.0,5,0.0,0.0,0.0,0,0.0,0.0,0.0,0.0,209,0,0,0,0,EMPLOYMENT_MISMATCH
CASE-2387,100000.0,100565.57,101080.53,2,12000.0,11827.95,12160.38,2,1080.53,1.08,160.38,1.34,0,0,0,0,0,CONSISTENT
CASE-2388,45000.0,45871.55,44154.61,3,0.0,0.0,0.0,0,845.39,1.88,0.0,0.0,0,0,0,0,0,CONSISTENT
CASE-2389,100000.0,100000.0,100000.0,6,8000.0,8000.0,8000.0,1,0.0,0.0,0.0,0.0,0,1,2,0,0,DATA_QUALITY_ISSUE
CASE-2390,80000.0,80000.0,80000.0,4,3000.0,8553.28,8553.28,1,0.0,0.0,5553.28,185.11,0,0,0,0,0,EMI_MISMATCH
CASE-2391,60000.0,60000.0,0.0,0,0.0,0.0,0.0,0,60000.0,100.0,0.0,0.0,0,2,3,0,2,DATA_QUALITY_ISSUE
CASE-2392,150000.0,150000.0,150000.0,5,0.0,5419.91,5419.91,0,0.0,0.0,5419.91,100.0,0,0,0,0,0,EMI_MISMATCH
CASE-2393,80000.0,80000.0,80000.0,6,8000.0,10011.78,10011.78,1,0.0,0.0,2011.78,25.15,0,0,0,0,0,EMI_MISMATCH
CASE-2394,150000.0,150000.0,150000.0,4,20000.0,20000.0,20000.0,4,0.0,0.0,0.0,0.0,322,0,0,0,0,EMPLOYMENT_MISMATCH
CASE-2395,150000.0,149855.44,147267.42,5,20000.0,20376.46,20172.85,3,2732.58,1.82,172.85,0.86,0,0,0,0,0,CONSISTENT
CASE-2396,80000.0,79835.34,80403.98,5,0.0,0.0,0.0,0,403.98,0.5,0.0,0.0,0,0,0,0,0,CONSISTENT
CASE-2397,60000.0,58974.11,60415.69,3,8000.0,8104.06,7937.56,3,415.69,0.69,62.44,0.78,1,0,0,0,0,CONSISTENT
CASE-2398,45000.0,45000.0,45000.0,6,3000.0,3000.0,3000.0,3,0.0,0.0,0.0,0.0,0,1,3,0,1,DATA_QUALITY_ISSUE
CASE-2399,80000.0,80000.0,80000.0,5,0.0,7805.82,7805.82,0,0.0,0.0,7805.82,100.0,0,0,0,0,0,EMI_MISMATCH
CASE-2400,30000.0,17986.59,17986.59,2,0.0,0.0,0.0,0,12013.41,40.04,0.0,0.0,0,0,0,0,0,SALARY_MISMATCH
CASE-2401,100000.0,100000.0,100000.0,6,12000.0,12000.0,12000.0,2,0.0,0.0,0.0,0.0,177,0,0,0,0,EMPLOYMENT_MISMATCH
CASE-2402,150000.0,105000.0,105000.0,4,12000.0,12000.0,20000.0,1,45000.0,30.0,8000.0,66.67,91,0,0,0,0,MULTIPLE_MISMATCH
CASE-2403,150000.0,150000.0,150000.0,6,0.0,4690.82,4690.82,0,0.0,0.0,4690.82,100.0,0,0,0,0,0,EMI_MISMATCH
CASE-2404,100000.0,70000.0,70000.0,5,5000.0,5000.0,13000.0,2,30000.0,30.0,8000.0,160.0,174,0,0,0,0,MULTIPLE_MISMATCH
CASE-2405,45000.0,45339.78,45307.79,2,12000.0,11836.89,11763.74,1,307.79,0.68,236.26,1.97,0,0,0,0,0,CONSISTENT
CASE-2406,150000.0,150000.0,150000.0,4,0.0,0.0,0.0,0,0.0,0.0,0.0,0.0,64,0,0,0,0,EMPLOYMENT_MISMATCH
CASE-2407,80000.0,79562.64,80004.32,6,12000.0,11780.83,11927.27,4,4.32,0.01,72.73,0.61,1,0,0,0,0,CONSISTENT
CASE-2408,60000.0,59914.25,59988.76,3,20000.0,19942.15,20364.82,3,11.24,0.02,364.82,1.82,0,0,0,0,0,CONSISTENT
CASE-2409,100000.0,100944.07,100227.38,4,5000.0,5085.8,4975.59,3,227.38,0.23,24.41,0.49,1,0,0,0,0,CONSISTENT
CASE-2410,150000.0,174569.0,174569.0,6,3000.0,3000.0,3000.0,3,24569.0,16.38,0.0,0.0,0,0,0,0,0,SALARY_MISMATCH
CASE-2411,80000.0,80000.0,80000.0,5,5000.0,13920.03,13920.03,3,0.0,0.0,8920.03,178.4,0,0,0,0,0,EMI_MISMATCH
CASE-2412,30000.0,29662.49,29691.56,6,0.0,0.0,0.0,0,308.44,1.03,0.0,0.0,1,0,0,0,0,CONSISTENT
CASE-2413,45000.0,45000.0,45000.0,6,0.0,4826.82,4826.82,0,0.0,0.0,4826.82,100.0,0,0,0,0,0,EMI_MISMATCH
CASE-2414,100000.0,101864.4,101328.95,3,8000.0,7931.08,7956.28,1,1328.95,1.33,43.72,0.55,0,0,0,0,0,CONSISTENT
CASE-2415,80000.0,96826.93,96826.93,6,8000.0,8000.0,8000.0,4,16826.93,21.03,0.0,0.0,0,0,0,0,0,SALARY_MISMATCH
CASE-2416,45000.0,23548.74,23548.74,5,3000.0,3000.0,3000.0,3,21451.26,47.67,0.0,0.0,0,0,0,0,0,SALARY_MISMATCH
CASE-2417,60000.0,42213.95,42213.95,6,5000.0,5000.0,5000.0,4,17786.05,29.64,0.0,0.0,0,0,0,0,0,SALARY_MISMATCH
CASE-2418,30000.0,42632.01,42632.01,2,20000.0,20000.0,20000.0,2,12632.01,42.11,0.0,0.0,0,0,0,0,0,SALARY_MISMATCH
CASE-2419,60000.0,59248.16,59630.28,3,12000.0,11927.02,11985.15,2,369.72,0.62,14.85,0.12,0,0,0,0,0,CONSISTENT
CASE-2420,100000.0,99803.63,101307.61,4,20000.0,19678.4,20163.15,4,1307.61,1.31,163.15,0.82,1,0,0,0,0,CONSISTENT
CASE-2421,45000.0,45778.58,44547.24,4,20000.0,20114.03,19820.1,1,452.76,1.01,179.9,0.9,0,0,0,0,0,CONSISTENT
CASE-2422,45000.0,24362.87,24362.87,5,12000.0,12000.0,12000.0,3,20637.13,45.86,0.0,0.0,0,0,0,0,0,SALARY_MISMATCH
CASE-2423,30000.0,21000.0,21000.0,3,8000.0,8000.0,16000.0,3,9000.0,30.0,8000.0,100.0,190,0,0,0,0,MULTIPLE_MISMATCH
CASE-2424,150000.0,190364.44,190364.44,6,5000.0,5000.0,5000.0,2,40364.44,26.91,0.0,0.0,0,0,0,0,0,SALARY_MISMATCH
CASE-2425,45000.0,45000.0,45000.0,2,8000.0,16450.29,16450.29,2,0.0,0.0,8450.29,105.63,0,0,0,0,0,EMI_MISMATCH
CASE-2426,45000.0,31500.0,31500.0,3,0.0,0.0,8000.0,0,13500.0,30.0,8000.0,100.0,22,0,0,0,0,MULTIPLE_MISMATCH
CASE-2427,45000.0,44192.4,44784.27,3,0.0,0.0,0.0,0,215.73,0.48,0.0,0.0,0,0,0,0,0,CONSISTENT
CASE-2428,45000.0,44554.08,44381.97,5,0.0,0.0,0.0,0,618.03,1.37,0.0,0.0,1,0,0,0,0,CONSISTENT
CASE-2429,150000.0,150000.0,150000.0,6,5000.0,5000.0,5000.0,4,0.0,0.0,0.0,0.0,0,2,3,0,0,DATA_QUALITY_ISSUE
CASE-2430,100000.0,101775.16,101216.81,2,12000.0,11846.71,11955.15,3,1216.81,1.22,44.85,0.37,0,0,0,0,0,CONSISTENT
CASE-2431,100000.0,69391.84,69391.84,6,3000.0,3000.0,3000.0,2,30608.16,30.61,0.0,0.0,0,0,0,0,0,SALARY_MISMATCH
CASE-2432,45000.0,45374.15,44375.93,2,0.0,0.0,0.0,0,624.07,1.39,0.0,0.0,1,0,0,0,0,CONSISTENT
CASE-2433,100000.0,70000.0,70000.0,2,20000.0,20000.0,28000.0,1,30000.0,30.0,8000.0,40.0,36,0,0,0,0,MULTIPLE_MISMATCH
CASE-2434,60000.0,60982.71,60048.0,4,12000.0,12138.21,11869.36,3,48.0,0.08,130.64,1.09,0,0,0,0,0,CONSISTENT
CASE-2435,30000.0,16807.8,16807.8,5,12000.0,12000.0,12000.0,3,13192.2,43.97,0.0,0.0,0,0,0,0,0,SALARY_MISMATCH
CASE-2436,80000.0,78888.24,81149.4,2,3000.0,2996.11,2988.51,4,1149.4,1.44,11.49,0.38,0,0,0,0,0,CONSISTENT
CASE-2437,60000.0,86855.62,86855.62,3,0.0,0.0,0.0,0,26855.62,44.76,0.0,0.0,0,0,0,0,0,SALARY_MISMATCH
CASE-2438,150000.0,150000.0,150000.0,6,20000.0,20000.0,20000.0,1,0.0,0.0,0.0,0.0,297,0,0,0,0,EMPLOYMENT_MISMATCH
CASE-2439,80000.0,79292.02,79906.95,6,12000.0,12200.57,11945.79,3,93.05,0.12,54.21,0.45,1,0,0,0,0,CONSISTENT
CASE-2440,60000.0,60000.0,60000.0,2,20000.0,27552.72,27552.72,2,0.0,0.0,7552.72,37.76,0,0,0,0,0,EMI_MISMATCH
CASE-2441,80000.0,81461.03,81099.13,6,12000.0,12090.42,11901.54,1,1099.13,1.37,98.46,0.82,0,0,0,0,0,CONSISTENT
CASE-2442,45000.0,31500.0,31500.0,4,5000.0,5000.0,13000.0,4,13500.0,30.0,8000.0,160.0,75,0,0,0,0,MULTIPLE_MISMATCH
CASE-2443,150000.0,150000.0,150000.0,5,12000.0,12000.0,12000.0,2,0.0,0.0,0.0,0.0,103,0,0,0,0,EMPLOYMENT_MISMATCH
CASE-2444,45000.0,45000.0,45000.0,2,5000.0,13286.71,13286.71,2,0.0,0.0,8286.71,165.73,0,0,0,0,0,EMI_MISMATCH
CASE-2445,45000.0,53831.55,53831.55,3,3000.0,3000.0,3000.0,3,8831.55,19.63,0.0,0.0,0,0,0,0,0,SALARY_MISMATCH
CASE-2446,100000.0,133576.27,133576.27,4,5000.0,5000.0,5000.0,1,33576.27,33.58,0.0,0.0,0,0,0,0,0,SALARY_MISMATCH
CASE-2447,100000.0,100000.0,100000.0,4,12000.0,17735.29,17735.29,1,0.0,0.0,5735.29,47.79,0,0,0,0,0,EMI_MISMATCH
CASE-2448,150000.0,151194.64,152530.74,4,3000.0,2984.81,3048.25,4,2530.74,1.69,48.25,1.61,1,0,0,0,0,CONSISTENT
CASE-2449,60000.0,42000.0,42000.0,3,3000.0,3000.0,11000.0,3,18000.0,30.0,8000.0,266.67,52,0,0,0,0,MULTIPLE_MISMATCH
CASE-2450,30000.0,30444.48,29830.99,4,3000.0,3012.03,2954.17,4,169.01,0.56,45.83,1.53,0,0,0,0,0,CONSISTENT
CASE-2451,80000.0,80252.53,79656.64,4,5000.0,5015.55,5003.02,1,343.36,0.43,3.02,0.06,0,0,0,0,0,CONSISTENT
CASE-2452,60000.0,60000.0,60000.0,2,3000.0,10515.19,10515.19,2,0.0,0.0,7515.19,250.51,0,0,0,0,0,EMI_MISMATCH
CASE-2453,45000.0,52832.83,52832.83,4,8000.0,8000.0,8000.0,4,7832.83,17.41,0.0,0.0,0,0,0,0,0,SALARY_MISMATCH
CASE-2454,45000.0,37872.39,37872.39,4,12000.0,12000.0,12000.0,1,7127.61,15.84,0.0,0.0,0,0,0,0,0,SALARY_MISMATCH
CASE-2455,80000.0,80172.61,79841.86,3,8000.0,7931.37,7935.37,4,158.14,0.2,64.63,0.81,1,0,0,0,0,CONSISTENT
CASE-2456,45000.0,36526.95,36526.95,2,0.0,0.0,0.0,0,8473.05,18.83,0.0,0.0,0,0,0,0,0,SALARY_MISMATCH
CASE-2457,45000.0,45000.0,45000.0,5,20000.0,27549.77,27549.77,3,0.0,0.0,7549.77,37.75,0,0,0,0,0,EMI_MISMATCH
CASE-2458,80000.0,80000.0,80000.0,4,8000.0,11488.58,11488.58,1,0.0,0.0,3488.58,43.61,0,0,0,0,0,EMI_MISMATCH
CASE-2459,30000.0,39816.88,39816.88,3,12000.0,12000.0,12000.0,3,9816.88,32.72,0.0,0.0,0,0,0,0,0,SALARY_MISMATCH
CASE-2460,60000.0,60000.0,60000.0,3,12000.0,20528.11,20528.11,4,0.0,0.0,8528.11,71.07,0,0,0,0,0,EMI_MISMATCH
CASE-2461,80000.0,80000.0,0.0,0,0.0,0.0,0.0,0,80000.0,100.0,0.0,0.0,0,2,1,0,1,DATA_QUALITY_ISSUE
CASE-2462,100000.0,70000.0,70000.0,5,20000.0,20000.0,28000.0,4,30000.0,30.0,8000.0,40.0,120,0,0,0,0,MULTIPLE_MISMATCH
CASE-2463,30000.0,29709.31,29671.72,4,0.0,0.0,0.0,0,328.28,1.09,0.0,0.0,1,0,0,0,0,CONSISTENT
CASE-2464,100000.0,77472.02,77472.02,2,20000.0,20000.0,20000.0,2,22527.98,22.53,0.0,0.0,0,0,0,0,0,SALARY_MISMATCH
CASE-2465,80000.0,80699.07,80864.28,6,0.0,0.0,0.0,0,864.28,1.08,0.0,0.0,0,0,0,0,0,CONSISTENT
CASE-2466,45000.0,34145.02,34145.02,4,12000.0,12000.0,12000.0,4,10854.98,24.12,0.0,0.0,0,0,0,0,0,SALARY_MISMATCH
CASE-2467,80000.0,80240.89,78818.8,6,0.0,0.0,0.0,0,1181.2,1.48,0.0,0.0,0,0,0,0,0,CONSISTENT
CASE-2468,60000.0,33317.49,33317.49,5,5000.0,5000.0,5000.0,1,26682.51,44.47,0.0,0.0,0,0,0,0,0,SALARY_MISMATCH
CASE-2469,100000.0,99714.26,100906.34,3,20000.0,20008.05,20097.57,4,906.34,0.91,97.57,0.49,0,0,0,0,0,CONSISTENT
CASE-2470,150000.0,196516.74,196516.74,2,8000.0,8000.0,8000.0,4,46516.74,31.01,0.0,0.0,0,0,0,0,0,SALARY_MISMATCH
CASE-2471,100000.0,72779.39,72779.39,4,3000.0,3000.0,3000.0,3,27220.61,27.22,0.0,0.0,0,0,0,0,0,SALARY_MISMATCH
CASE-2472,100000.0,100000.0,100000.0,2,0.0,14126.13,14126.13,0,0.0,0.0,14126.13,100.0,0,0,0,0,0,EMI_MISMATCH
CASE-2473,80000.0,79973.94,80859.1,3,3000.0,2966.6,2972.34,2,859.1,1.07,27.66,0.92,0,0,0,0,0,CONSISTENT
CASE-2474,30000.0,29636.88,30090.62,6,0.0,0.0,0.0,0,90.62,0.3,0.0,0.0,1,0,0,0,0,CONSISTENT
CASE-2475,30000.0,30000.0,30000.0,4,8000.0,8000.0,0.0,0,0.0,0.0,8000.0,100.0,0,2,3,0,0,DATA_QUALITY_ISSUE
CASE-2476,45000.0,45000.0,45000.0,4,5000.0,9789.23,9789.23,3,0.0,0.0,4789.23,95.78,0,0,0,0,0,EMI_MISMATCH
CASE-2477,150000.0,150000.0,150000.0,3,12000.0,26818.36,26818.36,1,0.0,0.0,14818.36,123.49,0,0,0,0,0,EMI_MISMATCH
CASE-2478,45000.0,44709.84,44416.13,5,0.0,0.0,0.0,0,583.87,1.3,0.0,0.0,0,0,0,0,0,CONSISTENT
CASE-2479,60000.0,39712.01,39712.01,3,3000.0,3000.0,3000.0,4,20287.99,33.81,0.0,0.0,0,0,0,0,0,SALARY_MISMATCH
CASE-2480,100000.0,100000.0,0.0,0,8000.0,8000.0,0.0,0,100000.0,100.0,8000.0,100.0,0,1,1,0,2,DATA_QUALITY_ISSUE
CASE-2481,30000.0,30000.0,30000.0,2,12000.0,19106.21,19106.21,4,0.0,0.0,7106.21,59.22,0,0,0,0,0,EMI_MISMATCH
CASE-2482,100000.0,100000.0,100000.0,3,0.0,9050.67,9050.67,0,0.0,0.0,9050.67,100.0,0,0,0,0,0,EMI_MISMATCH
CASE-2483,80000.0,80000.0,80000.0,4,12000.0,12000.0,12000.0,2,0.0,0.0,0.0,0.0,55,0,0,0,0,EMPLOYMENT_MISMATCH
CASE-2484,30000.0,29494.58,30315.6,5,0.0,0.0,0.0,0,315.6,1.05,0.0,0.0,1,0,0,0,0,CONSISTENT
CASE-2485,100000.0,100000.0,100000.0,6,0.0,8682.4,8682.4,0,0.0,0.0,8682.4,100.0,0,0,0,0,0,EMI_MISMATCH
CASE-2486,30000.0,30000.0,30000.0,4,8000.0,18389.49,18389.49,2,0.0,0.0,10389.49,129.87,0,0,0,0,0,EMI_MISMATCH
CASE-2487,80000.0,46023.28,46023.28,2,0.0,0.0,0.0,0,33976.72,42.47,0.0,0.0,0,0,0,0,0,SALARY_MISMATCH
CASE-2488,80000.0,80562.6,80191.63,3,3000.0,3034.76,3028.66,1,191.63,0.24,28.66,0.96,0,0,0,0,0,CONSISTENT
CASE-2489,80000.0,80000.0,80000.0,6,3000.0,11936.67,11936.67,4,0.0,0.0,8936.67,297.89,0,0,0,0,0,EMI_MISMATCH
CASE-2490,150000.0,148511.12,151663.81,5,3000.0,3054.85,3023.62,4,1663.81,1.11,23.62,0.79,0,0,0,0,0,CONSISTENT
CASE-2491,60000.0,60000.0,60000.0,3,3000.0,9737.33,9737.33,2,0.0,0.0,6737.33,224.58,0,0,0,0,0,EMI_MISMATCH
CASE-2492,100000.0,145200.19,145200.19,3,3000.0,3000.0,3000.0,3,45200.19,45.2,0.0,0.0,0,0,0,0,0,SALARY_MISMATCH
CASE-2493,60000.0,85624.44,85624.44,5,12000.0,12000.0,12000.0,4,25624.44,42.71,0.0,0.0,0,0,0,0,0,SALARY_MISMATCH
CASE-2494,80000.0,46408.19,46408.19,3,0.0,0.0,0.0,0,33591.81,41.99,0.0,0.0,0,0,0,0,0,SALARY_MISMATCH
CASE-2495,80000.0,80000.0,80000.0,4,0.0,9847.22,9847.22,0,0.0,0.0,9847.22,100.0,0,0,0,0,0,EMI_MISMATCH
CASE-2496,80000.0,56000.0,56000.0,3,20000.0,20000.0,28000.0,4,24000.0,30.0,8000.0,40.0,61,0,0,0,0,MULTIPLE_MISMATCH
CASE-2497,30000.0,29542.01,30595.74,5,20000.0,20229.8,19926.99,2,595.74,1.99,73.01,0.37,0,0,0,0,0,CONSISTENT
CASE-2498,80000.0,56000.0,56000.0,4,8000.0,8000.0,16000.0,3,24000.0,30.0,8000.0,100.0,75,0,0,0,0,MULTIPLE_MISMATCH
CASE-2499,30000.0,38360.41,38360.41,6,0.0,0.0,0.0,0,8360.41,27.87,0.0,0.0,0,0,0,0,0,SALARY_MISMATCH
CASE-2500,45000.0,45000.0,45000.0,3,8000.0,18397.37,18397.37,3,0.0,0.0,10397.37,129.97,0,0,0,0,0,EMI_MISMATCH
CASE-2501,100000.0,100000.0,100000.0,6,8000.0,8000.0,8000.0,4,0.0,0.0,0.0,0.0,0,1,1,0,1,DATA_QUALITY_ISSUE
CASE-2502,150000.0,150000.0,150000.0,5,12000.0,15020.85,15020.85,2,0.0,0.0,3020.85,25.17,0,0,0,0,0,EMI_MISMATCH
CASE-2503,100000.0,100000.0,100000.0,5,20000.0,27204.18,27204.18,4,0.0,0.0,7204.18,36.02,0,0,0,0,0,EMI_MISMATCH
CASE-2504,30000.0,42963.17,42963.17,6,20000.0,20000.0,20000.0,3,12963.17,43.21,0.0,0.0,0,0,0,0,0,SALARY_MISMATCH
CASE-2505,30000.0,30000.0,30000.0,6,12000.0,19561.7,19561.7,1,0.0,0.0,7561.7,63.01,0,0,0,0,0,EMI_MISMATCH
CASE-2506,100000.0,98698.34,99144.24,2,12000.0,12008.08,11886.41,3,855.76,0.86,113.59,0.95,0,0,0,0,0,CONSISTENT
CASE-2507,45000.0,44260.07,44204.7,5,8000.0,7959.12,8070.61,3,795.3,1.77,70.61,0.88,0,0,0,0,0,CONSISTENT
CASE-2508,30000.0,30000.0,30000.0,2,3000.0,12314.7,12314.7,3,0.0,0.0,9314.7,310.49,0,0,0,0,0,EMI_MISMATCH
CASE-2509,60000.0,60000.0,60000.0,6,12000.0,12000.0,0.0,0,0.0,0.0,12000.0,100.0,0,2,2,0,2,DATA_QUALITY_ISSUE
CASE-2510,80000.0,56000.0,56000.0,6,12000.0,12000.0,20000.0,1,24000.0,30.0,8000.0,66.67,163,0,0,0,0,MULTIPLE_MISMATCH
CASE-2511,45000.0,45394.03,45413.29,3,5000.0,4920.05,5043.55,3,413.29,0.92,43.55,0.87,0,0,0,0,0,CONSISTENT
CASE-2512,80000.0,80000.0,80000.0,6,0.0,2540.75,2540.75,0,0.0,0.0,2540.75,100.0,0,0,0,0,0,EMI_MISMATCH
CASE-2513,150000.0,149467.51,152579.65,5,5000.0,4968.71,5092.7,3,2579.65,1.72,92.7,1.85,1,0,0,0,0,CONSISTENT
CASE-2514,80000.0,56000.0,56000.0,3,20000.0,20000.0,28000.0,1,24000.0,30.0,8000.0,40.0,96,0,0,0,0,MULTIPLE_MISMATCH
CASE-2515,30000.0,30305.08,29965.85,6,20000.0,19719.87,19811.17,4,34.15,0.11,188.83,0.94,0,0,0,0,0,CONSISTENT
CASE-2516,80000.0,80000.0,80000.0,4,5000.0,5000.0,0.0,0,0.0,0.0,5000.0,100.0,0,2,1,0,0,DATA_QUALITY_ISSUE
CASE-2517,100000.0,70000.0,70000.0,4,12000.0,12000.0,20000.0,3,30000.0,30.0,8000.0,66.67,125,0,0,0,0,MULTIPLE_MISMATCH
CASE-2518,30000.0,30164.33,29681.17,4,12000.0,12037.89,12070.64,3,318.83,1.06,70.64,0.59,0,0,0,0,0,CONSISTENT
CASE-2519,80000.0,80000.0,80000.0,6,8000.0,17381.1,17381.1,3,0.0,0.0,9381.1,117.26,0,0,0,0,0,EMI_MISMATCH
CASE-2520,45000.0,45000.0,0.0,0,8000.0,8000.0,8000.0,2,45000.0,100.0,0.0,0.0,0,2,3,0,1,DATA_QUALITY_ISSUE
CASE-2521,45000.0,45215.82,44248.92,5,20000.0,20259.18,20141.68,1,751.08,1.67,141.68,0.71,0,0,0,0,0,CONSISTENT
CASE-2522,80000.0,79325.93,79211.2,3,12000.0,11918.83,11889.5,1,788.8,0.99,110.5,0.92,0,0,0,0,0,CONSISTENT
CASE-2523,45000.0,59820.75,59820.75,3,0.0,0.0,0.0,0,14820.75,32.93,0.0,0.0,0,0,0,0,0,SALARY_MISMATCH
CASE-2524,45000.0,45000.0,45000.0,4,8000.0,20363.02,20363.02,2,0.0,0.0,12363.02,154.54,0,0,0,0,0,EMI_MISMATCH
CASE-2525,60000.0,84187.82,84187.82,5,3000.0,3000.0,3000.0,4,24187.82,40.31,0.0,0.0,0,0,0,0,0,SALARY_MISMATCH
CASE-2526,30000.0,30000.0,30000.0,5,8000.0,8000.0,8000.0,1,0.0,0.0,0.0,0.0,256,0,0,0,0,EMPLOYMENT_MISMATCH
CASE-2527,45000.0,45000.0,45000.0,4,0.0,0.0,0.0,0,0.0,0.0,0.0,0.0,0,2,2,0,1,DATA_QUALITY_ISSUE
CASE-2528,45000.0,45000.0,45000.0,3,3000.0,3000.0,3000.0,1,0.0,0.0,0.0,0.0,208,0,0,0,0,EMPLOYMENT_MISMATCH
CASE-2529,80000.0,80760.33,80319.1,2,8000.0,7896.82,7937.19,2,319.1,0.4,62.81,0.79,0,0,0,0,0,CONSISTENT
CASE-2530,45000.0,45596.88,45778.49,3,5000.0,5050.02,5068.59,2,778.49,1.73,68.59,1.37,0,0,0,0,0,CONSISTENT
CASE-2531,45000.0,32064.84,32064.84,6,12000.0,12000.0,12000.0,2,12935.16,28.74,0.0,0.0,0,0,0,0,0,SALARY_MISMATCH
CASE-2532,60000.0,60000.0,60000.0,2,8000.0,17533.42,17533.42,2,0.0,0.0,9533.42,119.17,0,0,0,0,0,EMI_MISMATCH
CASE-2533,150000.0,150000.0,150000.0,5,0.0,13315.21,13315.21,0,0.0,0.0,13315.21,100.0,0,0,0,0,0,EMI_MISMATCH
CASE-2534,150000.0,150000.0,150000.0,2,20000.0,23035.34,23035.34,2,0.0,0.0,3035.34,15.18,0,0,0,0,0,EMI_MISMATCH
CASE-2535,30000.0,30000.0,30000.0,5,3000.0,11305.94,11305.94,1,0.0,0.0,8305.94,276.86,0,0,0,0,0,EMI_MISMATCH
CASE-2536,30000.0,21000.0,21000.0,4,0.0,0.0,8000.0,0,9000.0,30.0,8000.0,100.0,21,0,0,0,0,MULTIPLE_MISMATCH
CASE-2537,30000.0,29922.56,29700.3,4,3000.0,3022.43,3029.12,1,299.7,1.0,29.12,0.97,1,0,0,0,0,CONSISTENT
CASE-2538,150000.0,149859.74,152194.21,4,5000.0,4906.42,5028.77,1,2194.21,1.46,28.77,0.58,0,0,0,0,0,CONSISTENT
CASE-2539,30000.0,30000.0,30000.0,3,5000.0,5000.0,5000.0,1,0.0,0.0,0.0,0.0,71,0,0,0,0,EMPLOYMENT_MISMATCH
CASE-2540,30000.0,30000.0,30000.0,5,20000.0,20000.0,20000.0,4,0.0,0.0,0.0,0.0,262,0,0,0,0,EMPLOYMENT_MISMATCH
CASE-2541,60000.0,59800.4,60144.5,4,5000.0,4985.86,5093.21,1,144.5,0.24,93.21,1.86,0,0,0,0,0,CONSISTENT
CASE-2542,60000.0,60000.0,60000.0,2,8000.0,10106.9,10106.9,4,0.0,0.0,2106.9,26.34,0,0,0,0,0,EMI_MISMATCH
CASE-2543,30000.0,30000.0,30000.0,4,12000.0,12000.0,12000.0,2,0.0,0.0,0.0,0.0,138,0,0,0,0,EMPLOYMENT_MISMATCH
CASE-2544,60000.0,42000.0,42000.0,2,20000.0,20000.0,28000.0,3,18000.0,30.0,8000.0,40.0,97,0,0,0,0,MULTIPLE_MISMATCH
CASE-2545,100000.0,101902.28,100465.08,2,0.0,0.0,0.0,0,465.08,0.47,0.0,0.0,0,0,0,0,0,CONSISTENT
CASE-2546,45000.0,45000.0,45000.0,6,8000.0,8000.0,0.0,0,0.0,0.0,8000.0,100.0,0,1,2,0,1,DATA_QUALITY_ISSUE
CASE-2547,100000.0,101079.97,101467.06,5,0.0,0.0,0.0,0,1467.06,1.47,0.0,0.0,0,0,0,0,0,CONSISTENT
CASE-2548,30000.0,34621.51,34621.51,2,8000.0,8000.0,8000.0,2,4621.51,15.41,0.0,0.0,0,0,0,0,0,SALARY_MISMATCH
CASE-2549,60000.0,59079.85,59682.69,5,5000.0,4905.09,5028.55,3,317.31,0.53,28.55,0.57,0,0,0,0,0,CONSISTENT
CASE-2550,100000.0,70000.0,70000.0,2,8000.0,8000.0,16000.0,3,30000.0,30.0,8000.0,100.0,140,0,0,0,0,MULTIPLE_MISMATCH
CASE-2551,100000.0,100000.0,100000.0,5,8000.0,16824.14,16824.14,3,0.0,0.0,8824.14,110.3,0,0,0,0,0,EMI_MISMATCH
CASE-2552,100000.0,142131.68,142131.68,6,20000.0,20000.0,20000.0,2,42131.68,42.13,0.0,0.0,0,0,0,0,0,SALARY_MISMATCH
CASE-2553,30000.0,22789.34,22789.34,2,12000.0,12000.0,12000.0,3,7210.66,24.04,0.0,0.0,0,0,0,0,0,SALARY_MISMATCH
CASE-2554,100000.0,98919.85,98592.54,5,3000.0,3018.46,3021.75,4,1407.46,1.41,21.75,0.73,1,0,0,0,0,CONSISTENT
CASE-2555,45000.0,45000.0,45000.0,5,5000.0,5000.0,5000.0,3,0.0,0.0,0.0,0.0,318,0,0,0,0,EMPLOYMENT_MISMATCH
CASE-2556,60000.0,42000.0,42000.0,6,12000.0,12000.0,20000.0,4,18000.0,30.0,8000.0,66.67,38,0,0,0,0,MULTIPLE_MISMATCH
CASE-2557,150000.0,150000.0,150000.0,5,20000.0,20000.0,20000.0,3,0.0,0.0,0.0,0.0,344,0,0,0,0,EMPLOYMENT_MISMATCH
CASE-2558,150000.0,148644.82,148215.94,3,5000.0,4988.43,4911.37,4,1784.06,1.19,88.63,1.77,1,0,0,0,0,CONSISTENT
CASE-2559,45000.0,45000.0,0.0,0,0.0,0.0,0.0,0,45000.0,100.0,0.0,0.0,0,1,3,0,1,DATA_QUALITY_ISSUE
CASE-2560,150000.0,150673.87,151297.04,3,20000.0,19933.4,20205.84,4,1297.04,0.86,205.84,1.03,0,0,0,0,0,CONSISTENT
CASE-2561,80000.0,79957.78,81531.45,4,8000.0,8148.94,7973.2,4,1531.45,1.91,26.8,0.34,1,0,0,0,0,CONSISTENT
CASE-2562,30000.0,29722.54,30038.69,2,0.0,0.0,0.0,0,38.69,0.13,0.0,0.0,1,0,0,0,0,CONSISTENT
CASE-2563,100000.0,100000.0,100000.0,4,0.0,4746.71,4746.71,0,0.0,0.0,4746.71,100.0,0,0,0,0,0,EMI_MISMATCH
CASE-2564,80000.0,49094.7,49094.7,3,0.0,0.0,0.0,0,30905.3,38.63,0.0,0.0,0,0,0,0,0,SALARY_MISMATCH
CASE-2565,150000.0,150000.0,150000.0,4,0.0,9228.68,9228.68,0,0.0,0.0,9228.68,100.0,0,0,0,0,0,EMI_MISMATCH
CASE-2566,60000.0,59026.18,59212.07,3,0.0,0.0,0.0,0,787.93,1.31,0.0,0.0,1,0,0,0,0,CONSISTENT
CASE-2567,150000.0,147565.26,151525.69,4,5000.0,4904.1,4949.88,1,1525.69,1.02,50.12,1.0,0,0,0,0,0,CONSISTENT
CASE-2568,60000.0,42000.0,42000.0,2,12000.0,12000.0,20000.0,1,18000.0,30.0,8000.0,66.67,145,0,0,0,0,MULTIPLE_MISMATCH
CASE-2569,45000.0,44128.01,45262.74,5,20000.0,19947.84,19760.61,4,262.74,0.58,239.39,1.2,0,0,0,0,0,CONSISTENT
CASE-2570,80000.0,78526.25,78446.31,5,0.0,0.0,0.0,0,1553.69,1.94,0.0,0.0,0,0,0,0,0,CONSISTENT
CASE-2571,80000.0,80214.92,80170.97,4,20000.0,19625.49,19975.44,3,170.97,0.21,24.56,0.12,0,0,0,0,0,CONSISTENT
CASE-2572,80000.0,80000.0,80000.0,6,12000.0,12000.0,0.0,0,0.0,0.0,12000.0,100.0,0,1,3,0,2,DATA_QUALITY_ISSUE
CASE-2573,150000.0,150000.0,150000.0,5,8000.0,21546.47,21546.47,1,0.0,0.0,13546.47,169.33,0,0,0,0,0,EMI_MISMATCH
CASE-2574,80000.0,56000.0,56000.0,2,8000.0,8000.0,16000.0,4,24000.0,30.0,8000.0,100.0,195,0,0,0,0,MULTIPLE_MISMATCH
CASE-2575,100000.0,67689.08,67689.08,4,20000.0,20000.0,20000.0,3,32310.92,32.31,0.0,0.0,0,0,0,0,0,SALARY_MISMATCH
CASE-2576,80000.0,60785.6,60785.6,5,12000.0,12000.0,12000.0,4,19214.4,24.02,0.0,0.0,0,0,0,0,0,SALARY_MISMATCH
CASE-2577,60000.0,71753.55,71753.55,4,0.0,0.0,0.0,0,11753.55,19.59,0.0,0.0,0,0,0,0,0,SALARY_MISMATCH
CASE-2578,100000.0,131601.39,131601.39,3,3000.0,3000.0,3000.0,2,31601.39,31.6,0.0,0.0,0,0,0,0,0,SALARY_MISMATCH
CASE-2579,60000.0,77787.38,77787.38,6,0.0,0.0,0.0,0,17787.38,29.65,0.0,0.0,0,0,0,0,0,SALARY_MISMATCH
CASE-2580,150000.0,150113.34,147839.51,2,0.0,0.0,0.0,0,2160.49,1.44,0.0,0.0,1,0,0,0,0,CONSISTENT
CASE-2581,150000.0,182177.4,182177.4,6,20000.0,20000.0,20000.0,1,32177.4,21.45,0.0,0.0,0,0,0,0,0,SALARY_MISMATCH
CASE-2582,45000.0,44944.78,44891.38,2,3000.0,2993.55,2989.31,1,108.62,0.24,10.69,0.36,0,0,0,0,0,CONSISTENT
CASE-2583,30000.0,18779.49,18779.49,5,20000.0,20000.0,20000.0,4,11220.51,37.4,0.0,0.0,0,0,0,0,0,SALARY_MISMATCH
CASE-2584,60000.0,69281.88,69281.88,6,8000.0,8000.0,8000.0,4,9281.88,15.47,0.0,0.0,0,0,0,0,0,SALARY_MISMATCH
CASE-2585,100000.0,84242.32,84242.32,6,3000.0,3000.0,3000.0,3,15757.68,15.76,0.0,0.0,0,0,0,0,0,SALARY_MISMATCH
CASE-2586,45000.0,55323.69,55323.69,5,8000.0,8000.0,8000.0,3,10323.69,22.94,0.0,0.0,0,0,0,0,0,SALARY_MISMATCH
CASE-2587,100000.0,100000.0,0.0,0,12000.0,12000.0,12000.0,1,100000.0,100.0,0.0,0.0,0,1,1,0,0,DATA_QUALITY_ISSUE
CASE-2588,60000.0,60000.0,60000.0,2,5000.0,5000.0,5000.0,2,0.0,0.0,0.0,0.0,276,0,0,0,0,EMPLOYMENT_MISMATCH
CASE-2589,60000.0,60000.0,60000.0,3,5000.0,5000.0,5000.0,2,0.0,0.0,0.0,0.0,253,0,0,0,0,EMPLOYMENT_MISMATCH
CASE-2590,60000.0,59825.77,61108.75,6,3000.0,3026.75,3017.35,2,1108.75,1.85,17.35,0.58,0,0,0,0,0,CONSISTENT
CASE-2591,100000.0,100000.0,100000.0,4,12000.0,12000.0,12000.0,4,0.0,0.0,0.0,0.0,105,0,0,0,0,EMPLOYMENT_MISMATCH
CASE-2592,30000.0,41649.75,41649.75,5,20000.0,20000.0,20000.0,4,11649.75,38.83,0.0,0.0,0,0,0,0,0,SALARY_MISMATCH
CASE-2593,150000.0,105000.0,105000.0,3,12000.0,12000.0,20000.0,2,45000.0,30.0,8000.0,66.67,194,0,0,0,0,MULTIPLE_MISMATCH
CASE-2594,100000.0,100000.0,0.0,0,20000.0,20000.0,20000.0,4,100000.0,100.0,0.0,0.0,0,2,1,0,1,DATA_QUALITY_ISSUE
CASE-2595,80000.0,48249.34,48249.34,6,0.0,0.0,0.0,0,31750.66,39.69,0.0,0.0,0,0,0,0,0,SALARY_MISMATCH
CASE-2596,45000.0,44528.92,45675.22,5,5000.0,5073.59,5026.19,1,675.22,1.5,26.19,0.52,0,0,0,0,0,CONSISTENT
CASE-2597,30000.0,19124.09,19124.09,2,5000.0,5000.0,5000.0,1,10875.91,36.25,0.0,0.0,0,0,0,0,0,SALARY_MISMATCH
CASE-2598,80000.0,57281.76,57281.76,5,8000.0,8000.0,8000.0,4,22718.24,28.4,0.0,0.0,0,0,0,0,0,SALARY_MISMATCH
CASE-2599,60000.0,60000.0,60000.0,6,5000.0,17394.52,17394.52,3,0.0,0.0,12394.52,247.89,0,0,0,0,0,EMI_MISMATCH
CASE-2600,60000.0,60000.0,60000.0,2,12000.0,18324.75,18324.75,4,0.0,0.0,6324.75,52.71,0,0,0,0,0,EMI_MISMATCH
CASE-2601,60000.0,42000.0,42000.0,5,8000.0,8000.0,16000.0,4,18000.0,30.0,8000.0,100.0,146,0,0,0,0,MULTIPLE_MISMATCH
CASE-2602,80000.0,79418.16,79253.45,6,5000.0,5093.4,4932.01,4,746.55,0.93,67.99,1.36,0,0,0,0,0,CONSISTENT
CASE-2603,100000.0,100000.0,100000.0,2,0.0,0.0,0.0,0,0.0,0.0,0.0,0.0,300,0,0,0,0,EMPLOYMENT_MISMATCH
CASE-2604,45000.0,44555.24,44172.88,2,12000.0,11953.39,12208.9,4,827.12,1.84,208.9,1.74,0,0,0,0,0,CONSISTENT
CASE-2605,150000.0,148105.59,148278.36,6,20000.0,19816.85,19843.4,1,1721.64,1.15,156.6,0.78,0,0,0,0,0,CONSISTENT
CASE-2606,100000.0,52582.71,52582.71,5,0.0,0.0,0.0,0,47417.29,47.42,0.0,0.0,0,0,0,0,0,SALARY_MISMATCH
CASE-2607,80000.0,79673.45,79392.47,2,12000.0,11976.64,11944.41,4,607.53,0.76,55.59,0.46,0,0,0,0,0,CONSISTENT
CASE-2608,100000.0,118102.15,118102.15,5,3000.0,3000.0,3000.0,4,18102.15,18.1,0.0,0.0,0,0,0,0,0,SALARY_MISMATCH
CASE-2609,45000.0,45000.0,45000.0,4,5000.0,5000.0,5000.0,2,0.0,0.0,0.0,0.0,0,2,2,0,1,DATA_QUALITY_ISSUE
CASE-2610,45000.0,45000.0,45000.0,4,12000.0,18686.02,18686.02,4,0.0,0.0,6686.02,55.72,0,0,0,0,0,EMI_MISMATCH
CASE-2611,45000.0,32347.99,32347.99,3,3000.0,3000.0,3000.0,3,12652.01,28.12,0.0,0.0,0,0,0,0,0,SALARY_MISMATCH
CASE-2612,80000.0,80000.0,0.0,0,0.0,0.0,0.0,0,80000.0,100.0,0.0,0.0,0,2,3,0,2,DATA_QUALITY_ISSUE
CASE-2613,30000.0,29596.84,30546.62,3,12000.0,12080.53,11788.48,2,546.62,1.82,211.52,1.76,0,0,0,0,0,CONSISTENT
CASE-2614,60000.0,60000.0,60000.0,2,12000.0,21501.54,21501.54,4,0.0,0.0,9501.54,79.18,0,0,0,0,0,EMI_MISMATCH
CASE-2615,100000.0,142387.92,142387.92,3,5000.0,5000.0,5000.0,2,42387.92,42.39,0.0,0.0,0,0,0,0,0,SALARY_MISMATCH
CASE-2616,80000.0,99027.62,99027.62,6,20000.0,20000.0,20000.0,4,19027.62,23.78,0.0,0.0,0,0,0,0,0,SALARY_MISMATCH
CASE-2617,60000.0,60000.0,60000.0,5,5000.0,5000.0,5000.0,4,0.0,0.0,0.0,0.0,185,0,0,0,0,EMPLOYMENT_MISMATCH
CASE-2618,45000.0,27012.97,27012.97,3,3000.0,3000.0,3000.0,2,17987.03,39.97,0.0,0.0,0,0,0,0,0,SALARY_MISMATCH
CASE-2619,60000.0,58810.43,60348.77,2,8000.0,7973.56,7935.21,3,348.77,0.58,64.79,0.81,0,0,0,0,0,CONSISTENT
CASE-2620,30000.0,21000.0,21000.0,4,12000.0,12000.0,20000.0,2,9000.0,30.0,8000.0,66.67,59,0,0,0,0,MULTIPLE_MISMATCH
CASE-2621,60000.0,60000.0,60000.0,6,3000.0,3000.0,3000.0,1,0.0,0.0,0.0,0.0,443,0,0,0,0,EMPLOYMENT_MISMATCH
CASE-2622,100000.0,100000.0,100000.0,2,0.0,4480.52,4480.52,0,0.0,0.0,4480.52,100.0,0,0,0,0,0,EMI_MISMATCH
CASE-2623,30000.0,30000.0,30000.0,4,20000.0,34423.08,34423.08,4,0.0,0.0,14423.08,72.12,0,0,0,0,0,EMI_MISMATCH
CASE-2624,45000.0,44536.16,44845.32,2,8000.0,7914.47,7997.23,2,154.68,0.34,2.77,0.03,0,0,0,0,0,CONSISTENT
CASE-2625,150000.0,105000.0,105000.0,6,8000.0,8000.0,16000.0,2,45000.0,30.0,8000.0,100.0,139,0,0,0,0,MULTIPLE_MISMATCH
CASE-2626,150000.0,150000.0,150000.0,4,3000.0,5493.2,5493.2,3,0.0,0.0,2493.2,83.11,0,0,0,0,0,EMI_MISMATCH
CASE-2627,30000.0,30597.93,30336.62,4,3000.0,2974.42,2988.29,1,336.62,1.12,11.71,0.39,0,0,0,0,0,CONSISTENT
CASE-2628,30000.0,30000.0,30000.0,3,20000.0,20000.0,20000.0,1,0.0,0.0,0.0,0.0,391,0,0,0,0,EMPLOYMENT_MISMATCH
CASE-2629,80000.0,55830.99,55830.99,2,0.0,0.0,0.0,0,24169.01,30.21,0.0,0.0,0,0,0,0,0,SALARY_MISMATCH
CASE-2630,45000.0,30499.71,30499.71,5,20000.0,20000.0,20000.0,4,14500.29,32.22,0.0,0.0,0,0,0,0,0,SALARY_MISMATCH
CASE-2631,30000.0,24377.72,24377.72,2,8000.0,8000.0,8000.0,1,5622.28,18.74,0.0,0.0,0,0,0,0,0,SALARY_MISMATCH
CASE-2632,80000.0,56000.0,56000.0,6,0.0,0.0,8000.0,0,24000.0,30.0,8000.0,100.0,41,0,0,0,0,MULTIPLE_MISMATCH
CASE-2633,150000.0,149261.7,147602.2,6,20000.0,20107.02,20304.11,1,2397.8,1.6,304.11,1.52,0,0,0,0,0,CONSISTENT
CASE-2634,60000.0,42000.0,42000.0,3,0.0,0.0,8000.0,0,18000.0,30.0,8000.0,100.0,176,0,0,0,0,MULTIPLE_MISMATCH
CASE-2635,150000.0,151911.26,149197.52,2,3000.0,3012.19,3012.76,2,802.48,0.53,12.76,0.43,0,0,0,0,0,CONSISTENT
CASE-2636,30000.0,20216.1,20216.1,3,20000.0,20000.0,20000.0,3,9783.9,32.61,0.0,0.0,0,0,0,0,0,SALARY_MISMATCH
CASE-2637,60000.0,40636.49,40636.49,6,5000.0,5000.0,5000.0,4,19363.51,32.27,0.0,0.0,0,0,0,0,0,SALARY_MISMATCH
CASE-2638,100000.0,101256.07,101107.44,2,8000.0,8092.35,8066.57,2,1107.44,1.11,66.57,0.83,0,0,0,0,0,CONSISTENT
CASE-2639,30000.0,30472.13,29632.98,4,5000.0,4926.09,5095.12,2,367.02,1.22,95.12,1.9,0,0,0,0,0,CONSISTENT
CASE-2640,100000.0,70000.0,70000.0,3,0.0,0.0,8000.0,0,30000.0,30.0,8000.0,100.0,127,0,0,0,0,MULTIPLE_MISMATCH
CASE-2641,100000.0,100000.0,100000.0,5,8000.0,8000.0,8000.0,1,0.0,0.0,0.0,0.0,155,0,0,0,0,EMPLOYMENT_MISMATCH
CASE-2642,45000.0,45009.6,45265.88,5,5000.0,5000.53,4998.36,3,265.88,0.59,1.64,0.03,0,0,0,0,0,CONSISTENT
CASE-2643,80000.0,78908.33,79026.13,6,0.0,0.0,0.0,0,973.87,1.22,0.0,0.0,0,0,0,0,0,CONSISTENT
CASE-2644,45000.0,45000.0,45000.0,2,8000.0,8000.0,0.0,0,0.0,0.0,8000.0,100.0,0,2,3,0,1,DATA_QUALITY_ISSUE
CASE-2645,45000.0,45000.0,45000.0,3,0.0,12318.33,12318.33,0,0.0,0.0,12318.33,100.0,0,0,0,0,0,EMI_MISMATCH
CASE-2646,100000.0,100000.0,100000.0,6,0.0,0.0,0.0,0,0.0,0.0,0.0,0.0,245,0,0,0,0,EMPLOYMENT_MISMATCH
CASE-2647,80000.0,80172.29,79624.94,3,8000.0,7890.33,8045.68,2,375.06,0.47,45.68,0.57,1,0,0,0,0,CONSISTENT
CASE-2648,150000.0,95946.14,95946.14,5,5000.0,5000.0,5000.0,4,54053.86,36.04,0.0,0.0,0,0,0,0,0,SALARY_MISMATCH
CASE-2649,30000.0,30408.54,29788.33,6,20000.0,20270.93,19682.86,3,211.67,0.71,317.14,1.59,0,0,0,0,0,CONSISTENT
CASE-2650,80000.0,56000.0,56000.0,5,5000.0,5000.0,13000.0,2,24000.0,30.0,8000.0,160.0,17,0,0,0,0,MULTIPLE_MISMATCH
CASE-2651,30000.0,29966.32,30489.47,6,20000.0,19890.55,19829.72,1,489.47,1.63,170.28,0.85,0,0,0,0,0,CONSISTENT
CASE-2652,60000.0,76232.99,76232.99,4,8000.0,8000.0,8000.0,3,16232.99,27.05,0.0,0.0,0,0,0,0,0,SALARY_MISMATCH
CASE-2653,150000.0,150000.0,150000.0,3,5000.0,18088.79,18088.79,4,0.0,0.0,13088.79,261.78,0,0,0,0,0,EMI_MISMATCH
CASE-2654,150000.0,150000.0,150000.0,2,5000.0,5000.0,0.0,0,0.0,0.0,5000.0,100.0,0,1,3,0,2,DATA_QUALITY_ISSUE
CASE-2655,30000.0,29971.18,30592.53,6,20000.0,20183.12,20361.99,3,592.53,1.98,361.99,1.81,1,0,0,0,0,CONSISTENT
CASE-2656,30000.0,21000.0,21000.0,5,3000.0,3000.0,11000.0,3,9000.0,30.0,8000.0,266.67,199,0,0,0,0,MULTIPLE_MISMATCH
CASE-2657,45000.0,45000.0,45000.0,4,20000.0,20000.0,20000.0,3,0.0,0.0,0.0,0.0,34,0,0,0,0,EMPLOYMENT_MISMATCH
CASE-2658,100000.0,98080.94,100095.97,4,20000.0,20004.05,20020.2,2,95.97,0.1,20.2,0.1,1,0,0,0,0,CONSISTENT
CASE-2659,150000.0,150000.0,0.0,0,5000.0,5000.0,0.0,0,150000.0,100.0,5000.0,100.0,0,2,3,0,1,DATA_QUALITY_ISSUE
CASE-2660,30000.0,19997.6,19997.6,5,5000.0,5000.0,5000.0,2,10002.4,33.34,0.0,0.0,0,0,0,0,0,SALARY_MISMATCH
CASE-2661,150000.0,150000.0,150000.0,2,0.0,3718.75,3718.75,0,0.0,0.0,3718.75,100.0,0,0,0,0,0,EMI_MISMATCH
CASE-2662,60000.0,60000.0,60000.0,2,3000.0,3000.0,3000.0,3,0.0,0.0,0.0,0.0,229,0,0,0,0,EMPLOYMENT_MISMATCH
CASE-2663,80000.0,79959.2,79537.4,3,5000.0,4950.3,5038.93,3,462.6,0.58,38.93,0.78,0,0,0,0,0,CONSISTENT
CASE-2664,60000.0,60000.0,60000.0,2,12000.0,12000.0,12000.0,3,0.0,0.0,0.0,0.0,296,0,0,0,0,EMPLOYMENT_MISMATCH
CASE-2665,60000.0,60806.18,60754.93,4,3000.0,3004.03,2956.94,2,754.93,1.26,43.06,1.44,0,0,0,0,0,CONSISTENT
CASE-2666,30000.0,30120.17,30253.12,2,8000.0,7937.22,8003.03,3,253.12,0.84,3.03,0.04,0,0,0,0,0,CONSISTENT
CASE-2667,150000.0,150000.0,150000.0,4,5000.0,5000.0,5000.0,4,0.0,0.0,0.0,0.0,288,0,0,0,0,EMPLOYMENT_MISMATCH
CASE-2668,80000.0,80000.0,80000.0,2,5000.0,5000.0,5000.0,1,0.0,0.0,0.0,0.0,460,0,0,0,0,EMPLOYMENT_MISMATCH
CASE-2669,30000.0,30319.87,30263.05,4,8000.0,8122.15,8044.66,3,263.05,0.88,44.66,0.56,0,0,0,0,0,CONSISTENT
CASE-2670,30000.0,29600.56,30238.18,2,3000.0,3033.63,2979.61,1,238.18,0.79,20.39,0.68,0,0,0,0,0,CONSISTENT
CASE-2671,30000.0,30433.54,29668.69,5,8000.0,8141.2,8031.72,3,331.31,1.1,31.72,0.4,0,0,0,0,0,CONSISTENT
CASE-2672,80000.0,80000.0,0.0,0,5000.0,5000.0,0.0,0,80000.0,100.0,5000.0,100.0,0,1,3,0,2,DATA_QUALITY_ISSUE
CASE-2673,150000.0,152188.54,149672.75,6,3000.0,3025.69,3044.11,2,327.25,0.22,44.11,1.47,0,0,0,0,0,CONSISTENT
CASE-2674,80000.0,81131.14,79674.1,4,20000.0,19841.91,20236.57,3,325.9,0.41,236.57,1.18,0,0,0,0,0,CONSISTENT
CASE-2675,30000.0,30551.49,30110.55,5,5000.0,5063.9,5065.06,2,110.55,0.37,65.06,1.3,0,0,0,0,0,CONSISTENT
CASE-2676,30000.0,29773.34,29784.84,4,8000.0,8050.81,8039.4,2,215.16,0.72,39.4,0.49,0,0,0,0,0,CONSISTENT
CASE-2677,60000.0,77021.65,77021.65,5,12000.0,12000.0,12000.0,1,17021.65,28.37,0.0,0.0,0,0,0,0,0,SALARY_MISMATCH
CASE-2678,60000.0,71673.14,71673.14,5,20000.0,20000.0,20000.0,4,11673.14,19.46,0.0,0.0,0,0,0,0,0,SALARY_MISMATCH
CASE-2679,80000.0,80000.0,80000.0,2,8000.0,14916.53,14916.53,4,0.0,0.0,6916.53,86.46,0,0,0,0,0,EMI_MISMATCH
CASE-2680,30000.0,30000.0,30000.0,3,8000.0,8000.0,8000.0,4,0.0,0.0,0.0,0.0,139,0,0,0,0,EMPLOYMENT_MISMATCH
CASE-2681,45000.0,45000.0,45000.0,5,8000.0,10114.81,10114.81,1,0.0,0.0,2114.81,26.44,0,0,0,0,0,EMI_MISMATCH
CASE-2682,150000.0,147279.48,151230.68,4,20000.0,20280.24,19947.26,4,1230.68,0.82,52.74,0.26,1,0,0,0,0,CONSISTENT
CASE-2683,45000.0,45000.0,0.0,0,3000.0,3000.0,3000.0,4,45000.0,100.0,0.0,0.0,0,2,2,0,2,DATA_QUALITY_ISSUE
CASE-2684,150000.0,105000.0,105000.0,5,3000.0,3000.0,11000.0,2,45000.0,30.0,8000.0,266.67,51,0,0,0,0,MULTIPLE_MISMATCH
CASE-2685,100000.0,130724.1,130724.1,6,20000.0,20000.0,20000.0,2,30724.1,30.72,0.0,0.0,0,0,0,0,0,SALARY_MISMATCH
CASE-2686,80000.0,80000.0,80000.0,5,20000.0,32708.42,32708.42,2,0.0,0.0,12708.42,63.54,0,0,0,0,0,EMI_MISMATCH
CASE-2687,30000.0,19684.72,19684.72,6,3000.0,3000.0,3000.0,1,10315.28,34.38,0.0,0.0,0,0,0,0,0,SALARY_MISMATCH
CASE-2688,45000.0,52931.6,52931.6,5,8000.0,8000.0,8000.0,4,7931.6,17.63,0.0,0.0,0,0,0,0,0,SALARY_MISMATCH
CASE-2689,80000.0,56000.0,56000.0,3,20000.0,20000.0,28000.0,3,24000.0,30.0,8000.0,40.0,45,0,0,0,0,MULTIPLE_MISMATCH
CASE-2690,60000.0,60000.0,60000.0,6,12000.0,12000.0,12000.0,4,0.0,0.0,0.0,0.0,86,0,0,0,0,EMPLOYMENT_MISMATCH
CASE-2691,30000.0,43527.15,43527.15,2,0.0,0.0,0.0,0,13527.15,45.09,0.0,0.0,0,0,0,0,0,SALARY_MISMATCH
CASE-2692,80000.0,80000.0,80000.0,4,20000.0,20000.0,20000.0,1,0.0,0.0,0.0,0.0,297,0,0,0,0,EMPLOYMENT_MISMATCH
CASE-2693,45000.0,45000.0,45000.0,3,3000.0,11160.96,11160.96,1,0.0,0.0,8160.96,272.03,0,0,0,0,0,EMI_MISMATCH
CASE-2694,45000.0,45290.35,45740.26,4,0.0,0.0,0.0,0,740.26,1.65,0.0,0.0,0,0,0,0,0,CONSISTENT
CASE-2695,45000.0,61967.76,61967.76,4,5000.0,5000.0,5000.0,3,16967.76,37.71,0.0,0.0,0,0,0,0,0,SALARY_MISMATCH
CASE-2696,150000.0,105000.0,105000.0,2,12000.0,12000.0,20000.0,2,45000.0,30.0,8000.0,66.67,51,0,0,0,0,MULTIPLE_MISMATCH
CASE-2697,60000.0,42000.0,42000.0,6,5000.0,5000.0,13000.0,4,18000.0,30.0,8000.0,160.0,27,0,0,0,0,MULTIPLE_MISMATCH
CASE-2698,100000.0,100000.0,100000.0,4,5000.0,5000.0,5000.0,3,0.0,0.0,0.0,0.0,0,1,1,0,2,DATA_QUALITY_ISSUE
CASE-2699,30000.0,30000.0,30000.0,4,8000.0,8000.0,8000.0,1,0.0,0.0,0.0,0.0,475,0,0,0,0,EMPLOYMENT_MISMATCH
CASE-2700,45000.0,31500.0,31500.0,2,0.0,0.0,8000.0,0,13500.0,30.0,8000.0,100.0,121,0,0,0,0,MULTIPLE_MISMATCH
CASE-2701,150000.0,95224.52,95224.52,5,3000.0,3000.0,3000.0,3,54775.48,36.52,0.0,0.0,0,0,0,0,0,SALARY_MISMATCH
CASE-2702,45000.0,31500.0,31500.0,4,0.0,0.0,8000.0,0,13500.0,30.0,8000.0,100.0,111,0,0,0,0,MULTIPLE_MISMATCH
CASE-2703,150000.0,105000.0,105000.0,5,20000.0,20000.0,28000.0,2,45000.0,30.0,8000.0,40.0,50,0,0,0,0,MULTIPLE_MISMATCH
CASE-2704,45000.0,45211.12,44829.28,6,20000.0,19843.49,20145.99,4,170.72,0.38,145.99,0.73,1,0,0,0,0,CONSISTENT
CASE-2705,30000.0,21000.0,21000.0,5,0.0,0.0,8000.0,0,9000.0,30.0,8000.0,100.0,53,0,0,0,0,MULTIPLE_MISMATCH
CASE-2706,30000.0,30000.0,0.0,0,8000.0,8000.0,8000.0,1,30000.0,100.0,0.0,0.0,0,2,2,0,0,DATA_QUALITY_ISSUE
CASE-2707,30000.0,30473.16,29970.24,2,3000.0,3053.41,2965.73,4,29.76,0.1,34.27,1.14,0,0,0,0,0,CONSISTENT
CASE-2708,30000.0,30417.22,30591.11,2,8000.0,8057.41,8139.74,2,591.11,1.97,139.74,1.75,0,0,0,0,0,CONSISTENT
CASE-2709,30000.0,21000.0,21000.0,6,8000.0,8000.0,16000.0,3,9000.0,30.0,8000.0,100.0,158,0,0,0,0,MULTIPLE_MISMATCH
CASE-2710,80000.0,104099.28,104099.28,2,8000.0,8000.0,8000.0,1,24099.28,30.12,0.0,0.0,0,0,0,0,0,SALARY_MISMATCH
CASE-2711,45000.0,29354.11,29354.11,6,12000.0,12000.0,12000.0,1,15645.89,34.77,0.0,0.0,0,0,0,0,0,SALARY_MISMATCH
CASE-2712,45000.0,65642.26,65642.26,6,0.0,0.0,0.0,0,20642.26,45.87,0.0,0.0,0,0,0,0,0,SALARY_MISMATCH
CASE-2713,100000.0,119871.57,119871.57,5,5000.0,5000.0,5000.0,1,19871.57,19.87,0.0,0.0,0,0,0,0,0,SALARY_MISMATCH
CASE-2714,150000.0,149480.84,149770.67,6,0.0,0.0,0.0,0,229.33,0.15,0.0,0.0,0,0,0,0,0,CONSISTENT
CASE-2715,100000.0,98726.03,98055.93,2,0.0,0.0,0.0,0,1944.07,1.94,0.0,0.0,0,0,0,0,0,CONSISTENT
CASE-2716,60000.0,60000.0,60000.0,3,8000.0,8000.0,8000.0,2,0.0,0.0,0.0,0.0,454,0,0,0,0,EMPLOYMENT_MISMATCH
CASE-2717,150000.0,150000.0,150000.0,6,0.0,2193.3,2193.3,0,0.0,0.0,2193.3,100.0,0,0,0,0,0,EMI_MISMATCH
CASE-2718,150000.0,195571.03,195571.03,5,0.0,0.0,0.0,0,45571.03,30.38,0.0,0.0,0,0,0,0,0,SALARY_MISMATCH
CASE-2719,150000.0,152080.33,148851.4,6,0.0,0.0,0.0,0,1148.6,0.77,0.0,0.0,0,0,0,0,0,CONSISTENT
CASE-2720,80000.0,80000.0,80000.0,5,3000.0,3000.0,3000.0,1,0.0,0.0,0.0,0.0,0,2,1,0,1,DATA_QUALITY_ISSUE
CASE-2721,60000.0,60746.65,60908.44,6,20000.0,19657.16,19625.97,3,908.44,1.51,374.03,1.87,1,0,0,0,0,CONSISTENT
CASE-2722,150000.0,150000.0,150000.0,4,0.0,0.0,0.0,0,0.0,0.0,0.0,0.0,76,0,0,0,0,EMPLOYMENT_MISMATCH
CASE-2723,80000.0,78559.39,79243.76,2,3000.0,2947.8,2984.27,1,756.24,0.95,15.73,0.52,0,0,0,0,0,CONSISTENT
CASE-2724,150000.0,105000.0,105000.0,4,3000.0,3000.0,11000.0,2,45000.0,30.0,8000.0,266.67,61,0,0,0,0,MULTIPLE_MISMATCH
CASE-2725,45000.0,45000.0,45000.0,4,5000.0,5000.0,5000.0,1,0.0,0.0,0.0,0.0,108,0,0,0,0,EMPLOYMENT_MISMATCH
CASE-2726,45000.0,45000.0,45000.0,4,3000.0,3000.0,3000.0,4,0.0,0.0,0.0,0.0,377,0,0,0,0,EMPLOYMENT_MISMATCH
CASE-2727,150000.0,105000.0,105000.0,3,20000.0,20000.0,28000.0,1,45000.0,30.0,8000.0,40.0,172,0,0,0,0,MULTIPLE_MISMATCH
CASE-2728,80000.0,78435.69,79175.44,4,8000.0,8057.21,7913.95,2,824.56,1.03,86.05,1.08,0,0,0,0,0,CONSISTENT
CASE-2729,45000.0,62676.69,62676.69,2,3000.0,3000.0,3000.0,3,17676.69,39.28,0.0,0.0,0,0,0,0,0,SALARY_MISMATCH
CASE-2730,80000.0,104760.6,104760.6,4,5000.0,5000.0,5000.0,2,24760.6,30.95,0.0,0.0,0,0,0,0,0,SALARY_MISMATCH
CASE-2731,80000.0,78480.05,80332.41,4,0.0,0.0,0.0,0,332.41,0.42,0.0,0.0,0,0,0,0,0,CONSISTENT
CASE-2732,45000.0,45641.82,44967.77,5,0.0,0.0,0.0,0,32.23,0.07,0.0,0.0,0,0,0,0,0,CONSISTENT
CASE-2733,80000.0,80000.0,80000.0,2,5000.0,5000.0,5000.0,2,0.0,0.0,0.0,0.0,152,0,0,0,0,EMPLOYMENT_MISMATCH
CASE-2734,100000.0,136396.11,136396.11,6,20000.0,20000.0,20000.0,2,36396.11,36.4,0.0,0.0,0,0,0,0,0,SALARY_MISMATCH
CASE-2735,100000.0,98073.83,101327.55,6,5000.0,4934.94,5003.1,4,1327.55,1.33,3.1,0.06,0,0,0,0,0,CONSISTENT
CASE-2736,45000.0,45103.98,45272.4,4,3000.0,2958.49,3017.58,1,272.4,0.61,17.58,0.59,0,0,0,0,0,CONSISTENT
CASE-2737,150000.0,149034.53,151259.37,5,5000.0,4909.57,4981.57,4,1259.37,0.84,18.43,0.37,0,0,0,0,0,CONSISTENT
CASE-2738,100000.0,100000.0,100000.0,5,0.0,0.0,0.0,0,0.0,0.0,0.0,0.0,44,0,0,0,0,EMPLOYMENT_MISMATCH
CASE-2739,30000.0,30000.0,30000.0,5,0.0,0.0,0.0,0,0.0,0.0,0.0,0.0,354,0,0,0,0,EMPLOYMENT_MISMATCH
CASE-2740,150000.0,148348.88,152997.81,3,3000.0,2999.49,3032.57,1,2997.81,2.0,32.57,1.09,0,0,0,0,0,CONSISTENT
CASE-2741,60000.0,59448.0,60403.05,6,20000.0,20245.08,19731.32,1,403.05,0.67,268.68,1.34,0,0,0,0,0,CONSISTENT
CASE-2742,150000.0,198876.15,198876.15,6,3000.0,3000.0,3000.0,2,48876.15,32.58,0.0,0.0,0,0,0,0,0,SALARY_MISMATCH
CASE-2743,60000.0,42000.0,42000.0,5,5000.0,5000.0,13000.0,4,18000.0,30.0,8000.0,160.0,36,0,0,0,0,MULTIPLE_MISMATCH
CASE-2744,45000.0,45000.0,45000.0,6,3000.0,3000.0,3000.0,2,0.0,0.0,0.0,0.0,430,0,0,0,0,EMPLOYMENT_MISMATCH
CASE-2745,80000.0,80691.61,79502.2,3,5000.0,5057.33,4967.79,3,497.8,0.62,32.21,0.64,0,0,0,0,0,CONSISTENT
CASE-2746,60000.0,60000.0,60000.0,3,0.0,0.0,0.0,0,0.0,0.0,0.0,0.0,305,0,0,0,0,EMPLOYMENT_MISMATCH
CASE-2747,30000.0,29890.18,29818.44,5,3000.0,3031.64,2951.63,4,181.56,0.61,48.37,1.61,0,0,0,0,0,CONSISTENT
CASE-2748,150000.0,78026.97,78026.97,2,5000.0,5000.0,5000.0,4,71973.03,47.98,0.0,0.0,0,0,0,0,0,SALARY_MISMATCH
CASE-2749,45000.0,45000.0,0.0,0,8000.0,8000.0,8000.0,3,45000.0,100.0,0.0,0.0,0,1,1,0,0,DATA_QUALITY_ISSUE
CASE-2750,150000.0,150575.56,150866.19,6,5000.0,5051.5,4923.6,3,866.19,0.58,76.4,1.53,1,0,0,0,0,CONSISTENT
CASE-2751,150000.0,105000.0,105000.0,4,5000.0,5000.0,13000.0,2,45000.0,30.0,8000.0,160.0,164,0,0,0,0,MULTIPLE_MISMATCH
CASE-2752,100000.0,100000.0,100000.0,6,12000.0,16622.1,16622.1,3,0.0,0.0,4622.1,38.52,0,0,0,0,0,EMI_MISMATCH
CASE-2753,45000.0,37380.32,37380.32,2,8000.0,8000.0,8000.0,2,7619.68,16.93,0.0,0.0,0,0,0,0,0,SALARY_MISMATCH
CASE-2754,45000.0,45000.0,45000.0,6,0.0,0.0,0.0,0,0.0,0.0,0.0,0.0,0,1,2,0,0,DATA_QUALITY_ISSUE
CASE-2755,150000.0,150000.0,150000.0,3,0.0,2333.22,2333.22,0,0.0,0.0,2333.22,100.0,0,0,0,0,0,EMI_MISMATCH
CASE-2756,30000.0,30000.0,0.0,0,20000.0,20000.0,0.0,0,30000.0,100.0,20000.0,100.0,0,2,1,0,2,DATA_QUALITY_ISSUE
CASE-2757,150000.0,124356.58,124356.58,4,12000.0,12000.0,12000.0,3,25643.42,17.1,0.0,0.0,0,0,0,0,0,SALARY_MISMATCH
CASE-2758,45000.0,45000.0,45000.0,5,20000.0,20000.0,20000.0,3,0.0,0.0,0.0,0.0,0,1,3,0,1,DATA_QUALITY_ISSUE
CASE-2759,30000.0,30000.0,30000.0,6,20000.0,20000.0,20000.0,3,0.0,0.0,0.0,0.0,38,0,0,0,0,EMPLOYMENT_MISMATCH
CASE-2760,80000.0,56752.66,56752.66,3,3000.0,3000.0,3000.0,1,23247.34,29.06,0.0,0.0,0,0,0,0,0,SALARY_MISMATCH
CASE-2761,30000.0,30000.0,30000.0,2,5000.0,5000.0,5000.0,1,0.0,0.0,0.0,0.0,374,0,0,0,0,EMPLOYMENT_MISMATCH
CASE-2762,150000.0,150000.0,150000.0,3,8000.0,11720.3,11720.3,4,0.0,0.0,3720.3,46.5,0,0,0,0,0,EMI_MISMATCH
CASE-2763,45000.0,45000.0,45000.0,6,3000.0,17728.34,17728.34,4,0.0,0.0,14728.34,490.94,0,0,0,0,0,EMI_MISMATCH
CASE-2764,100000.0,100000.0,100000.0,5,0.0,0.0,0.0,0,0.0,0.0,0.0,0.0,305,0,0,0,0,EMPLOYMENT_MISMATCH
CASE-2765,60000.0,42000.0,42000.0,2,12000.0,12000.0,20000.0,1,18000.0,30.0,8000.0,66.67,152,0,0,0,0,MULTIPLE_MISMATCH
CASE-2766,60000.0,60500.95,59122.63,2,12000.0,12150.75,12050.93,4,877.37,1.46,50.93,0.42,0,0,0,0,0,CONSISTENT
CASE-2767,30000.0,30000.0,0.0,0,8000.0,8000.0,0.0,0,30000.0,100.0,8000.0,100.0,0,2,2,0,0,DATA_QUALITY_ISSUE
CASE-2768,30000.0,29502.97,30563.43,2,3000.0,2944.64,3030.42,1,563.43,1.88,30.42,1.01,1,0,0,0,0,CONSISTENT
CASE-2769,45000.0,63199.52,63199.52,4,3000.0,3000.0,3000.0,2,18199.52,40.44,0.0,0.0,0,0,0,0,0,SALARY_MISMATCH
CASE-2770,80000.0,80000.0,80000.0,3,3000.0,3000.0,3000.0,1,0.0,0.0,0.0,0.0,0,2,3,0,2,DATA_QUALITY_ISSUE
CASE-2771,100000.0,70000.0,70000.0,6,5000.0,5000.0,13000.0,3,30000.0,30.0,8000.0,160.0,198,0,0,0,0,MULTIPLE_MISMATCH
CASE-2772,80000.0,65193.51,65193.51,3,5000.0,5000.0,5000.0,2,14806.49,18.51,0.0,0.0,0,0,0,0,0,SALARY_MISMATCH
CASE-2773,60000.0,60000.0,0.0,0,3000.0,3000.0,3000.0,1,60000.0,100.0,0.0,0.0,0,2,2,0,2,DATA_QUALITY_ISSUE
CASE-2774,80000.0,80320.65,80043.69,3,20000.0,20155.63,19644.39,4,43.69,0.05,355.61,1.78,0,0,0,0,0,CONSISTENT
CASE-2775,45000.0,44243.81,45639.87,4,12000.0,11804.11,12160.54,4,639.87,1.42,160.54,1.34,0,0,0,0,0,CONSISTENT
CASE-2776,80000.0,100476.93,100476.93,6,0.0,0.0,0.0,0,20476.93,25.6,0.0,0.0,0,0,0,0,0,SALARY_MISMATCH
CASE-2777,45000.0,66804.34,66804.34,6,5000.0,5000.0,5000.0,2,21804.34,48.45,0.0,0.0,0,0,0,0,0,SALARY_MISMATCH
CASE-2778,30000.0,30000.0,30000.0,3,3000.0,3000.0,3000.0,1,0.0,0.0,0.0,0.0,95,0,0,0,0,EMPLOYMENT_MISMATCH
CASE-2779,80000.0,80000.0,80000.0,4,8000.0,8000.0,8000.0,2,0.0,0.0,0.0,0.0,481,0,0,0,0,EMPLOYMENT_MISMATCH
CASE-2780,100000.0,100000.0,100000.0,6,0.0,8159.51,8159.51,0,0.0,0.0,8159.51,100.0,0,0,0,0,0,EMI_MISMATCH
CASE-2781,100000.0,76949.98,76949.98,4,12000.0,12000.0,12000.0,2,23050.02,23.05,0.0,0.0,0,0,0,0,0,SALARY_MISMATCH
CASE-2782,150000.0,148214.77,152340.69,2,8000.0,8114.89,7864.55,3,2340.69,1.56,135.45,1.69,1,0,0,0,0,CONSISTENT
CASE-2783,80000.0,80457.64,79888.4,2,3000.0,3056.52,3021.42,4,111.6,0.14,21.42,0.71,0,0,0,0,0,CONSISTENT
CASE-2784,100000.0,98859.01,101337.89,4,8000.0,7974.49,8024.66,4,1337.89,1.34,24.66,0.31,1,0,0,0,0,CONSISTENT
CASE-2785,100000.0,70000.0,70000.0,4,8000.0,8000.0,16000.0,1,30000.0,30.0,8000.0,100.0,189,0,0,0,0,MULTIPLE_MISMATCH
CASE-2786,60000.0,73032.88,73032.88,6,12000.0,12000.0,12000.0,4,13032.88,21.72,0.0,0.0,0,0,0,0,0,SALARY_MISMATCH
CASE-2787,80000.0,56000.0,56000.0,6,3000.0,3000.0,11000.0,1,24000.0,30.0,8000.0,266.67,199,0,0,0,0,MULTIPLE_MISMATCH
CASE-2788,100000.0,123498.05,123498.05,3,3000.0,3000.0,3000.0,1,23498.05,23.5,0.0,0.0,0,0,0,0,0,SALARY_MISMATCH
CASE-2789,45000.0,44711.09,45324.29,5,5000.0,4911.63,5085.82,4,324.29,0.72,85.82,1.72,0,0,0,0,0,CONSISTENT
CASE-2790,60000.0,59425.33,60112.6,2,8000.0,7899.89,7850.44,4,112.6,0.19,149.56,1.87,0,0,0,0,0,CONSISTENT
CASE-2791,30000.0,30000.0,0.0,0,5000.0,5000.0,5000.0,1,30000.0,100.0,0.0,0.0,0,1,3,0,0,DATA_QUALITY_ISSUE
CASE-2792,45000.0,45595.87,45289.8,2,20000.0,19915.83,20195.34,2,289.8,0.64,195.34,0.98,0,0,0,0,0,CONSISTENT
CASE-2793,60000.0,42000.0,42000.0,3,20000.0,20000.0,28000.0,3,18000.0,30.0,8000.0,40.0,94,0,0,0,0,MULTIPLE_MISMATCH
CASE-2794,45000.0,60836.33,60836.33,2,3000.0,3000.0,3000.0,1,15836.33,35.19,0.0,0.0,0,0,0,0,0,SALARY_MISMATCH
CASE-2795,45000.0,45000.0,45000.0,5,20000.0,27079.33,27079.33,1,0.0,0.0,7079.33,35.4,0,0,0,0,0,EMI_MISMATCH
CASE-2796,60000.0,60000.0,60000.0,6,0.0,0.0,0.0,0,0.0,0.0,0.0,0.0,0,2,2,0,0,DATA_QUALITY_ISSUE
CASE-2797,45000.0,45000.0,45000.0,4,3000.0,17187.84,17187.84,1,0.0,0.0,14187.84,472.93,0,0,0,0,0,EMI_MISMATCH
CASE-2798,80000.0,80000.0,80000.0,4,20000.0,20000.0,20000.0,2,0.0,0.0,0.0,0.0,67,0,0,0,0,EMPLOYMENT_MISMATCH
CASE-2799,150000.0,150000.0,150000.0,6,20000.0,29698.47,29698.47,4,0.0,0.0,9698.47,48.49,0,0,0,0,0,EMI_MISMATCH
CASE-2800,100000.0,70000.0,70000.0,2,3000.0,3000.0,11000.0,4,30000.0,30.0,8000.0,266.67,163,0,0,0,0,MULTIPLE_MISMATCH
CASE-2801,80000.0,80228.36,79211.93,2,5000.0,5060.27,4914.05,1,788.07,0.99,85.95,1.72,0,0,0,0,0,CONSISTENT
CASE-2802,80000.0,80000.0,80000.0,2,0.0,13315.34,13315.34,0,0.0,0.0,13315.34,100.0,0,0,0,0,0,EMI_MISMATCH
CASE-2803,60000.0,45599.28,45599.28,5,12000.0,12000.0,12000.0,3,14400.72,24.0,0.0,0.0,0,0,0,0,0,SALARY_MISMATCH
CASE-2804,60000.0,60000.0,60000.0,2,0.0,3792.68,3792.68,0,0.0,0.0,3792.68,100.0,0,0,0,0,0,EMI_MISMATCH
CASE-2805,60000.0,60000.0,60000.0,3,3000.0,13339.37,13339.37,1,0.0,0.0,10339.37,344.65,0,0,0,0,0,EMI_MISMATCH
CASE-2806,60000.0,42000.0,42000.0,5,3000.0,3000.0,11000.0,1,18000.0,30.0,8000.0,266.67,92,0,0,0,0,MULTIPLE_MISMATCH
CASE-2807,80000.0,110920.91,110920.91,6,3000.0,3000.0,3000.0,4,30920.91,38.65,0.0,0.0,0,0,0,0,0,SALARY_MISMATCH
CASE-2808,45000.0,45000.0,45000.0,2,12000.0,12000.0,0.0,0,0.0,0.0,12000.0,100.0,0,2,2,0,1,DATA_QUALITY_ISSUE
CASE-2809,80000.0,80000.0,0.0,0,12000.0,12000.0,0.0,0,80000.0,100.0,12000.0,100.0,0,2,2,0,1,DATA_QUALITY_ISSUE
CASE-2810,45000.0,45000.0,0.0,0,12000.0,12000.0,12000.0,1,45000.0,100.0,0.0,0.0,0,2,3,0,2,DATA_QUALITY_ISSUE
CASE-2811,45000.0,45000.0,0.0,0,8000.0,8000.0,8000.0,2,45000.0,100.0,0.0,0.0,0,1,1,0,0,DATA_QUALITY_ISSUE
CASE-2812,80000.0,56000.0,56000.0,3,5000.0,5000.0,13000.0,2,24000.0,30.0,8000.0,160.0,178,0,0,0,0,MULTIPLE_MISMATCH
CASE-2813,45000.0,54102.81,54102.81,6,8000.0,8000.0,8000.0,3,9102.81,20.23,0.0,0.0,0,0,0,0,0,SALARY_MISMATCH
CASE-2814,150000.0,198187.73,198187.73,5,5000.0,5000.0,5000.0,4,48187.73,32.13,0.0,0.0,0,0,0,0,0,SALARY_MISMATCH
CASE-2815,60000.0,59803.2,59005.51,3,12000.0,11805.2,11888.32,1,994.49,1.66,111.68,0.93,0,0,0,0,0,CONSISTENT
CASE-2816,80000.0,80000.0,80000.0,3,8000.0,10896.84,10896.84,3,0.0,0.0,2896.84,36.21,0,0,0,0,0,EMI_MISMATCH
CASE-2817,45000.0,45000.0,0.0,0,8000.0,8000.0,0.0,0,45000.0,100.0,8000.0,100.0,0,2,2,0,2,DATA_QUALITY_ISSUE
CASE-2818,100000.0,99473.5,100852.11,3,0.0,0.0,0.0,0,852.11,0.85,0.0,0.0,1,0,0,0,0,CONSISTENT
CASE-2819,30000.0,29887.59,29600.21,4,20000.0,19618.47,19706.7,3,399.79,1.33,293.3,1.47,0,0,0,0,0,CONSISTENT
CASE-2820,45000.0,45000.0,45000.0,4,3000.0,9502.73,9502.73,1,0.0,0.0,6502.73,216.76,0,0,0,0,0,EMI_MISMATCH
CASE-2821,100000.0,100000.0,100000.0,6,3000.0,14329.39,14329.39,2,0.0,0.0,11329.39,377.65,0,0,0,0,0,EMI_MISMATCH
CASE-2822,30000.0,30000.0,30000.0,2,8000.0,8000.0,8000.0,2,0.0,0.0,0.0,0.0,289,0,0,0,0,EMPLOYMENT_MISMATCH
CASE-2823,150000.0,105000.0,105000.0,6,12000.0,12000.0,20000.0,1,45000.0,30.0,8000.0,66.67,123,0,0,0,0,MULTIPLE_MISMATCH
CASE-2824,45000.0,45000.0,45000.0,4,0.0,3064.2,3064.2,0,0.0,0.0,3064.2,100.0,0,0,0,0,0,EMI_MISMATCH
CASE-2825,45000.0,45093.66,44743.28,3,5000.0,5093.2,5092.71,2,256.72,0.57,92.71,1.85,0,0,0,0,0,CONSISTENT
CASE-2826,80000.0,103430.21,103430.21,2,3000.0,3000.0,3000.0,3,23430.21,29.29,0.0,0.0,0,0,0,0,0,SALARY_MISMATCH
CASE-2827,150000.0,151914.99,152976.87,5,12000.0,11918.18,11943.18,4,2976.87,1.98,56.82,0.47,0,0,0,0,0,CONSISTENT
CASE-2828,150000.0,150000.0,150000.0,6,8000.0,16113.05,16113.05,3,0.0,0.0,8113.05,101.41,0,0,0,0,0,EMI_MISMATCH
CASE-2829,60000.0,60000.0,60000.0,6,8000.0,8000.0,8000.0,3,0.0,0.0,0.0,0.0,244,0,0,0,0,EMPLOYMENT_MISMATCH
CASE-2830,30000.0,30000.0,30000.0,4,12000.0,12000.0,12000.0,2,0.0,0.0,0.0,0.0,83,0,0,0,0,EMPLOYMENT_MISMATCH
CASE-2831,80000.0,80000.0,80000.0,5,12000.0,12000.0,12000.0,1,0.0,0.0,0.0,0.0,283,0,0,0,0,EMPLOYMENT_MISMATCH
CASE-2832,60000.0,30882.38,30882.38,3,5000.0,5000.0,5000.0,1,29117.62,48.53,0.0,0.0,0,0,0,0,0,SALARY_MISMATCH
CASE-2833,100000.0,100000.0,100000.0,3,20000.0,22776.24,22776.24,4,0.0,0.0,2776.24,13.88,0,0,0,0,0,EMI_MISMATCH
CASE-2834,80000.0,80000.0,0.0,0,20000.0,20000.0,0.0,0,80000.0,100.0,20000.0,100.0,0,1,2,0,2,DATA_QUALITY_ISSUE
CASE-2835,150000.0,177963.99,177963.99,5,5000.0,5000.0,5000.0,2,27963.99,18.64,0.0,0.0,0,0,0,0,0,SALARY_MISMATCH
CASE-2836,60000.0,60000.0,60000.0,2,8000.0,8000.0,8000.0,3,0.0,0.0,0.0,0.0,35,0,0,0,0,EMPLOYMENT_MISMATCH
CASE-2837,30000.0,29651.38,29436.48,2,5000.0,4986.72,5013.9,3,563.52,1.88,13.9,0.28,0,0,0,0,0,CONSISTENT
CASE-2838,80000.0,56000.0,56000.0,6,0.0,0.0,8000.0,0,24000.0,30.0,8000.0,100.0,44,0,0,0,0,MULTIPLE_MISMATCH
CASE-2839,100000.0,119019.02,119019.02,3,12000.0,12000.0,12000.0,3,19019.02,19.02,0.0,0.0,0,0,0,0,0,SALARY_MISMATCH
CASE-2840,80000.0,80000.0,80000.0,6,5000.0,5000.0,5000.0,3,0.0,0.0,0.0,0.0,0,1,1,0,0,DATA_QUALITY_ISSUE
CASE-2841,60000.0,60000.0,60000.0,4,12000.0,25555.5,25555.5,2,0.0,0.0,13555.5,112.96,0,0,0,0,0,EMI_MISMATCH
CASE-2842,30000.0,30000.0,30000.0,4,0.0,13728.29,13728.29,0,0.0,0.0,13728.29,100.0,0,0,0,0,0,EMI_MISMATCH
CASE-2843,30000.0,43594.35,43594.35,6,20000.0,20000.0,20000.0,2,13594.35,45.31,0.0,0.0,0,0,0,0,0,SALARY_MISMATCH
CASE-2844,45000.0,45000.0,45000.0,2,20000.0,20000.0,20000.0,2,0.0,0.0,0.0,0.0,461,0,0,0,0,EMPLOYMENT_MISMATCH
CASE-2845,80000.0,80000.0,80000.0,4,12000.0,12000.0,0.0,0,0.0,0.0,12000.0,100.0,0,1,3,0,0,DATA_QUALITY_ISSUE
CASE-2846,45000.0,45514.98,44318.79,2,3000.0,2953.97,2964.53,3,681.21,1.51,35.47,1.18,0,0,0,0,0,CONSISTENT
CASE-2847,30000.0,29591.96,29417.07,4,3000.0,3033.85,3037.48,4,582.93,1.94,37.48,1.25,0,0,0,0,0,CONSISTENT
CASE-2848,60000.0,59840.51,59375.03,4,8000.0,8038.84,7897.11,3,624.97,1.04,102.89,1.29,0,0,0,0,0,CONSISTENT
CASE-2849,45000.0,45000.0,45000.0,6,12000.0,12000.0,12000.0,4,0.0,0.0,0.0,0.0,479,0,0,0,0,EMPLOYMENT_MISMATCH
CASE-2850,80000.0,80000.0,80000.0,2,20000.0,20000.0,20000.0,1,0.0,0.0,0.0,0.0,0,1,1,0,0,DATA_QUALITY_ISSUE
CASE-2851,45000.0,31500.0,31500.0,4,20000.0,20000.0,28000.0,3,13500.0,30.0,8000.0,40.0,168,0,0,0,0,MULTIPLE_MISMATCH
CASE-2852,30000.0,24818.56,24818.56,5,12000.0,12000.0,12000.0,2,5181.44,17.27,0.0,0.0,0,0,0,0,0,SALARY_MISMATCH
CASE-2853,45000.0,45000.0,45000.0,6,0.0,11334.08,11334.08,0,0.0,0.0,11334.08,100.0,0,0,0,0,0,EMI_MISMATCH
CASE-2854,45000.0,45000.0,45000.0,6,20000.0,20000.0,0.0,0,0.0,0.0,20000.0,100.0,0,2,1,0,1,DATA_QUALITY_ISSUE
CASE-2855,80000.0,80000.0,80000.0,4,12000.0,12000.0,12000.0,2,0.0,0.0,0.0,0.0,0,2,1,0,2,DATA_QUALITY_ISSUE
CASE-2856,150000.0,150000.0,150000.0,6,12000.0,16271.09,16271.09,1,0.0,0.0,4271.09,35.59,0,0,0,0,0,EMI_MISMATCH
CASE-2857,30000.0,30354.7,30100.6,3,8000.0,8054.82,8156.86,4,100.6,0.34,156.86,1.96,0,0,0,0,0,CONSISTENT
CASE-2858,150000.0,148700.39,150840.54,5,3000.0,3012.91,2958.41,4,840.54,0.56,41.59,1.39,0,0,0,0,0,CONSISTENT
CASE-2859,100000.0,98754.69,100276.17,4,0.0,0.0,0.0,0,276.17,0.28,0.0,0.0,0,0,0,0,0,CONSISTENT
CASE-2860,100000.0,100000.0,100000.0,6,3000.0,3000.0,3000.0,4,0.0,0.0,0.0,0.0,396,0,0,0,0,EMPLOYMENT_MISMATCH
CASE-2861,45000.0,45217.74,45575.07,5,8000.0,8083.64,8156.15,4,575.07,1.28,156.15,1.95,0,0,0,0,0,CONSISTENT
CASE-2862,150000.0,148536.27,147719.36,6,5000.0,5082.3,5099.59,4,2280.64,1.52,99.59,1.99,0,0,0,0,0,CONSISTENT
CASE-2863,45000.0,44595.1,45602.75,3,3000.0,2975.27,2946.83,2,602.75,1.34,53.17,1.77,0,0,0,0,0,CONSISTENT
CASE-2864,45000.0,44894.32,44218.13,5,20000.0,19921.15,20211.88,2,781.87,1.74,211.88,1.06,1,0,0,0,0,CONSISTENT
CASE-2865,150000.0,105000.0,105000.0,3,3000.0,3000.0,11000.0,3,45000.0,30.0,8000.0,266.67,123,0,0,0,0,MULTIPLE_MISMATCH
CASE-2866,60000.0,60000.0,60000.0,5,20000.0,20000.0,20000.0,2,0.0,0.0,0.0,0.0,461,0,0,0,0,EMPLOYMENT_MISMATCH
CASE-2867,45000.0,45197.45,44299.06,4,5000.0,5025.55,4937.35,3,700.94,1.56,62.65,1.25,0,0,0,0,0,CONSISTENT
CASE-2868,60000.0,78712.38,78712.38,3,20000.0,20000.0,20000.0,1,18712.38,31.19,0.0,0.0,0,0,0,0,0,SALARY_MISMATCH
CASE-2869,60000.0,60898.2,59210.43,6,20000.0,19940.69,19749.74,3,789.57,1.32,250.26,1.25,0,0,0,0,0,CONSISTENT
CASE-2870,60000.0,60000.0,60000.0,6,12000.0,12000.0,12000.0,1,0.0,0.0,0.0,0.0,268,0,0,0,0,EMPLOYMENT_MISMATCH
CASE-2871,150000.0,217241.25,217241.25,6,20000.0,20000.0,20000.0,3,67241.25,44.83,0.0,0.0,0,0,0,0,0,SALARY_MISMATCH
CASE-2872,30000.0,30000.0,30000.0,5,12000.0,21535.55,21535.55,4,0.0,0.0,9535.55,79.46,0,0,0,0,0,EMI_MISMATCH
CASE-2873,150000.0,147149.26,149261.01,5,12000.0,12189.98,11891.83,3,738.99,0.49,108.17,0.9,1,0,0,0,0,CONSISTENT
CASE-2874,30000.0,30134.78,29926.0,4,5000.0,5045.35,5078.98,3,74.0,0.25,78.98,1.58,1,0,0,0,0,CONSISTENT
CASE-2875,150000.0,150000.0,150000.0,2,12000.0,26124.86,26124.86,2,0.0,0.0,14124.86,117.71,0,0,0,0,0,EMI_MISMATCH
CASE-2876,100000.0,101052.24,100657.42,5,3000.0,2969.5,3044.01,2,657.42,0.66,44.01,1.47,0,0,0,0,0,CONSISTENT
CASE-2877,60000.0,33848.35,33848.35,2,8000.0,8000.0,8000.0,3,26151.65,43.59,0.0,0.0,0,0,0,0,0,SALARY_MISMATCH
CASE-2878,150000.0,150000.0,150000.0,4,3000.0,3000.0,3000.0,1,0.0,0.0,0.0,0.0,432,0,0,0,0,EMPLOYMENT_MISMATCH
CASE-2879,80000.0,80427.94,79111.33,4,20000.0,19642.73,20092.1,2,888.67,1.11,92.1,0.46,0,0,0,0,0,CONSISTENT
CASE-2880,80000.0,79121.86,81294.9,2,20000.0,19980.07,19779.15,1,1294.9,1.62,220.85,1.1,0,0,0,0,0,CONSISTENT
CASE-2881,100000.0,70000.0,70000.0,2,0.0,0.0,8000.0,0,30000.0,30.0,8000.0,100.0,154,0,0,0,0,MULTIPLE_MISMATCH
CASE-2882,30000.0,21000.0,21000.0,3,20000.0,20000.0,28000.0,3,9000.0,30.0,8000.0,40.0,65,0,0,0,0,MULTIPLE_MISMATCH
CASE-2883,80000.0,79032.55,80155.15,4,20000.0,19692.84,19618.49,3,155.15,0.19,381.51,1.91,0,0,0,0,0,CONSISTENT
CASE-2884,45000.0,44356.12,45375.26,4,0.0,0.0,0.0,0,375.26,0.83,0.0,0.0,0,0,0,0,0,CONSISTENT
CASE-2885,100000.0,98570.23,101353.18,6,3000.0,3027.75,3019.72,2,1353.18,1.35,19.72,0.66,0,0,0,0,0,CONSISTENT
CASE-2886,60000.0,60653.17,60865.44,2,0.0,0.0,0.0,0,865.44,1.44,0.0,0.0,0,0,0,0,0,CONSISTENT
CASE-2887,100000.0,101780.75,99254.94,4,0.0,0.0,0.0,0,745.06,0.75,0.0,0.0,0,0,0,0,0,CONSISTENT
CASE-2888,60000.0,33424.59,33424.59,5,0.0,0.0,0.0,0,26575.41,44.29,0.0,0.0,0,0,0,0,0,SALARY_MISMATCH
CASE-2889,60000.0,59136.68,60927.75,6,0.0,0.0,0.0,0,927.75,1.55,0.0,0.0,0,0,0,0,0,CONSISTENT
CASE-2890,30000.0,30000.0,30000.0,5,8000.0,8000.0,8000.0,2,0.0,0.0,0.0,0.0,473,0,0,0,0,EMPLOYMENT_MISMATCH
CASE-2891,45000.0,45000.0,45000.0,5,5000.0,14674.06,14674.06,2,0.0,0.0,9674.06,193.48,0,0,0,0,0,EMI_MISMATCH
CASE-2892,45000.0,45000.0,45000.0,3,3000.0,3000.0,3000.0,2,0.0,0.0,0.0,0.0,272,0,0,0,0,EMPLOYMENT_MISMATCH
CASE-2893,150000.0,151804.7,149960.93,3,8000.0,7876.94,7980.14,4,39.07,0.03,19.86,0.25,1,0,0,0,0,CONSISTENT
CASE-2894,100000.0,70000.0,70000.0,4,20000.0,20000.0,28000.0,1,30000.0,30.0,8000.0,40.0,95,0,0,0,0,MULTIPLE_MISMATCH
CASE-2895,45000.0,45000.0,45000.0,3,0.0,0.0,0.0,0,0.0,0.0,0.0,0.0,249,0,0,0,0,EMPLOYMENT_MISMATCH
CASE-2896,60000.0,60000.0,60000.0,5,5000.0,5000.0,5000.0,2,0.0,0.0,0.0,0.0,0,2,2,0,2,DATA_QUALITY_ISSUE
CASE-2897,80000.0,80000.0,80000.0,3,5000.0,5000.0,5000.0,3,0.0,0.0,0.0,0.0,407,0,0,0,0,EMPLOYMENT_MISMATCH
CASE-2898,150000.0,150000.0,150000.0,2,3000.0,3000.0,0.0,0,0.0,0.0,3000.0,100.0,0,2,2,0,0,DATA_QUALITY_ISSUE
CASE-2899,45000.0,45000.0,45000.0,5,8000.0,8000.0,8000.0,3,0.0,0.0,0.0,0.0,196,0,0,0,0,EMPLOYMENT_MISMATCH
CASE-2900,150000.0,150000.0,150000.0,6,5000.0,5000.0,5000.0,1,0.0,0.0,0.0,0.0,320,0,0,0,0,EMPLOYMENT_MISMATCH
CASE-2901,150000.0,150347.4,148523.29,2,0.0,0.0,0.0,0,1476.71,0.98,0.0,0.0,0,0,0,0,0,CONSISTENT
CASE-2902,45000.0,44217.24,44881.59,3,20000.0,19708.18,19818.14,3,118.41,0.26,181.86,0.91,1,0,0,0,0,CONSISTENT
CASE-2903,60000.0,60499.23,60884.31,5,12000.0,11944.06,11910.44,2,884.31,1.47,89.56,0.75,1,0,0,0,0,CONSISTENT
CASE-2904,150000.0,210546.97,210546.97,2,5000.0,5000.0,5000.0,4,60546.97,40.36,0.0,0.0,0,0,0,0,0,SALARY_MISMATCH
CASE-2905,100000.0,100392.56,99745.0,2,8000.0,8153.87,7954.0,3,255.0,0.26,46.0,0.57,1,0,0,0,0,CONSISTENT
CASE-2906,45000.0,45000.0,45000.0,4,12000.0,21957.03,21957.03,1,0.0,0.0,9957.03,82.98,0,0,0,0,0,EMI_MISMATCH
CASE-2907,80000.0,80000.0,80000.0,3,3000.0,3000.0,3000.0,1,0.0,0.0,0.0,0.0,375,0,0,0,0,EMPLOYMENT_MISMATCH
CASE-2908,80000.0,80000.0,80000.0,6,12000.0,21091.35,21091.35,2,0.0,0.0,9091.35,75.76,0,0,0,0,0,EMI_MISMATCH
CASE-2909,45000.0,44858.14,45611.22,2,0.0,0.0,0.0,0,611.22,1.36,0.0,0.0,1,0,0,0,0,CONSISTENT
CASE-2910,100000.0,100000.0,100000.0,2,20000.0,33569.53,33569.53,2,0.0,0.0,13569.53,67.85,0,0,0,0,0,EMI_MISMATCH
CASE-2911,45000.0,31500.0,31500.0,3,20000.0,20000.0,28000.0,1,13500.0,30.0,8000.0,40.0,113,0,0,0,0,MULTIPLE_MISMATCH
CASE-2912,150000.0,150000.0,150000.0,4,20000.0,20000.0,20000.0,2,0.0,0.0,0.0,0.0,149,0,0,0,0,EMPLOYMENT_MISMATCH
CASE-2913,30000.0,29766.46,30510.65,4,12000.0,11940.34,12123.77,1,510.65,1.7,123.77,1.03,1,0,0,0,0,CONSISTENT
CASE-2914,100000.0,76011.53,76011.53,2,3000.0,3000.0,3000.0,3,23988.47,23.99,0.0,0.0,0,0,0,0,0,SALARY_MISMATCH
CASE-2915,150000.0,123320.15,123320.15,3,3000.0,3000.0,3000.0,3,26679.85,17.79,0.0,0.0,0,0,0,0,0,SALARY_MISMATCH
CASE-2916,100000.0,100000.0,100000.0,5,8000.0,18894.97,18894.97,4,0.0,0.0,10894.97,136.19,0,0,0,0,0,EMI_MISMATCH
CASE-2917,150000.0,189823.39,189823.39,3,8000.0,8000.0,8000.0,1,39823.39,26.55,0.0,0.0,0,0,0,0,0,SALARY_MISMATCH
CASE-2918,100000.0,100000.0,100000.0,5,3000.0,3000.0,3000.0,4,0.0,0.0,0.0,0.0,410,0,0,0,0,EMPLOYMENT_MISMATCH
CASE-2919,30000.0,30000.0,30000.0,2,20000.0,20000.0,0.0,0,0.0,0.0,20000.0,100.0,0,1,1,0,0,DATA_QUALITY_ISSUE
CASE-2920,45000.0,31500.0,31500.0,5,8000.0,8000.0,16000.0,2,13500.0,30.0,8000.0,100.0,169,0,0,0,0,MULTIPLE_MISMATCH
CASE-2921,60000.0,42000.0,42000.0,6,20000.0,20000.0,28000.0,3,18000.0,30.0,8000.0,40.0,165,0,0,0,0,MULTIPLE_MISMATCH
CASE-2922,45000.0,61720.83,61720.83,3,5000.0,5000.0,5000.0,4,16720.83,37.16,0.0,0.0,0,0,0,0,0,SALARY_MISMATCH
CASE-2923,60000.0,60000.0,60000.0,2,12000.0,19427.17,19427.17,2,0.0,0.0,7427.17,61.89,0,0,0,0,0,EMI_MISMATCH
CASE-2924,100000.0,100000.0,100000.0,5,3000.0,3000.0,3000.0,1,0.0,0.0,0.0,0.0,452,0,0,0,0,EMPLOYMENT_MISMATCH
CASE-2925,30000.0,29916.91,30177.74,5,12000.0,11934.86,11870.66,2,177.74,0.59,129.34,1.08,0,0,0,0,0,CONSISTENT
CASE-2926,100000.0,76680.54,76680.54,6,0.0,0.0,0.0,0,23319.46,23.32,0.0,0.0,0,0,0,0,0,SALARY_MISMATCH
CASE-2927,30000.0,29735.18,30517.69,5,0.0,0.0,0.0,0,517.69,1.73,0.0,0.0,1,0,0,0,0,CONSISTENT
CASE-2928,100000.0,100000.0,100000.0,6,3000.0,7760.82,7760.82,1,0.0,0.0,4760.82,158.69,0,0,0,0,0,EMI_MISMATCH
CASE-2929,45000.0,31500.0,31500.0,2,8000.0,8000.0,16000.0,3,13500.0,30.0,8000.0,100.0,180,0,0,0,0,MULTIPLE_MISMATCH
CASE-2930,100000.0,99732.3,100811.86,5,0.0,0.0,0.0,0,811.86,0.81,0.0,0.0,0,0,0,0,0,CONSISTENT
CASE-2931,100000.0,100904.42,99257.91,4,0.0,0.0,0.0,0,742.09,0.74,0.0,0.0,1,0,0,0,0,CONSISTENT
CASE-2932,80000.0,56000.0,56000.0,6,8000.0,8000.0,16000.0,2,24000.0,30.0,8000.0,100.0,121,0,0,0,0,MULTIPLE_MISMATCH
CASE-2933,100000.0,100168.82,101556.74,3,5000.0,5035.12,4949.94,2,1556.74,1.56,50.06,1.0,1,0,0,0,0,CONSISTENT
CASE-2934,80000.0,80000.0,80000.0,5,12000.0,23397.9,23397.9,4,0.0,0.0,11397.9,94.98,0,0,0,0,0,EMI_MISMATCH
CASE-2935,30000.0,30000.0,30000.0,3,3000.0,15385.35,15385.35,1,0.0,0.0,12385.35,412.84,0,0,0,0,0,EMI_MISMATCH
CASE-2936,30000.0,30558.17,29987.65,5,8000.0,7875.72,7986.75,1,12.35,0.04,13.25,0.17,0,0,0,0,0,CONSISTENT
CASE-2937,30000.0,30000.0,30000.0,3,5000.0,11210.77,11210.77,3,0.0,0.0,6210.77,124.22,0,0,0,0,0,EMI_MISMATCH
CASE-2938,150000.0,83371.87,83371.87,6,20000.0,20000.0,20000.0,3,66628.13,44.42,0.0,0.0,0,0,0,0,0,SALARY_MISMATCH
CASE-2939,30000.0,21000.0,21000.0,2,3000.0,3000.0,11000.0,2,9000.0,30.0,8000.0,266.67,141,0,0,0,0,MULTIPLE_MISMATCH
CASE-2940,60000.0,61034.71,59667.48,5,3000.0,2987.63,2960.89,1,332.52,0.55,39.11,1.3,0,0,0,0,0,CONSISTENT
CASE-2941,80000.0,48138.93,48138.93,2,12000.0,12000.0,12000.0,1,31861.07,39.83,0.0,0.0,0,0,0,0,0,SALARY_MISMATCH
CASE-2942,80000.0,56000.0,56000.0,4,12000.0,12000.0,20000.0,4,24000.0,30.0,8000.0,66.67,130,0,0,0,0,MULTIPLE_MISMATCH
CASE-2943,45000.0,60733.58,60733.58,3,3000.0,3000.0,3000.0,3,15733.58,34.96,0.0,0.0,0,0,0,0,0,SALARY_MISMATCH
CASE-2944,60000.0,60000.0,60000.0,2,0.0,0.0,0.0,0,0.0,0.0,0.0,0.0,266,0,0,0,0,EMPLOYMENT_MISMATCH
CASE-2945,45000.0,44314.92,45509.58,2,8000.0,7952.03,7911.8,1,509.58,1.13,88.2,1.1,1,0,0,0,0,CONSISTENT
CASE-2946,80000.0,52689.96,52689.96,5,3000.0,3000.0,3000.0,3,27310.04,34.14,0.0,0.0,0,0,0,0,0,SALARY_MISMATCH
CASE-2947,45000.0,45000.0,45000.0,3,0.0,0.0,0.0,0,0.0,0.0,0.0,0.0,233,0,0,0,0,EMPLOYMENT_MISMATCH
CASE-2948,45000.0,44966.3,44911.12,2,3000.0,2990.87,3001.11,1,88.88,0.2,1.11,0.04,0,0,0,0,0,CONSISTENT
CASE-2949,150000.0,150000.0,150000.0,2,3000.0,3000.0,3000.0,2,0.0,0.0,0.0,0.0,0,2,3,0,2,DATA_QUALITY_ISSUE
CASE-2950,30000.0,30000.0,0.0,0,12000.0,12000.0,0.0,0,30000.0,100.0,12000.0,100.0,0,2,1,0,1,DATA_QUALITY_ISSUE
CASE-2951,30000.0,16460.23,16460.23,3,12000.0,12000.0,12000.0,1,13539.77,45.13,0.0,0.0,0,0,0,0,0,SALARY_MISMATCH
CASE-2952,100000.0,70000.0,70000.0,3,0.0,0.0,8000.0,0,30000.0,30.0,8000.0,100.0,90,0,0,0,0,MULTIPLE_MISMATCH
CASE-2953,100000.0,98338.57,98185.98,2,3000.0,2953.31,2981.24,4,1814.02,1.81,18.76,0.63,0,0,0,0,0,CONSISTENT
CASE-2954,100000.0,100000.0,100000.0,2,20000.0,25588.98,25588.98,1,0.0,0.0,5588.98,27.94,0,0,0,0,0,EMI_MISMATCH
CASE-2955,60000.0,85411.3,85411.3,4,8000.0,8000.0,8000.0,2,25411.3,42.35,0.0,0.0,0,0,0,0,0,SALARY_MISMATCH
CASE-2956,30000.0,30500.91,30215.8,3,12000.0,12149.29,11812.31,2,215.8,0.72,187.69,1.56,0,0,0,0,0,CONSISTENT
CASE-2957,100000.0,100040.28,98976.92,6,5000.0,4967.02,5072.61,2,1023.08,1.02,72.61,1.45,1,0,0,0,0,CONSISTENT
CASE-2958,100000.0,146491.59,146491.59,2,12000.0,12000.0,12000.0,1,46491.59,46.49,0.0,0.0,0,0,0,0,0,SALARY_MISMATCH
CASE-2959,30000.0,30447.36,30356.39,4,12000.0,12007.19,11822.75,4,356.39,1.19,177.25,1.48,0,0,0,0,0,CONSISTENT
CASE-2960,100000.0,101799.82,101222.55,6,0.0,0.0,0.0,0,1222.55,1.22,0.0,0.0,0,0,0,0,0,CONSISTENT
CASE-2961,60000.0,43619.72,43619.72,2,0.0,0.0,0.0,0,16380.28,27.3,0.0,0.0,0,0,0,0,0,SALARY_MISMATCH
CASE-2962,60000.0,59725.72,60968.54,3,20000.0,19791.19,19765.21,2,968.54,1.61,234.79,1.17,0,0,0,0,0,CONSISTENT
CASE-2963,60000.0,60000.0,60000.0,3,20000.0,20000.0,20000.0,2,0.0,0.0,0.0,0.0,0,1,1,0,1,DATA_QUALITY_ISSUE
CASE-2964,150000.0,150000.0,150000.0,3,20000.0,20000.0,20000.0,1,0.0,0.0,0.0,0.0,142,0,0,0,0,EMPLOYMENT_MISMATCH
CASE-2965,30000.0,24815.48,24815.48,2,0.0,0.0,0.0,0,5184.52,17.28,0.0,0.0,0,0,0,0,0,SALARY_MISMATCH
CASE-2966,150000.0,149750.26,148662.27,3,12000.0,11982.75,11976.01,2,1337.73,0.89,23.99,0.2,0,0,0,0,0,CONSISTENT
CASE-2967,45000.0,45000.0,45000.0,5,5000.0,16089.31,16089.31,1,0.0,0.0,11089.31,221.79,0,0,0,0,0,EMI_MISMATCH
CASE-2968,100000.0,100777.59,101072.35,4,8000.0,8107.52,7879.27,3,1072.35,1.07,120.73,1.51,0,0,0,0,0,CONSISTENT
CASE-2969,60000.0,42000.0,42000.0,6,20000.0,20000.0,28000.0,2,18000.0,30.0,8000.0,40.0,153,0,0,0,0,MULTIPLE_MISMATCH
CASE-2970,45000.0,45321.05,44615.14,5,8000.0,7920.69,7962.01,4,384.86,0.86,37.99,0.47,0,0,0,0,0,CONSISTENT
CASE-2971,45000.0,65762.68,65762.68,3,12000.0,12000.0,12000.0,2,20762.68,46.14,0.0,0.0,0,0,0,0,0,SALARY_MISMATCH
CASE-2972,30000.0,30000.0,30000.0,4,3000.0,10927.02,10927.02,2,0.0,0.0,7927.02,264.23,0,0,0,0,0,EMI_MISMATCH
CASE-2973,80000.0,80000.0,80000.0,2,8000.0,8000.0,8000.0,4,0.0,0.0,0.0,0.0,364,0,0,0,0,EMPLOYMENT_MISMATCH
CASE-2974,80000.0,117586.3,117586.3,4,5000.0,5000.0,5000.0,1,37586.3,46.98,0.0,0.0,0,0,0,0,0,SALARY_MISMATCH
CASE-2975,80000.0,79377.31,80626.57,5,3000.0,3054.13,2949.24,2,626.57,0.78,50.76,1.69,0,0,0,0,0,CONSISTENT
CASE-2976,100000.0,100992.58,101968.99,4,0.0,0.0,0.0,0,1968.99,1.97,0.0,0.0,0,0,0,0,0,CONSISTENT
CASE-2977,45000.0,35536.09,35536.09,2,20000.0,20000.0,20000.0,1,9463.91,21.03,0.0,0.0,0,0,0,0,0,SALARY_MISMATCH
CASE-2978,60000.0,59674.28,58992.76,5,3000.0,3046.44,2963.8,3,1007.24,1.68,36.2,1.21,1,0,0,0,0,CONSISTENT
CASE-2979,100000.0,100000.0,100000.0,2,12000.0,12000.0,12000.0,2,0.0,0.0,0.0,0.0,158,0,0,0,0,EMPLOYMENT_MISMATCH
CASE-2980,150000.0,150000.0,150000.0,2,3000.0,3000.0,3000.0,3,0.0,0.0,0.0,0.0,353,0,0,0,0,EMPLOYMENT_MISMATCH
CASE-2981,30000.0,30000.0,30000.0,5,20000.0,20000.0,20000.0,2,0.0,0.0,0.0,0.0,200,0,0,0,0,EMPLOYMENT_MISMATCH
CASE-2982,30000.0,30000.0,30000.0,3,12000.0,21419.67,21419.67,3,0.0,0.0,9419.67,78.5,0,0,0,0,0,EMI_MISMATCH
CASE-2983,45000.0,45000.0,45000.0,5,8000.0,8000.0,8000.0,1,0.0,0.0,0.0,0.0,201,0,0,0,0,EMPLOYMENT_MISMATCH
CASE-2984,100000.0,101708.7,101605.55,2,5000.0,4917.98,4926.39,4,1605.55,1.61,73.61,1.47,1,0,0,0,0,CONSISTENT
CASE-2985,150000.0,109357.0,109357.0,6,3000.0,3000.0,3000.0,2,40643.0,27.1,0.0,0.0,0,0,0,0,0,SALARY_MISMATCH
CASE-2986,45000.0,45809.09,45894.12,2,12000.0,11940.12,12047.53,2,894.12,1.99,47.53,0.4,0,0,0,0,0,CONSISTENT
CASE-2987,30000.0,21000.0,21000.0,6,8000.0,8000.0,16000.0,1,9000.0,30.0,8000.0,100.0,94,0,0,0,0,MULTIPLE_MISMATCH
CASE-2988,60000.0,60000.0,60000.0,3,0.0,5493.46,5493.46,0,0.0,0.0,5493.46,100.0,0,0,0,0,0,EMI_MISMATCH
CASE-2989,45000.0,45000.0,45000.0,5,3000.0,11742.0,11742.0,2,0.0,0.0,8742.0,291.4,0,0,0,0,0,EMI_MISMATCH
CASE-2990,80000.0,80000.0,80000.0,6,3000.0,3000.0,3000.0,1,0.0,0.0,0.0,0.0,60,0,0,0,0,EMPLOYMENT_MISMATCH
CASE-2991,80000.0,80000.0,80000.0,3,5000.0,5000.0,5000.0,3,0.0,0.0,0.0,0.0,285,0,0,0,0,EMPLOYMENT_MISMATCH
CASE-2992,80000.0,81516.59,79018.82,4,3000.0,3038.66,3007.42,2,981.18,1.23,7.42,0.25,0,0,0,0,0,CONSISTENT
CASE-2993,60000.0,59992.03,59777.65,5,3000.0,3023.87,3048.5,2,222.35,0.37,48.5,1.62,0,0,0,0,0,CONSISTENT
CASE-2994,100000.0,100000.0,100000.0,3,3000.0,3000.0,3000.0,4,0.0,0.0,0.0,0.0,408,0,0,0,0,EMPLOYMENT_MISMATCH
CASE-2995,30000.0,21000.0,21000.0,4,12000.0,12000.0,20000.0,2,9000.0,30.0,8000.0,66.67,86,0,0,0,0,MULTIPLE_MISMATCH
CASE-2996,60000.0,59851.19,59537.91,4,8000.0,8155.18,8100.5,1,462.09,0.77,100.5,1.26,1,0,0,0,0,CONSISTENT
CASE-2997,150000.0,147363.38,152320.92,4,3000.0,3025.83,2944.4,1,2320.92,1.55,55.6,1.85,0,0,0,0,0,CONSISTENT
CASE-2998,100000.0,135408.51,135408.51,4,0.0,0.0,0.0,0,35408.51,35.41,0.0,0.0,0,0,0,0,0,SALARY_MISMATCH
CASE-2999,45000.0,45000.0,0.0,0,20000.0,20000.0,0.0,0,45000.0,100.0,20000.0,100.0,0,1,3,0,2,DATA_QUALITY_ISSUE
CASE-3000,150000.0,105000.0,105000.0,5,3000.0,3000.0,11000.0,3,45000.0,30.0,8000.0,266.67,61,0,0,0,0,MULTIPLE_MISMATCH
